iata,month,sched_departures,cancelled,dep_delayed_15,dep_delay_min_total,taxi_out_total,taxi_out_n,sched_arrivals,arr_delayed_15,arr_reported,taxi_in_total,taxi_in_n,nas_delay_min,weather_delay_min
ABE,2025-08,272.0,1.0,49.0,6206.0,3513.0,271.0,272,74.0,271,1384.0,271,434.0,1831.0
ABE,2025-09,243.0,1.0,20.0,1671.0,3404.0,242.0,243,35.0,243,1260.0,243,392.0,310.0
ABE,2025-10,281.0,0.0,31.0,1949.0,3976.0,281.0,281,47.0,281,1444.0,281,377.0,281.0
ABE,2025-11,257.0,0.0,41.0,2663.0,3680.0,257.0,257,46.0,257,1255.0,257,681.0,280.0
ABE,2025-12,287.0,8.0,66.0,6935.0,4846.0,279.0,287,80.0,279,1482.0,279,578.0,1895.0
ABE,2026-01,260.0,18.0,55.0,7998.0,4660.0,242.0,261,68.0,243,1324.0,244,560.0,877.0
ABE,2026-02,240.0,9.0,48.0,7264.0,4155.0,231.0,238,55.0,229,1155.0,229,1572.0,1318.0
ABE,2026-03,268.0,10.0,52.0,5723.0,3825.0,258.0,268,64.0,258,1284.0,259,683.0,484.0
ABE,2026-04,221.0,0.0,40.0,3723.0,2983.0,221.0,222,58.0,222,1131.0,222,677.0,139.0
ABE,2026-05,294.0,4.0,56.0,7948.0,4016.0,290.0,293,76.0,290,1663.0,290,1238.0,200.0
ABE,2026-06,361.0,9.0,75.0,8883.0,4683.0,352.0,362,92.0,355,2122.0,355,1041.0,2176.0
ABE,2026-07,391.0,8.0,101.0,14224.0,5607.0,383.0,391,116.0,381,2353.0,382,2072.0,1855.0
ABI,2025-08,151.0,2.0,26.0,1792.0,1960.0,149.0,151,40.0,149,637.0,149,402.0,222.0
ABI,2025-09,145.0,2.0,29.0,2107.0,1711.0,143.0,145,35.0,143,690.0,143,409.0,45.0
ABI,2025-10,150.0,3.0,27.0,1707.0,1847.0,147.0,150,31.0,147,692.0,147,328.0,228.0
ABI,2025-11,142.0,6.0,24.0,1715.0,1946.0,136.0,142,23.0,136,593.0,136,419.0,90.0
ABI,2025-12,148.0,0.0,27.0,1882.0,1942.0,148.0,148,27.0,148,629.0,148,42.0,61.0
ABI,2026-01,148.0,14.0,17.0,1366.0,1857.0,134.0,148,18.0,135,584.0,135,67.0,67.0
ABI,2026-02,124.0,1.0,13.0,715.0,1448.0,123.0,124,15.0,123,562.0,123,91.0,0.0
ABI,2026-03,195.0,1.0,32.0,3042.0,2693.0,194.0,195,24.0,194,923.0,194,79.0,114.0
ABI,2026-04,236.0,1.0,36.0,3623.0,3160.0,235.0,236,42.0,235,1168.0,235,219.0,523.0
ABI,2026-05,244.0,4.0,41.0,3509.0,3027.0,240.0,244,41.0,239,1350.0,239,310.0,34.0
ABI,2026-06,261.0,4.0,48.0,5423.0,3279.0,257.0,262,45.0,256,1332.0,258,607.0,441.0
ABI,2026-07,274.0,0.0,48.0,5287.0,3008.0,274.0,274,52.0,274,1471.0,274,807.0,247.0
ABQ,2025-08,2156.0,21.0,335.0,27148.0,29995.0,2135.0,2154,449.0,2137,13129.0,2138,2842.0,1311.0
ABQ,2025-09,2049.0,10.0,314.0,25504.0,27878.0,2039.0,2049,394.0,2040,13018.0,2040,3201.0,1040.0
ABQ,2025-10,2383.0,9.0,428.0,32664.0,32185.0,2374.0,2381,453.0,2371,14496.0,2371,2459.0,586.0
ABQ,2025-11,2020.0,33.0,311.0,21833.0,29074.0,1987.0,2020,333.0,1991,11439.0,1991,1799.0,909.0
ABQ,2025-12,2054.0,9.0,391.0,29114.0,30160.0,2045.0,2055,460.0,2046,12222.0,2048,2024.0,577.0
ABQ,2026-01,1759.0,40.0,219.0,17886.0,27724.0,1719.0,1755,276.0,1714,9807.0,1714,2188.0,578.0
ABQ,2026-02,1679.0,11.0,229.0,15901.0,24596.0,1668.0,1680,266.0,1671,9357.0,1675,1824.0,383.0
ABQ,2026-03,2011.0,21.0,361.0,25728.0,29353.0,1990.0,2013,413.0,1991,11422.0,1991,2087.0,1082.0
ABQ,2026-04,1969.0,11.0,319.0,22392.0,30429.0,1958.0,1972,435.0,1961,11540.0,1966,2926.0,1670.0
ABQ,2026-05,2151.0,14.0,448.0,31945.0,32683.0,2137.0,2153,517.0,2127,12871.0,2135,2384.0,1418.0
ABQ,2026-06,2163.0,23.0,540.0,37999.0,31555.0,2140.0,2162,624.0,2140,13703.0,2142,3037.0,2239.0
ABQ,2026-07,2227.0,16.0,530.0,43835.0,31306.0,2211.0,2227,608.0,2207,14335.0,2210,3667.0,1624.0
ABR,2025-08,62.0,0.0,5.0,1421.0,692.0,62.0,62,4.0,61,234.0,62,26.0,16.0
ABR,2025-09,60.0,0.0,5.0,764.0,731.0,60.0,60,3.0,60,218.0,60,1.0,34.0
ABR,2025-10,77.0,0.0,2.0,279.0,754.0,77.0,77,4.0,77,321.0,77,2.0,284.0
ABR,2025-11,73.0,3.0,4.0,964.0,1005.0,70.0,73,5.0,70,315.0,70,112.0,655.0
ABR,2025-12,59.0,2.0,15.0,2914.0,1136.0,57.0,59,19.0,58,233.0,58,175.0,646.0
ABR,2026-01,61.0,2.0,11.0,1464.0,976.0,59.0,61,12.0,59,227.0,59,160.0,393.0
ABR,2026-02,56.0,1.0,9.0,1965.0,997.0,55.0,56,11.0,55,206.0,55,75.0,40.0
ABR,2026-03,62.0,2.0,8.0,851.0,957.0,60.0,62,11.0,58,260.0,59,9.0,244.0
ABR,2026-04,60.0,1.0,10.0,1142.0,1089.0,59.0,60,7.0,59,243.0,59,64.0,205.0
ABR,2026-05,62.0,0.0,0.0,3.0,897.0,62.0,62,6.0,62,253.0,62,42.0,842.0
ABR,2026-06,60.0,0.0,8.0,1627.0,854.0,60.0,60,4.0,60,245.0,60,99.0,0.0
ABR,2026-07,62.0,0.0,8.0,1907.0,905.0,62.0,62,8.0,61,276.0,62,13.0,58.0
ABY,2025-08,87.0,1.0,24.0,2048.0,1640.0,86.0,87,28.0,86,348.0,86,276.0,1125.0
ABY,2025-09,46.0,0.0,6.0,751.0,756.0,46.0,45,4.0,45,164.0,45,0.0,0.0
ABY,2025-10,77.0,0.0,7.0,1008.0,1234.0,77.0,78,11.0,78,307.0,78,22.0,28.0
ABY,2025-11,62.0,4.0,3.0,430.0,859.0,58.0,62,7.0,58,238.0,58,60.0,0.0
ABY,2025-12,36.0,1.0,10.0,1251.0,585.0,35.0,35,13.0,34,131.0,34,86.0,972.0
ACK,2025-08,481.0,6.0,71.0,4592.0,8961.0,475.0,481,55.0,480,3846.0,480,737.0,22.0
ACK,2025-09,177.0,2.0,45.0,3194.0,3451.0,175.0,177,30.0,177,1039.0,177,196.0,93.0
ACK,2025-10,71.0,3.0,21.0,1892.0,1250.0,68.0,71,15.0,67,402.0,68,316.0,173.0
ACK,2026-05,59.0,0.0,13.0,841.0,1221.0,59.0,59,16.0,59,399.0,59,250.0,179.0
ACK,2026-06,356.0,10.0,83.0,6940.0,7097.0,346.0,356,67.0,349,3147.0,352,992.0,451.0
ACK,2026-07,546.0,69.0,136.0,16183.0,10562.0,477.0,546,123.0,484,5112.0,486,1735.0,431.0
ACT,2025-08,95.0,3.0,25.0,2036.0,1354.0,92.0,95,29.0,93,379.0,93,187.0,352.0
ACT,2025-09,90.0,1.0,15.0,1455.0,1288.0,89.0,90,17.0,89,391.0,89,231.0,101.0
ACT,2025-10,92.0,1.0,18.0,1811.0,1413.0,91.0,92,16.0,91,391.0,91,59.0,67.0
ACT,2025-11,87.0,12.0,13.0,1716.0,1301.0,75.0,87,18.0,75,304.0,75,100.0,593.0
ACT,2025-12,91.0,0.0,12.0,1599.0,1352.0,91.0,91,15.0,91,410.0,91,67.0,26.0
ACT,2026-01,93.0,11.0,9.0,1079.0,1113.0,82.0,93,14.0,82,342.0,82,30.0,0.0
ACT,2026-02,69.0,0.0,12.0,1034.0,900.0,69.0,69,11.0,69,281.0,69,13.0,85.0
ACT,2026-03,93.0,5.0,10.0,680.0,1056.0,88.0,93,16.0,90,367.0,90,62.0,16.0
ACT,2026-04,89.0,2.0,3.0,387.0,1098.0,87.0,89,9.0,87,348.0,87,51.0,319.0
ACT,2026-05,93.0,4.0,12.0,745.0,1108.0,89.0,93,17.0,88,351.0,88,45.0,181.0
ACT,2026-06,90.0,5.0,21.0,2193.0,1060.0,85.0,90,22.0,85,351.0,85,229.0,229.0
ACT,2026-07,92.0,0.0,16.0,1638.0,1172.0,92.0,92,15.0,92,386.0,92,148.0,145.0
ACV,2025-08,187.0,5.0,31.0,4744.0,3106.0,182.0,186,32.0,172,1120.0,181,167.0,831.0
ACV,2025-09,157.0,0.0,22.0,4907.0,3626.0,157.0,157,20.0,152,1073.0,157,189.0,2491.0
ACV,2025-10,184.0,0.0,24.0,4516.0,3950.0,184.0,184,29.0,181,1172.0,184,668.0,40.0
ACV,2025-11,178.0,6.0,31.0,2712.0,3992.0,172.0,179,25.0,170,1042.0,173,766.0,0.0
ACV,2025-12,180.0,6.0,37.0,3203.0,3681.0,174.0,179,42.0,169,1218.0,173,790.0,870.0
ACV,2026-01,160.0,3.0,21.0,3249.0,2441.0,157.0,160,30.0,154,959.0,157,303.0,309.0
ACV,2026-02,136.0,0.0,28.0,4808.0,2500.0,136.0,137,37.0,136,980.0,137,736.0,571.0
ACV,2026-03,148.0,2.0,20.0,1862.0,2114.0,146.0,148,24.0,145,970.0,146,88.0,0.0
ACV,2026-04,194.0,4.0,54.0,4205.0,4150.0,190.0,194,44.0,191,1552.0,192,701.0,0.0
ACV,2026-05,216.0,3.0,57.0,4597.0,4223.0,213.0,217,42.0,209,1725.0,214,1100.0,107.0
ACV,2026-06,225.0,21.0,74.0,6756.0,3991.0,204.0,225,68.0,199,1765.0,205,1834.0,1500.0
ACV,2026-07,235.0,2.0,78.0,5609.0,4649.0,233.0,234,77.0,231,1673.0,232,1868.0,1396.0
ACY,2025-08,346.0,3.0,65.0,5720.0,3997.0,343.0,346,74.0,341,1556.0,342,2128.0,471.0
ACY,2025-09,282.0,0.0,29.0,1934.0,3201.0,282.0,282,26.0,282,1241.0,282,369.0,25.0
ACY,2025-10,217.0,0.0,34.0,2424.0,2452.0,217.0,221,36.0,220,1026.0,220,1463.0,219.0
ACY,2025-11,190.0,4.0,28.0,1639.0,2207.0,186.0,190,37.0,186,890.0,186,1201.0,0.0
ACY,2025-12,176.0,4.0,50.0,4267.0,2259.0,172.0,175,64.0,172,946.0,172,1241.0,19.0
ACY,2026-01,210.0,17.0,52.0,5188.0,2390.0,193.0,212,68.0,196,1063.0,196,1063.0,16.0
ACY,2026-02,233.0,35.0,53.0,4462.0,2561.0,198.0,233,69.0,191,947.0,192,1625.0,441.0
ACY,2026-03,230.0,35.0,64.0,5238.0,2487.0,195.0,228,97.0,196,980.0,197,2091.0,180.0
ACY,2026-04,219.0,5.0,46.0,3529.0,2579.0,214.0,220,75.0,215,1015.0,215,1095.0,16.0
ACY,2026-05,59.0,0.0,25.0,3618.0,759.0,59.0,59,19.0,56,348.0,57,242.0,54.0
ACY,2026-06,54.0,0.0,39.0,5316.0,802.0,54.0,54,25.0,54,332.0,54,297.0,0.0
ACY,2026-07,55.0,1.0,34.0,5154.0,838.0,54.0,55,28.0,54,330.0,54,393.0,252.0
ADK,2025-08,9.0,2.0,4.0,136.0,84.0,7.0,9,0.0,7,40.0,7,0.0,0.0
ADK,2025-09,8.0,2.0,2.0,271.0,68.0,6.0,8,2.0,6,33.0,6,0.0,0.0
ADK,2025-10,9.0,0.0,1.0,50.0,88.0,9.0,9,0.0,9,61.0,9,0.0,0.0
ADK,2025-11,9.0,0.0,1.0,26.0,136.0,9.0,9,1.0,9,55.0,9,0.0,0.0
ADK,2025-12,9.0,0.0,1.0,57.0,137.0,9.0,9,1.0,9,53.0,9,26.0,0.0
ADK,2026-01,9.0,1.0,1.0,23.0,50.0,8.0,9,0.0,8,58.0,8,0.0,0.0
ADK,2026-02,8.0,0.0,1.0,20.0,48.0,8.0,8,3.0,8,43.0,8,27.0,0.0
ADK,2026-03,8.0,0.0,1.0,44.0,47.0,8.0,8,1.0,8,37.0,8,0.0,0.0
ADK,2026-04,9.0,0.0,2.0,173.0,54.0,9.0,9,2.0,9,40.0,9,39.0,0.0
ADK,2026-05,9.0,0.0,2.0,239.0,52.0,9.0,9,1.0,9,49.0,9,0.0,0.0
ADK,2026-06,8.0,0.0,1.0,33.0,68.0,8.0,8,0.0,8,41.0,8,0.0,0.0
ADK,2026-07,9.0,0.0,1.0,42.0,67.0,9.0,9,0.0,9,47.0,9,0.0,0.0
ADQ,2025-08,93.0,2.0,22.0,1192.0,800.0,91.0,93,15.0,89,379.0,89,122.0,82.0
ADQ,2025-09,90.0,1.0,11.0,373.0,804.0,89.0,90,10.0,89,392.0,89,39.0,0.0
ADQ,2025-10,65.0,3.0,14.0,1172.0,570.0,62.0,65,14.0,62,228.0,62,64.0,125.0
ADQ,2025-11,57.0,2.0,12.0,622.0,536.0,55.0,58,5.0,56,188.0,56,57.0,37.0
ADQ,2025-12,61.0,9.0,13.0,588.0,535.0,52.0,59,8.0,50,156.0,50,8.0,0.0
ADQ,2026-01,59.0,9.0,21.0,3011.0,386.0,50.0,60,12.0,49,223.0,50,164.0,51.0
ADQ,2026-02,56.0,3.0,12.0,624.0,336.0,53.0,56,9.0,52,178.0,52,28.0,49.0
ADQ,2026-03,62.0,3.0,11.0,680.0,406.0,59.0,62,17.0,60,185.0,60,33.0,211.0
ADQ,2026-04,60.0,1.0,10.0,623.0,304.0,59.0,60,4.0,58,171.0,58,0.0,0.0
ADQ,2026-05,81.0,0.0,11.0,1121.0,461.0,81.0,81,4.0,80,298.0,80,15.0,0.0
ADQ,2026-06,90.0,1.0,6.0,281.0,511.0,89.0,90,9.0,89,315.0,89,19.0,130.0
ADQ,2026-07,92.0,1.0,16.0,737.0,431.0,91.0,92,15.0,91,290.0,91,0.0,34.0
AEX,2025-08,93.0,8.0,20.0,1697.0,1396.0,85.0,93,22.0,86,366.0,86,160.0,582.0
AEX,2025-09,90.0,2.0,14.0,1823.0,1493.0,88.0,90,14.0,88,336.0,88,239.0,93.0
AEX,2025-10,92.0,2.0,16.0,1228.0,1277.0,90.0,92,14.0,89,351.0,90,143.0,341.0
AEX,2025-11,87.0,7.0,12.0,699.0,1286.0,80.0,87,9.0,80,275.0,80,205.0,238.0
AEX,2025-12,91.0,1.0,20.0,1129.0,1441.0,90.0,91,17.0,90,357.0,91,71.0,225.0
AEX,2026-01,67.0,5.0,6.0,385.0,1110.0,62.0,67,8.0,62,244.0,62,46.0,16.0
AEX,2026-02,70.0,0.0,9.0,704.0,887.0,70.0,70,4.0,70,276.0,70,23.0,0.0
AEX,2026-03,92.0,3.0,14.0,822.0,1339.0,89.0,92,19.0,89,300.0,89,375.0,40.0
AEX,2026-04,90.0,2.0,11.0,789.0,1516.0,88.0,90,16.0,88,305.0,88,81.0,101.0
AEX,2026-05,112.0,4.0,18.0,1860.0,1852.0,108.0,113,16.0,108,460.0,108,217.0,72.0
AEX,2026-06,150.0,7.0,20.0,2722.0,2611.0,143.0,150,24.0,142,495.0,143,344.0,416.0
AEX,2026-07,154.0,1.0,21.0,1577.0,2642.0,153.0,154,28.0,153,644.0,153,436.0,169.0
AGS,2025-08,141.0,1.0,28.0,3326.0,2068.0,140.0,141,31.0,140,851.0,140,553.0,839.0
AGS,2025-09,139.0,2.0,20.0,1333.0,2002.0,137.0,139,25.0,138,695.0,138,268.0,27.0
AGS,2025-10,146.0,2.0,25.0,1902.0,2538.0,144.0,146,30.0,143,745.0,143,160.0,1014.0
AGS,2025-11,232.0,6.0,47.0,5548.0,3957.0,226.0,234,49.0,223,1111.0,224,626.0,1019.0
AGS,2025-12,222.0,5.0,54.0,6044.0,4043.0,217.0,220,62.0,216,1072.0,216,344.0,499.0
AGS,2026-01,161.0,15.0,24.0,1865.0,2427.0,146.0,162,34.0,145,738.0,145,129.0,59.0
AGS,2026-02,112.0,7.0,21.0,2179.0,2025.0,105.0,111,31.0,104,510.0,105,230.0,69.0
AGS,2026-03,93.0,11.0,19.0,3140.0,1635.0,82.0,93,33.0,81,485.0,82,345.0,0.0
AGS,2026-04,258.0,2.0,90.0,6122.0,4905.0,256.0,258,102.0,258,2092.0,258,2327.0,348.0
AGS,2026-05,94.0,6.0,13.0,1231.0,1765.0,88.0,94,18.0,87,657.0,87,189.0,0.0
AGS,2026-06,111.0,7.0,27.0,2702.0,1849.0,104.0,111,34.0,106,548.0,106,790.0,382.0
AGS,2026-07,118.0,1.0,31.0,2905.0,2083.0,117.0,118,42.0,112,630.0,112,212.0,52.0
AKN,2025-08,37.0,0.0,2.0,56.0,382.0,37.0,37,2.0,37,157.0,37,3.0,0.0
AKN,2025-09,30.0,0.0,0.0,10.0,278.0,30.0,30,1.0,30,103.0,30,0.0,0.0
AKN,2025-10,3.0,0.0,0.0,8.0,15.0,3.0,3,0.0,3,9.0,3,0.0,0.0
AKN,2026-05,19.0,0.0,2.0,94.0,82.0,19.0,19,2.0,19,77.0,19,16.0,0.0
AKN,2026-06,36.0,0.0,6.0,266.0,191.0,36.0,36,8.0,35,145.0,36,1.0,0.0
AKN,2026-07,46.0,0.0,1.0,89.0,272.0,46.0,46,2.0,46,208.0,46,6.0,0.0
ALB,2025-08,1130.0,14.0,212.0,20224.0,15341.0,1116.0,1130,292.0,1117,5518.0,1119,2413.0,1202.0
ALB,2025-09,989.0,4.0,119.0,9815.0,12430.0,985.0,988,158.0,983,4493.0,985,1094.0,253.0
ALB,2025-10,1135.0,2.0,177.0,11740.0,15413.0,1133.0,1137,258.0,1134,5636.0,1136,2100.0,545.0
ALB,2025-11,1096.0,28.0,190.0,16498.0,18314.0,1068.0,1096,230.0,1067,5132.0,1068,2290.0,955.0
ALB,2025-12,1077.0,28.0,293.0,32201.0,20353.0,1049.0,1075,363.0,1052,6228.0,1053,3644.0,1492.0
ALB,2026-01,910.0,55.0,155.0,16936.0,16962.0,855.0,911,209.0,857,4421.0,859,1886.0,1932.0
ALB,2026-02,961.0,19.0,204.0,16377.0,18661.0,942.0,961,265.0,942,5096.0,943,2477.0,2155.0
ALB,2026-03,1050.0,32.0,226.0,26165.0,16671.0,1018.0,1051,308.0,1012,5422.0,1014,2788.0,2207.0
ALB,2026-04,1141.0,13.0,164.0,12407.0,16152.0,1128.0,1141,227.0,1130,4977.0,1130,1765.0,886.0
ALB,2026-05,1186.0,9.0,172.0,13859.0,15467.0,1177.0,1186,235.0,1178,5371.0,1178,1963.0,729.0
ALB,2026-06,1096.0,24.0,232.0,22239.0,15235.0,1072.0,1095,278.0,1067,5603.0,1067,2310.0,1056.0
ALB,2026-07,1149.0,37.0,324.0,32377.0,16936.0,1113.0,1150,379.0,1116,6632.0,1117,3805.0,2962.0
ALO,2025-08,55.0,0.0,6.0,273.0,1084.0,55.0,55,9.0,55,227.0,55,36.0,145.0
ALO,2025-09,52.0,0.0,8.0,613.0,970.0,52.0,52,10.0,52,227.0,52,31.0,0.0
ALO,2025-10,61.0,0.0,6.0,573.0,1193.0,61.0,61,9.0,61,297.0,61,84.0,72.0
ALO,2025-11,54.0,3.0,9.0,1315.0,1018.0,51.0,54,10.0,50,239.0,51,31.0,87.0
ALO,2025-12,56.0,5.0,18.0,1358.0,1206.0,51.0,56,21.0,51,327.0,51,647.0,351.0
ALO,2026-01,54.0,0.0,16.0,2353.0,1289.0,54.0,54,21.0,54,241.0,54,457.0,754.0
ALO,2026-02,48.0,0.0,6.0,1401.0,1188.0,48.0,48,7.0,47,231.0,48,115.0,12.0
ALO,2026-03,53.0,3.0,15.0,2694.0,958.0,50.0,53,17.0,49,224.0,49,117.0,126.0
ALO,2026-04,59.0,3.0,10.0,1604.0,844.0,56.0,59,23.0,56,322.0,56,282.0,204.0
ALO,2026-05,59.0,0.0,9.0,1269.0,787.0,59.0,59,10.0,58,280.0,59,70.0,50.0
ALO,2026-06,51.0,6.0,14.0,2006.0,947.0,45.0,51,14.0,45,238.0,45,209.0,561.0
ALO,2026-07,54.0,4.0,11.0,1402.0,1124.0,50.0,54,15.0,48,281.0,48,88.0,148.0
AMA,2025-08,436.0,6.0,80.0,8056.0,6230.0,430.0,436,95.0,428,2253.0,432,905.0,369.0
AMA,2025-09,415.0,3.0,63.0,4788.0,5995.0,412.0,415,68.0,410,2303.0,412,926.0,236.0
AMA,2025-10,454.0,1.0,58.0,5453.0,6772.0,453.0,454,71.0,452,2306.0,452,625.0,381.0
AMA,2025-11,431.0,16.0,70.0,6349.0,6787.0,415.0,431,75.0,413,2147.0,415,783.0,644.0
AMA,2025-12,411.0,0.0,44.0,6890.0,6418.0,411.0,411,56.0,410,1975.0,411,571.0,251.0
AMA,2026-01,394.0,29.0,34.0,2822.0,6109.0,365.0,394,50.0,369,1862.0,369,318.0,556.0
AMA,2026-02,371.0,2.0,47.0,2823.0,5389.0,369.0,371,46.0,369,1770.0,369,349.0,75.0
AMA,2026-03,428.0,7.0,65.0,5855.0,6074.0,421.0,429,78.0,422,2075.0,423,453.0,609.0
AMA,2026-04,386.0,2.0,58.0,4932.0,5686.0,384.0,385,85.0,382,1882.0,382,312.0,376.0
AMA,2026-05,419.0,7.0,85.0,6085.0,5750.0,412.0,420,115.0,413,2144.0,413,1004.0,633.0
AMA,2026-06,423.0,9.0,89.0,8531.0,5804.0,414.0,423,140.0,412,2177.0,412,990.0,1212.0
AMA,2026-07,437.0,2.0,86.0,7705.0,6133.0,435.0,437,121.0,434,2347.0,434,987.0,691.0
ANC,2025-08,2228.0,23.0,431.0,28050.0,33858.0,2207.0,2228,534.0,2199,16202.0,2202,5123.0,1667.0
ANC,2025-09,1726.0,6.0,180.0,14097.0,23558.0,1720.0,1725,211.0,1712,10782.0,1712,1671.0,75.0
ANC,2025-10,1448.0,23.0,179.0,13956.0,21242.0,1428.0,1444,286.0,1417,8155.0,1418,2745.0,560.0
ANC,2025-11,1321.0,19.0,149.0,11015.0,26274.0,1303.0,1319,212.0,1299,8005.0,1300,2034.0,434.0
ANC,2025-12,1316.0,34.0,337.0,27246.0,22683.0,1290.0,1323,518.0,1270,9836.0,1278,7714.0,1141.0
ANC,2026-01,1339.0,50.0,317.0,27328.0,28409.0,1298.0,1338,344.0,1276,10887.0,1277,3795.0,1951.0
ANC,2026-02,1221.0,14.0,171.0,10776.0,18321.0,1212.0,1221,254.0,1205,7572.0,1205,2427.0,949.0
ANC,2026-03,1423.0,12.0,253.0,19353.0,18362.0,1412.0,1422,357.0,1405,7837.0,1407,3597.0,1666.0
ANC,2026-04,1333.0,5.0,130.0,9156.0,16908.0,1331.0,1334,186.0,1327,7056.0,1329,1586.0,196.0
ANC,2026-05,1818.0,11.0,242.0,15893.0,23123.0,1810.0,1822,320.0,1807,10962.0,1812,3093.0,431.0
ANC,2026-06,2322.0,14.0,367.0,25090.0,30601.0,2310.0,2320,459.0,2303,14261.0,2308,3629.0,1123.0
ANC,2026-07,2513.0,18.0,488.0,32107.0,32558.0,2497.0,2514,572.0,2481,15703.0,2496,4644.0,2215.0
APN,2025-08,53.0,0.0,2.0,265.0,809.0,53.0,53,3.0,53,235.0,53,23.0,0.0
APN,2025-09,53.0,0.0,0.0,0.0,714.0,53.0,53,1.0,53,237.0,53,5.0,0.0
APN,2025-10,53.0,0.0,3.0,503.0,770.0,53.0,53,5.0,53,232.0,53,0.0,16.0
APN,2025-11,52.0,4.0,7.0,638.0,802.0,48.0,52,6.0,47,198.0,48,3.0,0.0
APN,2025-12,53.0,6.0,15.0,1928.0,1014.0,47.0,53,12.0,47,247.0,47,189.0,0.0
APN,2026-01,53.0,1.0,14.0,1788.0,1278.0,52.0,53,19.0,52,262.0,52,130.0,219.0
APN,2026-02,48.0,7.0,11.0,2250.0,888.0,41.0,48,10.0,43,256.0,43,131.0,422.0
APN,2026-03,53.0,12.0,10.0,1877.0,681.0,41.0,53,12.0,41,239.0,42,99.0,434.0
APN,2026-04,51.0,1.0,12.0,1400.0,820.0,50.0,51,14.0,49,235.0,50,30.0,328.0
APN,2026-05,56.0,0.0,12.0,1624.0,815.0,56.0,56,12.0,56,241.0,56,0.0,240.0
APN,2026-06,51.0,0.0,5.0,308.0,645.0,51.0,51,4.0,50,242.0,51,0.0,0.0
APN,2026-07,55.0,0.0,12.0,989.0,916.0,55.0,55,8.0,55,264.0,55,19.0,62.0
ASE,2025-08,659.0,26.0,215.0,24276.0,13162.0,633.0,658,189.0,613,2955.0,633,3911.0,3688.0
ASE,2025-09,550.0,2.0,83.0,7953.0,11732.0,548.0,549,96.0,541,2494.0,548,1588.0,406.0
ASE,2025-10,447.0,0.0,100.0,9671.0,10302.0,447.0,446,86.0,434,1988.0,446,756.0,1175.0
ASE,2025-11,328.0,12.0,36.0,4686.0,6752.0,316.0,327,39.0,311,1252.0,314,238.0,989.0
ASE,2025-12,803.0,32.0,304.0,35970.0,19070.0,771.0,807,307.0,756,5910.0,776,13173.0,4989.0
ASE,2026-01,1037.0,93.0,299.0,34336.0,21863.0,944.0,1037,256.0,927,9642.0,943,8087.0,4244.0
ASE,2026-02,1012.0,112.0,345.0,37545.0,21202.0,900.0,1012,332.0,887,8352.0,901,13198.0,6196.0
ASE,2026-03,1188.0,119.0,279.0,26518.0,23814.0,1069.0,1188,254.0,1062,9517.0,1069,5210.0,2247.0
ASE,2026-04,481.0,14.0,99.0,7967.0,9551.0,467.0,474,81.0,455,3195.0,459,758.0,2027.0
ASE,2026-05,182.0,0.0,23.0,1221.0,3813.0,182.0,189,32.0,188,789.0,189,1063.0,256.0
ASE,2026-06,626.0,42.0,198.0,25697.0,12914.0,584.0,627,198.0,570,2984.0,584,2964.0,4942.0
ASE,2026-07,759.0,22.0,253.0,28903.0,16827.0,737.0,759,260.0,720,4069.0,737,2742.0,6997.0
ATL,2025-08,27353.0,233.0,5972.0,424204.0,448335.0,27121.0,27360,4579.0,26924,274418.0,27044,56787.0,22873.0
ATL,2025-09,25839.0,19.0,3439.0,212998.0,400325.0,25820.0,25850,2531.0,25819,239117.0,25828,21069.0,6847.0
ATL,2025-10,27556.0,56.0,4837.0,312628.0,444381.0,27500.0,27553,3861.0,27449,266950.0,27494,39866.0,6401.0
ATL,2025-11,25888.0,635.0,4894.0,346079.0,425087.0,25254.0,25871,4095.0,25160,237873.0,25229,86722.0,7014.0
ATL,2025-12,25764.0,614.0,6953.0,508205.0,420863.0,25151.0,25781,5401.0,25067,247011.0,25117,74996.0,20915.0
ATL,2026-01,24595.0,1230.0,4940.0,323148.0,395853.0,23368.0,24590,4079.0,23320,224154.0,23363,45859.0,27653.0
ATL,2026-02,23024.0,343.0,4156.0,261747.0,372435.0,22681.0,23020,3355.0,22620,216918.0,22639,30488.0,9942.0
ATL,2026-03,26669.0,924.0,6440.0,478618.0,436206.0,25748.0,26662,5338.0,25615,284115.0,25709,101349.0,23660.0
ATL,2026-04,26607.0,267.0,4487.0,287220.0,432298.0,26341.0,26599,3675.0,26299,246201.0,26331,39901.0,7840.0
ATL,2026-05,27535.0,325.0,6052.0,397930.0,471231.0,27210.0,27532,5167.0,27127,275734.0,27182,86158.0,16941.0
ATL,2026-06,26961.0,372.0,5514.0,395081.0,460735.0,26589.0,26959,4411.0,26501,273009.0,26560,68207.0,20735.0
ATL,2026-07,28068.0,679.0,9207.0,746552.0,523657.0,27390.0,28064,7581.0,27084,290183.0,27371,163727.0,43399.0
ATW,2025-08,594.0,10.0,82.0,9534.0,9337.0,584.0,593,123.0,584,3100.0,584,1035.0,1057.0
ATW,2025-09,509.0,0.0,63.0,4134.0,8307.0,509.0,510,77.0,508,2747.0,509,1097.0,791.0
ATW,2025-10,621.0,1.0,89.0,7021.0,9784.0,620.0,621,100.0,620,3492.0,620,779.0,368.0
ATW,2025-11,593.0,30.0,101.0,9268.0,12694.0,563.0,595,110.0,556,3330.0,566,1835.0,1140.0
ATW,2025-12,617.0,12.0,188.0,20212.0,15176.0,605.0,617,223.0,606,3908.0,608,2698.0,3296.0
ATW,2026-01,612.0,16.0,178.0,20947.0,15104.0,596.0,611,184.0,594,3452.0,595,2702.0,2844.0
ATW,2026-02,617.0,2.0,123.0,12502.0,15142.0,615.0,618,166.0,615,3322.0,617,2140.0,954.0
ATW,2026-03,797.0,81.0,182.0,22063.0,13787.0,716.0,798,214.0,706,3808.0,716,3244.0,2428.0
ATW,2026-04,809.0,32.0,156.0,19233.0,14377.0,777.0,807,205.0,769,4229.0,774,3000.0,3478.0
ATW,2026-05,720.0,0.0,114.0,12158.0,11820.0,720.0,717,147.0,713,3555.0,714,1362.0,1003.0
ATW,2026-06,592.0,10.0,104.0,10469.0,8625.0,582.0,592,116.0,581,2837.0,582,1130.0,1650.0
ATW,2026-07,617.0,10.0,113.0,12898.0,9283.0,607.0,616,154.0,599,3105.0,605,1318.0,1254.0
ATY,2025-08,61.0,0.0,19.0,1383.0,941.0,61.0,62,11.0,61,374.0,62,11.0,0.0
ATY,2025-09,60.0,0.0,8.0,597.0,779.0,60.0,60,6.0,60,331.0,60,1.0,0.0
ATY,2025-10,62.0,0.0,8.0,2379.0,904.0,62.0,62,5.0,62,324.0,62,290.0,0.0
ATY,2025-11,60.0,0.0,5.0,1148.0,1486.0,60.0,60,6.0,60,353.0,60,151.0,629.0
ATY,2025-12,61.0,1.0,8.0,1666.0,1638.0,60.0,61,16.0,60,313.0,60,91.0,311.0
ATY,2026-01,61.0,1.0,10.0,2049.0,1772.0,60.0,61,12.0,60,275.0,60,55.0,73.0
ATY,2026-02,56.0,0.0,7.0,1139.0,1281.0,56.0,56,9.0,56,276.0,56,62.0,101.0
ATY,2026-03,62.0,5.0,3.0,581.0,995.0,57.0,62,7.0,57,297.0,57,201.0,843.0
ATY,2026-04,60.0,0.0,6.0,1275.0,1311.0,60.0,60,7.0,59,317.0,60,44.0,106.0
ATY,2026-05,62.0,0.0,8.0,573.0,1025.0,62.0,62,5.0,62,367.0,62,23.0,34.0
ATY,2026-06,60.0,0.0,5.0,223.0,1060.0,60.0,60,6.0,60,367.0,60,30.0,146.0
ATY,2026-07,62.0,0.0,13.0,3328.0,1282.0,62.0,62,7.0,62,379.0,62,67.0,0.0
AUS,2025-08,7214.0,68.0,1572.0,125152.0,110678.0,7146.0,7212,1579.0,7139,58041.0,7149,16236.0,5614.0
AUS,2025-09,6889.0,27.0,1070.0,79489.0,105596.0,6862.0,6886,1020.0,6861,50603.0,6866,9008.0,1688.0
AUS,2025-10,7845.0,31.0,1854.0,123905.0,124881.0,7814.0,7849,1671.0,7799,59441.0,7818,18425.0,2325.0
AUS,2025-11,7346.0,77.0,1816.0,142129.0,120272.0,7269.0,7351,1721.0,7266,55352.0,7283,34929.0,3662.0
AUS,2025-12,7528.0,47.0,1919.0,137681.0,117445.0,7482.0,7526,1829.0,7481,55400.0,7484,15595.0,5607.0
AUS,2026-01,6707.0,312.0,1201.0,101890.0,104509.0,6395.0,6707,1177.0,6395,46098.0,6399,17248.0,6432.0
AUS,2026-02,6471.0,64.0,1261.0,90938.0,101119.0,6407.0,6473,1061.0,6402,48728.0,6404,8581.0,3019.0
AUS,2026-03,7973.0,136.0,2133.0,162439.0,123627.0,7837.0,7978,1824.0,7846,66710.0,7852,19408.0,5814.0
AUS,2026-04,7647.0,45.0,1724.0,120679.0,121448.0,7602.0,7645,1527.0,7604,61327.0,7609,14848.0,2833.0
AUS,2026-05,7831.0,71.0,2219.0,159738.0,124309.0,7762.0,7829,2055.0,7731,65541.0,7768,28079.0,6663.0
AUS,2026-06,7879.0,77.0,2604.0,184149.0,123153.0,7802.0,7880,2400.0,7793,76387.0,7801,23910.0,7736.0
AUS,2026-07,8177.0,106.0,2708.0,198502.0,126696.0,8071.0,8178,2511.0,8060,76634.0,8073,22626.0,8824.0
AVL,2025-08,973.0,11.0,227.0,18488.0,14750.0,962.0,973,255.0,961,6888.0,965,2566.0,6060.0
AVL,2025-09,912.0,4.0,142.0,12723.0,14493.0,908.0,912,146.0,908,5651.0,911,1659.0,707.0
AVL,2025-10,1023.0,4.0,225.0,18581.0,16274.0,1019.0,1023,221.0,1017,6864.0,1021,2667.0,976.0
AVL,2025-11,841.0,10.0,170.0,16452.0,14973.0,831.0,838,173.0,825,4499.0,825,2003.0,507.0
AVL,2025-12,715.0,12.0,192.0,19093.0,12642.0,703.0,715,216.0,706,4073.0,706,2045.0,763.0
AVL,2026-01,637.0,59.0,122.0,11504.0,10319.0,578.0,637,132.0,582,3371.0,582,1279.0,560.0
AVL,2026-02,580.0,13.0,117.0,11779.0,10484.0,567.0,581,130.0,567,3477.0,570,1041.0,1982.0
AVL,2026-03,747.0,19.0,153.0,14564.0,12718.0,728.0,747,184.0,729,4248.0,729,2564.0,1170.0
AVL,2026-04,785.0,11.0,121.0,11480.0,12824.0,774.0,786,161.0,779,4806.0,779,1465.0,1301.0
AVL,2026-05,806.0,8.0,136.0,12310.0,12322.0,798.0,806,180.0,798,5424.0,798,2407.0,1415.0
AVL,2026-06,930.0,27.0,198.0,19418.0,14326.0,903.0,930,231.0,899,6754.0,905,2445.0,2712.0
AVL,2026-07,1020.0,28.0,283.0,28345.0,15515.0,992.0,1022,323.0,994,7904.0,1000,4685.0,3020.0
AVP,2025-08,130.0,4.0,15.0,1341.0,1856.0,126.0,130,17.0,126,535.0,126,89.0,58.0
AVP,2025-09,146.0,0.0,14.0,752.0,2161.0,146.0,146,13.0,146,612.0,146,132.0,131.0
AVP,2025-10,148.0,0.0,15.0,601.0,2206.0,148.0,148,28.0,148,637.0,148,105.0,0.0
AVP,2025-11,154.0,7.0,23.0,1907.0,2451.0,147.0,154,32.0,147,661.0,149,818.0,95.0
AVP,2025-12,133.0,3.0,32.0,2804.0,2845.0,130.0,133,47.0,130,683.0,130,337.0,371.0
AVP,2026-01,103.0,11.0,12.0,1237.0,1930.0,92.0,103,22.0,92,426.0,92,261.0,74.0
AVP,2026-02,151.0,4.0,17.0,1592.0,2728.0,147.0,152,33.0,148,647.0,149,303.0,139.0
AVP,2026-03,175.0,2.0,25.0,1724.0,3072.0,173.0,174,41.0,172,722.0,172,261.0,542.0
AVP,2026-04,176.0,1.0,30.0,3653.0,2758.0,175.0,177,39.0,173,756.0,174,250.0,15.0
AVP,2026-05,211.0,1.0,32.0,5506.0,3294.0,210.0,210,47.0,209,921.0,209,358.0,368.0
AVP,2026-06,146.0,6.0,34.0,3079.0,2168.0,140.0,146,34.0,139,632.0,139,105.0,481.0
AVP,2026-07,150.0,3.0,37.0,4141.0,2288.0,147.0,150,47.0,146,648.0,147,597.0,502.0
AZA,2025-08,392.0,0.0,56.0,4484.0,5227.0,392.0,392,62.0,391,3765.0,392,1050.0,212.0
AZA,2025-09,313.0,0.0,33.0,1599.0,4224.0,313.0,313,35.0,313,2017.0,313,170.0,238.0
AZA,2025-10,532.0,2.0,100.0,7279.0,7856.0,530.0,532,125.0,529,4228.0,530,1321.0,1357.0
AZA,2025-11,547.0,3.0,89.0,6855.0,8058.0,544.0,547,118.0,544,4533.0,544,2368.0,1021.0
AZA,2025-12,629.0,3.0,143.0,10211.0,9003.0,626.0,630,215.0,625,6701.0,625,3679.0,3593.0
AZA,2026-01,524.0,1.0,88.0,8164.0,7747.0,524.0,524,124.0,523,4799.0,523,1822.0,933.0
AZA,2026-02,530.0,0.0,64.0,3975.0,7790.0,530.0,530,97.0,530,5418.0,530,1248.0,915.0
AZA,2026-03,784.0,4.0,139.0,10942.0,12149.0,780.0,785,155.0,779,8508.0,780,2418.0,1763.0
AZA,2026-04,543.0,0.0,130.0,9581.0,8195.0,543.0,543,163.0,543,5081.0,543,2410.0,901.0
AZA,2026-05,480.0,0.0,100.0,7829.0,7541.0,480.0,480,116.0,480,3936.0,480,766.0,972.0
AZA,2026-06,503.0,2.0,87.0,6486.0,7435.0,501.0,504,132.0,501,5033.0,501,1922.0,509.0
AZA,2026-07,524.0,3.0,101.0,8596.0,7731.0,521.0,524,138.0,517,5331.0,520,5077.0,242.0
AZO,2025-08,172.0,2.0,28.0,2422.0,2768.0,170.0,172,38.0,170,630.0,170,185.0,91.0
AZO,2025-09,171.0,1.0,17.0,1129.0,2596.0,170.0,171,19.0,170,643.0,170,68.0,429.0
AZO,2025-10,179.0,0.0,25.0,2633.0,2973.0,179.0,179,22.0,177,671.0,179,99.0,50.0
AZO,2025-11,171.0,18.0,16.0,3558.0,3504.0,153.0,171,27.0,152,552.0,152,252.0,904.0
AZO,2025-12,152.0,7.0,42.0,5134.0,3775.0,145.0,152,50.0,146,582.0,146,771.0,855.0
AZO,2026-01,141.0,5.0,47.0,5218.0,4064.0,136.0,141,61.0,135,559.0,136,718.0,1382.0
AZO,2026-02,143.0,0.0,36.0,4471.0,3288.0,143.0,143,46.0,142,582.0,143,439.0,1559.0
AZO,2026-03,180.0,9.0,48.0,5100.0,3315.0,171.0,180,55.0,170,629.0,170,413.0,873.0
AZO,2026-04,160.0,7.0,27.0,2734.0,2816.0,153.0,160,33.0,154,577.0,154,364.0,378.0
AZO,2026-05,166.0,1.0,28.0,3139.0,3071.0,165.0,166,37.0,164,586.0,165,164.0,1573.0
AZO,2026-06,174.0,4.0,28.0,3619.0,3188.0,170.0,174,40.0,170,680.0,170,276.0,581.0
AZO,2026-07,182.0,14.0,37.0,3254.0,3311.0,168.0,182,48.0,169,597.0,169,286.0,719.0
BDL,2025-08,2056.0,23.0,395.0,34964.0,28916.0,2033.0,2057,506.0,2030,11879.0,2034,5148.0,2487.0
BDL,2025-09,1804.0,4.0,213.0,15840.0,23370.0,1800.0,1802,305.0,1791,9759.0,1796,3728.0,1233.0
BDL,2025-10,1937.0,2.0,314.0,25599.0,27239.0,1935.0,1937,379.0,1928,12385.0,1935,3569.0,346.0
BDL,2025-11,1830.0,34.0,293.0,24162.0,27907.0,1796.0,1831,396.0,1799,11326.0,1800,4228.0,480.0
BDL,2025-12,1837.0,32.0,508.0,37471.0,32304.0,1805.0,1836,547.0,1798,11978.0,1804,4965.0,1105.0
BDL,2026-01,1693.0,136.0,301.0,26499.0,30688.0,1558.0,1694,361.0,1562,10479.0,1564,3294.0,1651.0
BDL,2026-02,1688.0,115.0,348.0,28747.0,29544.0,1573.0,1688,428.0,1575,11159.0,1575,4212.0,1244.0
BDL,2026-03,1877.0,53.0,385.0,38271.0,29880.0,1824.0,1877,549.0,1816,11393.0,1820,4634.0,1437.0
BDL,2026-04,1946.0,18.0,360.0,29755.0,29688.0,1928.0,1947,440.0,1930,11811.0,1930,4110.0,411.0
BDL,2026-05,1981.0,13.0,275.0,21677.0,29336.0,1968.0,1983,381.0,1966,11925.0,1969,3561.0,703.0
BDL,2026-06,1868.0,39.0,330.0,28833.0,28734.0,1829.0,1866,409.0,1833,10607.0,1835,3487.0,1967.0
BDL,2026-07,1827.0,67.0,455.0,45328.0,29426.0,1760.0,1826,609.0,1749,11122.0,1755,8038.0,3845.0
BET,2025-08,62.0,1.0,22.0,1078.0,628.0,61.0,62,13.0,61,260.0,61,19.0,0.0
BET,2025-09,60.0,1.0,13.0,765.0,670.0,59.0,60,8.0,59,233.0,59,0.0,0.0
BET,2025-10,62.0,3.0,16.0,939.0,695.0,59.0,62,9.0,58,258.0,59,13.0,0.0
BET,2025-11,58.0,3.0,15.0,788.0,890.0,55.0,58,8.0,55,286.0,55,65.0,27.0
BET,2025-12,60.0,5.0,23.0,1202.0,687.0,55.0,60,12.0,55,242.0,55,16.0,40.0
BET,2026-01,60.0,7.0,32.0,1905.0,413.0,53.0,60,19.0,53,215.0,53,184.0,353.0
BET,2026-02,56.0,2.0,23.0,1496.0,404.0,54.0,56,12.0,54,245.0,54,103.0,215.0
BET,2026-03,62.0,0.0,26.0,1114.0,405.0,62.0,62,11.0,62,242.0,62,48.0,17.0
BET,2026-04,60.0,0.0,16.0,659.0,501.0,60.0,60,6.0,60,255.0,60,2.0,0.0
BET,2026-05,62.0,0.0,15.0,619.0,404.0,62.0,62,6.0,62,249.0,62,8.0,0.0
BET,2026-06,60.0,0.0,9.0,618.0,365.0,60.0,60,9.0,60,291.0,60,0.0,33.0
BET,2026-07,61.0,0.0,16.0,926.0,355.0,61.0,61,7.0,61,290.0,61,4.0,0.0
BFF,2025-08,54.0,2.0,19.0,2085.0,976.0,52.0,54,17.0,52,212.0,52,157.0,231.0
BFF,2025-09,51.0,0.0,9.0,1948.0,922.0,51.0,51,4.0,51,211.0,51,1.0,122.0
BFF,2025-10,53.0,0.0,8.0,712.0,1287.0,53.0,53,8.0,53,216.0,53,40.0,0.0
BFF,2025-11,51.0,1.0,2.0,486.0,931.0,50.0,51,7.0,50,226.0,50,52.0,0.0
BFF,2025-12,54.0,0.0,10.0,916.0,943.0,54.0,54,16.0,54,235.0,54,222.0,101.0
BFF,2026-01,53.0,0.0,5.0,1210.0,1065.0,53.0,53,12.0,53,292.0,53,108.0,37.0
BFF,2026-02,48.0,1.0,2.0,122.0,837.0,47.0,48,4.0,48,222.0,48,9.0,0.0
BFF,2026-03,53.0,3.0,7.0,437.0,856.0,50.0,53,5.0,50,220.0,50,75.0,0.0
BFF,2026-04,51.0,0.0,9.0,1023.0,807.0,51.0,51,7.0,51,228.0,51,47.0,390.0
BFF,2026-05,54.0,0.0,7.0,1579.0,948.0,54.0,54,11.0,53,238.0,53,47.0,0.0
BFF,2026-06,51.0,0.0,13.0,2204.0,1130.0,51.0,51,14.0,50,217.0,51,176.0,84.0
BFF,2026-07,53.0,1.0,17.0,1966.0,1128.0,52.0,53,16.0,52,244.0,52,194.0,113.0
BFL,2025-08,225.0,1.0,18.0,1526.0,3787.0,224.0,225,63.0,224,1361.0,224,849.0,634.0
BFL,2025-09,211.0,4.0,15.0,1062.0,3568.0,207.0,211,43.0,207,1316.0,207,615.0,57.0
BFL,2025-10,257.0,1.0,34.0,2694.0,4604.0,256.0,257,60.0,255,1590.0,256,298.0,41.0
BFL,2025-11,277.0,7.0,35.0,3181.0,5644.0,270.0,276,58.0,268,1508.0,268,332.0,895.0
BFL,2025-12,282.0,3.0,52.0,5873.0,5372.0,279.0,282,86.0,274,1636.0,279,591.0,1943.0
BFL,2026-01,265.0,17.0,70.0,7634.0,4610.0,248.0,264,69.0,243,1480.0,246,604.0,5228.0
BFL,2026-02,195.0,1.0,38.0,3047.0,3420.0,194.0,195,47.0,192,1068.0,193,294.0,382.0
BFL,2026-03,215.0,1.0,26.0,4425.0,3722.0,214.0,215,30.0,215,1263.0,215,146.0,235.0
BFL,2026-04,229.0,0.0,34.0,2975.0,4767.0,229.0,230,52.0,230,1418.0,230,245.0,153.0
BFL,2026-05,251.0,3.0,23.0,2541.0,4615.0,248.0,252,35.0,250,1314.0,250,328.0,108.0
BFL,2026-06,257.0,3.0,52.0,4643.0,4716.0,254.0,257,90.0,253,1366.0,254,1371.0,72.0
BFL,2026-07,263.0,0.0,44.0,3413.0,4531.0,263.0,263,91.0,262,1597.0,263,1241.0,40.0
BGM,2025-08,31.0,0.0,6.0,1277.0,454.0,31.0,31,2.0,31,137.0,31,0.0,0.0
BGM,2025-09,30.0,0.0,4.0,253.0,469.0,30.0,30,4.0,30,121.0,30,1.0,25.0
BGM,2025-10,31.0,0.0,1.0,69.0,484.0,31.0,31,2.0,31,117.0,31,0.0,0.0
BGM,2025-11,29.0,2.0,5.0,252.0,650.0,27.0,29,2.0,27,97.0,27,0.0,0.0
BGM,2025-12,19.0,0.0,6.0,452.0,565.0,19.0,19,6.0,19,75.0,19,9.0,155.0
BGM,2026-01,27.0,2.0,16.0,1578.0,582.0,25.0,27,17.0,25,91.0,25,159.0,227.0
BGM,2026-02,14.0,0.0,5.0,356.0,341.0,14.0,14,8.0,14,49.0,14,32.0,106.0
BGM,2026-05,25.0,0.0,2.0,69.0,307.0,25.0,25,3.0,25,87.0,25,0.0,0.0
BGM,2026-06,30.0,0.0,3.0,136.0,431.0,30.0,30,3.0,30,111.0,30,0.0,26.0
BGM,2026-07,31.0,0.0,6.0,503.0,456.0,31.0,31,5.0,31,106.0,31,2.0,132.0
BGR,2025-08,562.0,10.0,127.0,15021.0,9788.0,552.0,563,113.0,547,4057.0,552,835.0,900.0
BGR,2025-09,518.0,5.0,86.0,8642.0,8230.0,513.0,517,77.0,511,3406.0,512,524.0,645.0
BGR,2025-10,471.0,2.0,83.0,7189.0,7672.0,469.0,468,79.0,466,2958.0,467,918.0,333.0
BGR,2025-11,165.0,2.0,44.0,4925.0,3380.0,163.0,165,38.0,162,827.0,162,353.0,144.0
BGR,2025-12,146.0,12.0,34.0,3583.0,3061.0,134.0,146,43.0,132,747.0,133,198.0,29.0
BGR,2026-01,147.0,21.0,38.0,5085.0,3403.0,126.0,147,38.0,126,738.0,127,459.0,64.0
BGR,2026-02,162.0,5.0,39.0,4858.0,3832.0,157.0,163,53.0,156,902.0,156,481.0,127.0
BGR,2026-03,182.0,9.0,55.0,6898.0,4166.0,173.0,182,53.0,172,913.0,173,518.0,502.0
BGR,2026-04,243.0,2.0,43.0,3602.0,4222.0,241.0,244,50.0,241,1304.0,241,393.0,76.0
BGR,2026-05,355.0,1.0,64.0,6660.0,5699.0,354.0,357,69.0,354,2197.0,354,546.0,382.0
BGR,2026-06,502.0,22.0,94.0,9737.0,9059.0,480.0,502,112.0,480,3128.0,482,1504.0,175.0
BGR,2026-07,530.0,41.0,138.0,22551.0,9544.0,489.0,530,153.0,489,4204.0,490,2114.0,700.0
BHM,2025-08,1476.0,13.0,271.0,26073.0,21608.0,1463.0,1476,321.0,1461,7413.0,1464,3178.0,2992.0
BHM,2025-09,1375.0,3.0,158.0,13320.0,20514.0,1372.0,1373,172.0,1368,6545.0,1368,2015.0,1021.0
BHM,2025-10,1540.0,4.0,230.0,14552.0,23486.0,1536.0,1541,280.0,1536,7260.0,1538,2144.0,1453.0
BHM,2025-11,1416.0,28.0,227.0,17558.0,21539.0,1388.0,1415,244.0,1384,6651.0,1384,2122.0,689.0
BHM,2025-12,1355.0,18.0,304.0,25025.0,20013.0,1337.0,1354,349.0,1336,6688.0,1338,2189.0,1531.0
BHM,2026-01,1243.0,54.0,169.0,16896.0,19265.0,1189.0,1244,223.0,1185,5395.0,1185,1836.0,1533.0
BHM,2026-02,1149.0,14.0,165.0,13242.0,17722.0,1135.0,1149,228.0,1136,4905.0,1136,1539.0,153.0
BHM,2026-03,1383.0,48.0,312.0,27363.0,20129.0,1335.0,1383,358.0,1335,5867.0,1338,3464.0,1983.0
BHM,2026-04,1495.0,13.0,233.0,19096.0,22294.0,1482.0,1496,300.0,1481,6740.0,1483,2025.0,767.0
BHM,2026-05,1550.0,18.0,319.0,25053.0,22113.0,1532.0,1550,368.0,1530,7364.0,1533,3705.0,1661.0
BHM,2026-06,1441.0,36.0,354.0,32311.0,19607.0,1405.0,1442,416.0,1398,7461.0,1403,3183.0,2297.0
BHM,2026-07,1501.0,29.0,398.0,40328.0,21273.0,1472.0,1501,500.0,1470,8199.0,1470,5113.0,3435.0
BIH,2025-08,31.0,1.0,5.0,385.0,440.0,30.0,31,5.0,29,165.0,30,17.0,0.0
BIH,2025-09,17.0,0.0,1.0,63.0,312.0,17.0,17,1.0,17,107.0,17,5.0,0.0
BIH,2025-10,4.0,0.0,1.0,65.0,47.0,4.0,4,4.0,4,20.0,4,0.0,0.0
BIH,2025-12,41.0,0.0,13.0,1237.0,834.0,41.0,41,15.0,41,327.0,41,96.0,211.0
BIH,2026-01,68.0,1.0,9.0,794.0,1036.0,67.0,69,11.0,68,559.0,68,35.0,0.0
BIH,2026-02,65.0,6.0,14.0,1436.0,1360.0,59.0,65,21.0,60,557.0,60,100.0,0.0
BIH,2026-03,74.0,3.0,14.0,1145.0,1034.0,71.0,73,11.0,71,935.0,71,160.0,0.0
BIH,2026-04,28.0,0.0,5.0,634.0,510.0,28.0,28,4.0,28,210.0,28,148.0,0.0
BIH,2026-05,7.0,1.0,2.0,88.0,170.0,6.0,7,1.0,6,33.0,6,3.0,0.0
BIH,2026-06,19.0,1.0,14.0,746.0,329.0,18.0,19,10.0,18,97.0,18,405.0,0.0
BIH,2026-07,31.0,0.0,16.0,3113.0,906.0,31.0,31,14.0,31,180.0,31,375.0,0.0
BIL,2025-08,478.0,2.0,79.0,6464.0,8146.0,476.0,478,102.0,475,2063.0,475,790.0,330.0
BIL,2025-09,458.0,1.0,48.0,3434.0,7253.0,457.0,458,59.0,454,2074.0,457,385.0,170.0
BIL,2025-10,432.0,0.0,40.0,4946.0,7272.0,432.0,431,50.0,431,1769.0,431,464.0,573.0
BIL,2025-11,351.0,8.0,33.0,3659.0,6422.0,343.0,351,38.0,344,1440.0,344,355.0,15.0
BIL,2025-12,364.0,6.0,41.0,4226.0,7055.0,358.0,364,63.0,357,1616.0,358,381.0,200.0
BIL,2026-01,334.0,2.0,31.0,2345.0,5810.0,332.0,333,63.0,331,1310.0,331,483.0,91.0
BIL,2026-02,310.0,1.0,41.0,3960.0,5892.0,309.0,311,52.0,310,1232.0,310,234.0,186.0
BIL,2026-03,365.0,3.0,48.0,5573.0,7025.0,362.0,365,65.0,360,1622.0,362,675.0,527.0
BIL,2026-04,335.0,0.0,35.0,3008.0,5992.0,335.0,335,47.0,335,1411.0,335,144.0,282.0
BIL,2026-05,383.0,0.0,41.0,3880.0,6403.0,383.0,383,54.0,383,1610.0,383,523.0,208.0
BIL,2026-06,412.0,3.0,54.0,4929.0,6507.0,409.0,412,86.0,407,1748.0,409,433.0,376.0
BIL,2026-07,420.0,2.0,65.0,7867.0,6810.0,418.0,420,90.0,414,1976.0,418,654.0,948.0
BIS,2025-08,401.0,0.0,79.0,7779.0,7072.0,401.0,401,98.0,400,2242.0,400,1098.0,1044.0
BIS,2025-09,369.0,0.0,52.0,4807.0,7203.0,369.0,368,64.0,368,1793.0,368,694.0,101.0
BIS,2025-10,334.0,0.0,52.0,4384.0,5471.0,334.0,334,54.0,333,1846.0,334,535.0,134.0
BIS,2025-11,280.0,5.0,33.0,3864.0,6635.0,275.0,280,33.0,275,1482.0,275,540.0,152.0
BIS,2025-12,366.0,7.0,122.0,15434.0,10403.0,359.0,365,107.0,356,2443.0,360,2674.0,691.0
BIS,2026-01,266.0,5.0,59.0,6412.0,7671.0,261.0,266,59.0,261,1537.0,261,355.0,33.0
BIS,2026-02,233.0,2.0,38.0,3373.0,5617.0,231.0,233,34.0,233,1226.0,233,407.0,199.0
BIS,2026-03,293.0,5.0,59.0,4941.0,6095.0,288.0,293,64.0,287,1472.0,287,891.0,570.0
BIS,2026-04,336.0,0.0,45.0,5288.0,7116.0,336.0,337,52.0,337,1801.0,337,309.0,324.0
BIS,2026-05,306.0,0.0,44.0,3038.0,5063.0,306.0,305,46.0,305,1582.0,305,611.0,258.0
BIS,2026-06,335.0,4.0,52.0,7324.0,5197.0,331.0,336,65.0,331,1525.0,332,736.0,1077.0
BIS,2026-07,355.0,1.0,51.0,5252.0,5640.0,354.0,355,81.0,354,2074.0,354,1201.0,638.0
BJI,2025-08,62.0,0.0,5.0,467.0,1003.0,62.0,62,6.0,62,300.0,62,0.0,117.0
BJI,2025-09,60.0,0.0,5.0,774.0,1011.0,60.0,60,5.0,60,318.0,60,19.0,93.0
BJI,2025-10,62.0,0.0,7.0,418.0,817.0,62.0,62,4.0,62,310.0,62,0.0,123.0
BJI,2025-11,59.0,0.0,6.0,683.0,947.0,59.0,59,9.0,59,304.0,59,124.0,148.0
BJI,2025-12,62.0,1.0,14.0,1191.0,1621.0,61.0,62,22.0,60,326.0,61,271.0,697.0
BJI,2026-01,61.0,1.0,13.0,2475.0,1355.0,60.0,61,20.0,60,353.0,60,47.0,807.0
BJI,2026-02,56.0,1.0,7.0,1095.0,965.0,55.0,56,11.0,55,257.0,55,58.0,0.0
BJI,2026-03,62.0,2.0,7.0,1070.0,1031.0,60.0,62,10.0,59,293.0,59,63.0,29.0
BJI,2026-04,60.0,1.0,6.0,1018.0,774.0,59.0,60,6.0,59,263.0,59,43.0,88.0
BJI,2026-05,62.0,1.0,3.0,516.0,757.0,61.0,62,3.0,61,428.0,61,7.0,737.0
BJI,2026-06,60.0,1.0,7.0,650.0,607.0,59.0,60,7.0,59,278.0,59,69.0,2.0
BJI,2026-07,62.0,0.0,8.0,1314.0,676.0,62.0,62,8.0,61,290.0,62,24.0,0.0
BLI,2025-08,201.0,1.0,23.0,1117.0,2922.0,200.0,201,34.0,200,1079.0,200,218.0,36.0
BLI,2025-09,189.0,1.0,18.0,1461.0,3053.0,188.0,188,23.0,187,1014.0,188,164.0,41.0
BLI,2025-10,202.0,2.0,28.0,1867.0,3088.0,200.0,201,25.0,199,1040.0,199,109.0,154.0
BLI,2025-11,173.0,15.0,12.0,569.0,2466.0,158.0,174,24.0,158,853.0,159,244.0,0.0
BLI,2025-12,216.0,2.0,38.0,2376.0,3667.0,214.0,216,44.0,213,1185.0,213,804.0,163.0
BLI,2026-01,163.0,7.0,16.0,1834.0,2942.0,156.0,163,25.0,157,837.0,157,324.0,1831.0
BLI,2026-02,147.0,2.0,8.0,838.0,2347.0,145.0,146,9.0,144,789.0,144,71.0,38.0
BLI,2026-03,196.0,2.0,19.0,3799.0,3162.0,194.0,197,28.0,195,1061.0,195,250.0,76.0
BLI,2026-04,200.0,0.0,20.0,1862.0,2915.0,200.0,200,23.0,200,1060.0,200,277.0,0.0
BLI,2026-05,193.0,1.0,28.0,4083.0,2847.0,192.0,193,34.0,192,1024.0,192,244.0,0.0
BLI,2026-06,175.0,0.0,27.0,2474.0,2714.0,175.0,175,32.0,174,983.0,174,229.0,49.0
BLI,2026-07,182.0,0.0,15.0,1692.0,2828.0,182.0,182,22.0,181,967.0,181,79.0,0.0
BLV,2025-08,135.0,0.0,35.0,4197.0,1584.0,135.0,135,33.0,135,926.0,135,330.0,276.0
BLV,2025-09,83.0,0.0,18.0,959.0,995.0,83.0,83,13.0,83,490.0,83,99.0,266.0
BLV,2025-10,87.0,0.0,21.0,2107.0,1027.0,87.0,87,21.0,87,479.0,87,197.0,253.0
BLV,2025-11,78.0,1.0,14.0,1710.0,914.0,77.0,78,16.0,77,450.0,77,104.0,113.0
BLV,2025-12,101.0,1.0,21.0,2537.0,1328.0,100.0,101,16.0,100,573.0,100,286.0,156.0
BLV,2026-01,77.0,0.0,15.0,1654.0,967.0,77.0,77,12.0,77,463.0,77,64.0,88.0
BLV,2026-02,85.0,0.0,22.0,1889.0,998.0,85.0,85,20.0,85,497.0,85,340.0,68.0
BLV,2026-03,138.0,3.0,40.0,5197.0,1802.0,135.0,137,41.0,135,777.0,135,505.0,2024.0
BLV,2026-04,100.0,0.0,20.0,2873.0,1105.0,100.0,100,21.0,100,575.0,100,173.0,342.0
BLV,2026-05,140.0,1.0,40.0,5061.0,1637.0,139.0,140,37.0,139,837.0,139,696.0,161.0
BLV,2026-06,181.0,4.0,65.0,6878.0,2167.0,177.0,181,64.0,179,1120.0,179,935.0,583.0
BLV,2026-07,190.0,2.0,62.0,9784.0,2273.0,188.0,190,54.0,187,1112.0,188,683.0,538.0
BMI,2025-08,204.0,2.0,33.0,2359.0,2977.0,202.0,204,42.0,202,917.0,202,314.0,785.0
BMI,2025-09,157.0,1.0,18.0,1389.0,2252.0,156.0,156,21.0,155,647.0,155,359.0,66.0
BMI,2025-10,145.0,0.0,14.0,832.0,2418.0,145.0,145,21.0,145,596.0,145,165.0,127.0
BMI,2025-11,163.0,14.0,20.0,1866.0,2451.0,149.0,163,25.0,149,666.0,149,370.0,129.0
BMI,2025-12,166.0,3.0,29.0,2793.0,3508.0,163.0,166,41.0,162,954.0,163,651.0,262.0
BMI,2026-01,138.0,4.0,21.0,2430.0,2338.0,134.0,138,29.0,134,626.0,134,460.0,482.0
BMI,2026-02,149.0,0.0,15.0,834.0,2351.0,149.0,149,17.0,148,722.0,149,166.0,111.0
BMI,2026-03,186.0,5.0,36.0,5043.0,2591.0,181.0,186,41.0,179,1111.0,180,606.0,820.0
BMI,2026-04,176.0,3.0,30.0,3095.0,2568.0,173.0,176,32.0,172,862.0,172,373.0,415.0
BMI,2026-05,181.0,1.0,23.0,2473.0,2745.0,180.0,181,34.0,179,941.0,180,353.0,300.0
BMI,2026-06,144.0,3.0,33.0,3118.0,2160.0,141.0,144,40.0,140,764.0,141,971.0,687.0
BMI,2026-07,144.0,5.0,26.0,3917.0,2137.0,139.0,144,34.0,139,642.0,139,296.0,114.0
BNA,2025-08,9012.0,73.0,1980.0,130360.0,135070.0,8940.0,9011,1687.0,8939,67073.0,8944,13177.0,5902.0
BNA,2025-09,8686.0,21.0,1527.0,100020.0,131540.0,8665.0,8687,1262.0,8654,66425.0,8666,11561.0,3274.0
BNA,2025-10,9841.0,41.0,2729.0,170203.0,158911.0,9800.0,9843,2385.0,9795,78305.0,9803,39861.0,2295.0
BNA,2025-11,8849.0,108.0,2105.0,147135.0,147340.0,8741.0,8846,1936.0,8721,67227.0,8730,38066.0,4363.0
BNA,2025-12,8776.0,87.0,2574.0,169370.0,142563.0,8689.0,8774,2305.0,8682,63412.0,8691,25986.0,7186.0
BNA,2026-01,7853.0,555.0,1360.0,90476.0,121436.0,7298.0,7850,1191.0,7296,54033.0,7301,13216.0,6007.0
BNA,2026-02,7542.0,122.0,1661.0,99289.0,124045.0,7420.0,7547,1337.0,7417,60243.0,7427,10788.0,2353.0
BNA,2026-03,9623.0,222.0,2886.0,200390.0,154983.0,9402.0,9622,2425.0,9393,73457.0,9403,24576.0,7763.0
BNA,2026-04,9617.0,58.0,2313.0,145218.0,161159.0,9560.0,9615,1972.0,9554,76298.0,9564,21747.0,4169.0
BNA,2026-05,9814.0,56.0,3358.0,198999.0,170205.0,9758.0,9814,2690.0,9746,92647.0,9760,28386.0,6157.0
BNA,2026-06,9725.0,95.0,3670.0,226520.0,159395.0,9630.0,9728,2867.0,9606,83508.0,9624,30600.0,8491.0
BNA,2026-07,10098.0,186.0,3961.0,264667.0,170711.0,9912.0,10099,3226.0,9862,98373.0,9903,40094.0,10908.0
BOI,2025-08,2025.0,5.0,301.0,22042.0,33685.0,2020.0,2027,392.0,2022,11542.0,2023,2376.0,1542.0
BOI,2025-09,1924.0,8.0,252.0,18361.0,32836.0,1916.0,1924,297.0,1917,10517.0,1919,2090.0,1406.0
BOI,2025-10,2008.0,4.0,257.0,19114.0,33602.0,2004.0,2010,329.0,2005,10447.0,2006,2169.0,1005.0
BOI,2025-11,1956.0,28.0,280.0,30845.0,33593.0,1928.0,1957,312.0,1912,10289.0,1929,4088.0,1664.0
BOI,2025-12,2012.0,12.0,356.0,25248.0,35068.0,2000.0,2012,466.0,1999,10284.0,2004,4795.0,1603.0
BOI,2026-01,1910.0,16.0,229.0,19537.0,40605.0,1894.0,1911,333.0,1894,11098.0,1896,3444.0,1653.0
BOI,2026-02,1781.0,2.0,202.0,16903.0,31286.0,1779.0,1783,289.0,1780,9789.0,1781,2033.0,1208.0
BOI,2026-03,2027.0,20.0,288.0,22521.0,31958.0,2007.0,2029,368.0,2011,10699.0,2011,3678.0,1748.0
BOI,2026-04,1946.0,7.0,286.0,23710.0,33142.0,1939.0,1944,333.0,1935,11045.0,1936,3054.0,411.0
BOI,2026-05,2040.0,5.0,397.0,29357.0,33229.0,2035.0,2037,431.0,2032,11886.0,2032,3738.0,296.0
BOI,2026-06,2002.0,13.0,432.0,32767.0,32937.0,1989.0,2003,529.0,1990,12111.0,1990,4205.0,1018.0
BOI,2026-07,2070.0,5.0,419.0,28338.0,35164.0,2065.0,2070,471.0,2057,13084.0,2062,2821.0,1276.0
BOS,2025-08,12461.0,124.0,2462.0,179060.0,249280.0,12340.0,12457,2651.0,12328,114088.0,12348,46474.0,7239.0
BOS,2025-09,11597.0,157.0,2987.0,235293.0,229021.0,11440.0,11596,4164.0,11431,97368.0,11443,186978.0,6655.0
BOS,2025-10,12647.0,191.0,3523.0,279176.0,257816.0,12456.0,12637,4434.0,12444,107499.0,12455,198207.0,6140.0
BOS,2025-11,11385.0,314.0,2241.0,185531.0,233345.0,11072.0,11388,2459.0,11043,86592.0,11067,67651.0,2566.0
BOS,2025-12,11248.0,190.0,2998.0,234185.0,254541.0,11058.0,11243,2969.0,11029,93496.0,11040,36718.0,8627.0
BOS,2026-01,10298.0,772.0,2086.0,175357.0,227997.0,9531.0,10296,2164.0,9510,88964.0,9525,30768.0,9238.0
BOS,2026-02,10232.0,834.0,2247.0,175541.0,222865.0,9399.0,10233,2342.0,9409,85798.0,9414,37730.0,12166.0
BOS,2026-03,12299.0,331.0,2851.0,216113.0,249734.0,11968.0,12294,3199.0,11955,101109.0,11965,52483.0,6326.0
BOS,2026-04,12626.0,39.0,2549.0,175436.0,248680.0,12587.0,12628,3037.0,12575,110694.0,12584,63772.0,3331.0
BOS,2026-05,12694.0,77.0,2275.0,158181.0,263525.0,12617.0,12702,2562.0,12618,110249.0,12629,46364.0,7041.0
BOS,2026-06,12683.0,225.0,2707.0,217063.0,260438.0,12458.0,12690,3014.0,12459,112628.0,12469,70137.0,9846.0
BOS,2026-07,13277.0,786.0,3809.0,329373.0,280146.0,12494.0,13277,4174.0,12455,119365.0,12489,120985.0,11556.0
BPT,2025-08,62.0,1.0,8.0,1400.0,996.0,61.0,62,13.0,61,311.0,61,1.0,560.0
BPT,2025-09,58.0,1.0,5.0,610.0,964.0,57.0,58,7.0,56,281.0,57,83.0,716.0
BPT,2025-10,62.0,1.0,7.0,423.0,1037.0,61.0,62,12.0,61,315.0,61,50.0,429.0
BPT,2025-11,59.0,0.0,10.0,1080.0,1013.0,59.0,59,14.0,58,284.0,58,21.0,1016.0
BPT,2025-12,62.0,3.0,18.0,2645.0,1040.0,59.0,62,17.0,59,297.0,60,44.0,2527.0
BPT,2026-01,61.0,4.0,7.0,451.0,858.0,57.0,61,10.0,57,253.0,57,78.0,37.0
BPT,2026-02,51.0,3.0,8.0,478.0,706.0,48.0,51,7.0,47,211.0,47,0.0,41.0
BPT,2026-03,62.0,4.0,9.0,1076.0,1241.0,58.0,62,11.0,57,295.0,58,1.0,0.0
BPT,2026-04,60.0,1.0,9.0,1093.0,1032.0,59.0,60,14.0,59,302.0,59,38.0,278.0
BPT,2026-05,61.0,1.0,8.0,1459.0,1146.0,60.0,61,15.0,59,295.0,59,57.0,575.0
BPT,2026-06,60.0,3.0,11.0,1381.0,992.0,57.0,60,9.0,57,274.0,57,461.0,360.0
BPT,2026-07,64.0,0.0,16.0,1654.0,1254.0,64.0,64,18.0,64,361.0,64,278.0,302.0
BQK,2026-01,4.0,1.0,3.0,153.0,53.0,3.0,4,3.0,3,12.0,3,115.0,7.0
BQN,2025-08,218.0,2.0,52.0,3897.0,2738.0,216.0,218,66.0,215,1209.0,216,577.0,698.0
BQN,2025-09,123.0,1.0,23.0,1539.0,1606.0,122.0,121,28.0,119,658.0,120,349.0,87.0
BQN,2025-10,159.0,1.0,29.0,1329.0,1948.0,158.0,161,43.0,159,887.0,160,627.0,65.0
BQN,2025-11,197.0,4.0,36.0,4125.0,2399.0,193.0,198,59.0,195,1234.0,195,614.0,0.0
BQN,2025-12,226.0,3.0,60.0,5371.0,3003.0,223.0,224,87.0,221,1298.0,221,1050.0,39.0
BQN,2026-01,174.0,15.0,44.0,2905.0,2091.0,159.0,174,48.0,162,888.0,162,810.0,0.0
BQN,2026-02,153.0,8.0,24.0,2978.0,1864.0,145.0,155,47.0,147,754.0,147,486.0,34.0
BQN,2026-03,167.0,5.0,33.0,2984.0,1991.0,162.0,167,56.0,160,837.0,161,974.0,5.0
BQN,2026-04,174.0,1.0,38.0,3093.0,2166.0,173.0,173,50.0,171,931.0,171,639.0,16.0
BQN,2026-05,188.0,1.0,34.0,2082.0,2277.0,187.0,189,39.0,188,1009.0,189,208.0,169.0
BQN,2026-06,213.0,1.0,58.0,6482.0,2579.0,212.0,212,52.0,208,1111.0,210,1157.0,158.0
BQN,2026-07,226.0,10.0,65.0,4468.0,2694.0,216.0,226,76.0,215,1134.0,216,712.0,483.0
BRD,2025-08,53.0,0.0,7.0,501.0,970.0,53.0,53,6.0,53,316.0,53,89.0,129.0
BRD,2025-09,53.0,0.0,8.0,441.0,1050.0,53.0,53,7.0,53,258.0,53,20.0,337.0
BRD,2025-10,53.0,0.0,3.0,187.0,616.0,53.0,53,5.0,53,253.0,53,63.0,42.0
BRD,2025-11,52.0,3.0,6.0,608.0,701.0,49.0,52,6.0,49,264.0,49,116.0,72.0
BRD,2025-12,53.0,3.0,13.0,980.0,1108.0,50.0,53,19.0,50,275.0,50,241.0,585.0
BRD,2026-01,53.0,0.0,12.0,1725.0,1122.0,53.0,53,13.0,53,279.0,53,93.0,601.0
BRD,2026-02,48.0,1.0,10.0,1114.0,681.0,47.0,48,11.0,48,267.0,48,87.0,244.0
BRD,2026-03,53.0,2.0,5.0,362.0,570.0,51.0,54,6.0,51,230.0,51,0.0,0.0
BRD,2026-04,51.0,1.0,5.0,361.0,884.0,50.0,51,4.0,50,285.0,50,0.0,65.0
BRD,2026-05,56.0,0.0,1.0,257.0,817.0,56.0,56,0.0,56,274.0,56,0.0,0.0
BRD,2026-06,51.0,0.0,5.0,503.0,772.0,51.0,51,5.0,51,269.0,51,12.0,155.0
BRD,2026-07,55.0,0.0,4.0,268.0,952.0,55.0,55,5.0,55,303.0,55,2.0,107.0
BRO,2025-08,124.0,2.0,24.0,2402.0,1546.0,122.0,124,29.0,122,616.0,122,361.0,505.0
BRO,2025-09,120.0,1.0,23.0,1428.0,1330.0,119.0,120,23.0,119,564.0,119,459.0,22.0
BRO,2025-10,123.0,2.0,11.0,928.0,1362.0,121.0,123,18.0,121,609.0,121,130.0,42.0
BRO,2025-11,126.0,10.0,14.0,1372.0,1394.0,116.0,126,16.0,116,539.0,116,146.0,47.0
BRO,2025-12,124.0,0.0,15.0,2225.0,1495.0,124.0,124,17.0,123,544.0,124,91.0,15.0
BRO,2026-01,118.0,7.0,15.0,1326.0,1346.0,111.0,118,16.0,111,489.0,111,200.0,343.0
BRO,2026-02,103.0,1.0,6.0,337.0,1156.0,102.0,103,5.0,102,559.0,102,0.0,0.0
BRO,2026-03,122.0,1.0,9.0,775.0,1438.0,121.0,122,13.0,121,724.0,121,15.0,26.0
BRO,2026-04,119.0,1.0,16.0,1787.0,1486.0,118.0,119,19.0,118,710.0,118,176.0,90.0
BRO,2026-05,124.0,5.0,20.0,1439.0,1443.0,119.0,124,22.0,118,725.0,119,305.0,206.0
BRO,2026-06,111.0,5.0,14.0,1119.0,1463.0,106.0,111,19.0,106,621.0,106,258.0,43.0
BRO,2026-07,109.0,0.0,16.0,856.0,1286.0,109.0,109,19.0,109,676.0,109,175.0,16.0
BRW,2025-08,31.0,3.0,9.0,917.0,312.0,28.0,31,13.0,28,129.0,28,62.0,0.0
BRW,2025-09,30.0,0.0,4.0,134.0,294.0,30.0,30,4.0,30,113.0,30,0.0,0.0
BRW,2025-10,31.0,1.0,8.0,733.0,320.0,30.0,31,8.0,30,129.0,30,16.0,0.0
BRW,2025-11,29.0,0.0,8.0,434.0,447.0,29.0,28,6.0,28,128.0,28,31.0,151.0
BRW,2025-12,28.0,3.0,16.0,1267.0,353.0,25.0,28,11.0,24,95.0,25,104.0,69.0
BRW,2026-01,30.0,1.0,13.0,744.0,208.0,29.0,30,14.0,30,121.0,30,103.0,378.0
BRW,2026-02,28.0,1.0,10.0,1155.0,161.0,27.0,28,5.0,27,126.0,28,38.0,54.0
BRW,2026-03,31.0,0.0,3.0,160.0,196.0,31.0,31,6.0,31,121.0,31,2.0,8.0
BRW,2026-04,30.0,0.0,8.0,391.0,168.0,30.0,30,7.0,30,124.0,30,0.0,62.0
BRW,2026-05,31.0,2.0,2.0,68.0,178.0,29.0,31,2.0,30,116.0,30,0.0,0.0
BRW,2026-06,30.0,2.0,5.0,322.0,152.0,28.0,30,5.0,28,107.0,28,0.0,0.0
BRW,2026-07,31.0,0.0,10.0,366.0,177.0,31.0,31,6.0,31,119.0,31,28.0,0.0
BTM,2025-08,62.0,0.0,9.0,1167.0,882.0,62.0,62,15.0,62,275.0,62,297.0,206.0
BTM,2025-09,60.0,0.0,4.0,1056.0,768.0,60.0,60,6.0,60,265.0,60,117.0,28.0
BTM,2025-10,62.0,0.0,2.0,172.0,1060.0,62.0,62,7.0,62,246.0,62,72.0,0.0
BTM,2025-11,59.0,1.0,0.0,0.0,1064.0,58.0,59,1.0,58,228.0,58,0.0,33.0
BTM,2025-12,60.0,0.0,7.0,1870.0,1441.0,60.0,60,7.0,59,273.0,60,61.0,442.0
BTM,2026-01,61.0,0.0,4.0,490.0,1268.0,61.0,61,6.0,61,259.0,61,46.0,0.0
BTM,2026-02,56.0,0.0,4.0,312.0,1076.0,56.0,56,7.0,56,250.0,56,105.0,68.0
BTM,2026-03,62.0,1.0,9.0,801.0,1101.0,61.0,62,6.0,61,279.0,61,64.0,0.0
BTM,2026-04,60.0,1.0,10.0,593.0,964.0,59.0,60,11.0,59,255.0,59,15.0,647.0
BTM,2026-05,62.0,0.0,8.0,1233.0,1141.0,62.0,62,18.0,61,268.0,62,114.0,37.0
BTM,2026-06,60.0,0.0,10.0,869.0,957.0,60.0,60,17.0,60,258.0,60,155.0,0.0
BTM,2026-07,62.0,0.0,11.0,888.0,977.0,62.0,62,14.0,61,269.0,62,115.0,295.0
BTR,2025-08,349.0,6.0,80.0,8445.0,5337.0,343.0,349,89.0,341,1654.0,341,899.0,981.0
BTR,2025-09,354.0,2.0,40.0,5323.0,5187.0,352.0,354,49.0,350,1619.0,351,377.0,161.0
BTR,2025-10,420.0,3.0,49.0,6574.0,7043.0,417.0,422,59.0,416,1973.0,418,784.0,140.0
BTR,2025-11,520.0,16.0,75.0,8734.0,8809.0,504.0,520,97.0,502,2456.0,502,669.0,965.0
BTR,2025-12,421.0,4.0,104.0,10405.0,6584.0,417.0,417,115.0,416,2224.0,416,683.0,1413.0
BTR,2026-01,360.0,31.0,48.0,4411.0,5210.0,329.0,362,51.0,331,1568.0,332,475.0,684.0
BTR,2026-02,325.0,8.0,56.0,4700.0,5074.0,317.0,324,59.0,318,1482.0,318,305.0,123.0
BTR,2026-03,376.0,18.0,78.0,9244.0,5807.0,358.0,377,78.0,359,1740.0,359,782.0,852.0
BTR,2026-04,443.0,7.0,79.0,11076.0,6793.0,436.0,442,91.0,436,2050.0,438,786.0,246.0
BTR,2026-05,366.0,14.0,78.0,10846.0,5164.0,352.0,367,80.0,349,1733.0,352,802.0,304.0
BTR,2026-06,380.0,17.0,84.0,7811.0,5480.0,363.0,380,99.0,358,2219.0,361,1018.0,1817.0
BTR,2026-07,361.0,5.0,80.0,11015.0,5368.0,356.0,360,103.0,352,1655.0,352,1140.0,1218.0
BTV,2025-08,579.0,11.0,114.0,16086.0,10356.0,568.0,579,124.0,568,3739.0,568,1129.0,1017.0
BTV,2025-09,565.0,2.0,100.0,9946.0,9687.0,563.0,565,91.0,561,3631.0,563,676.0,709.0
BTV,2025-10,670.0,2.0,134.0,13164.0,12583.0,668.0,670,146.0,664,4100.0,667,1660.0,13.0
BTV,2025-11,368.0,5.0,70.0,11406.0,10303.0,363.0,366,88.0,359,2119.0,362,817.0,32.0
BTV,2025-12,394.0,11.0,108.0,13391.0,12626.0,383.0,396,147.0,381,2911.0,385,2106.0,1530.0
BTV,2026-01,443.0,38.0,91.0,7970.0,11531.0,405.0,444,113.0,406,3494.0,407,1453.0,1007.0
BTV,2026-02,433.0,17.0,90.0,9407.0,12564.0,416.0,434,136.0,420,3459.0,422,1510.0,482.0
BTV,2026-03,438.0,19.0,74.0,8694.0,10198.0,419.0,435,117.0,406,2714.0,413,1440.0,692.0
BTV,2026-04,497.0,3.0,83.0,12149.0,9982.0,494.0,499,115.0,495,3235.0,497,1174.0,751.0
BTV,2026-05,549.0,6.0,74.0,6961.0,9719.0,543.0,547,98.0,541,3492.0,541,935.0,226.0
BTV,2026-06,554.0,34.0,119.0,14874.0,9659.0,520.0,554,117.0,518,3099.0,518,1879.0,707.0
BTV,2026-07,594.0,28.0,173.0,18004.0,10792.0,566.0,595,218.0,565,3690.0,566,2962.0,2423.0
BUF,2025-08,1886.0,19.0,415.0,37479.0,24809.0,1867.0,1882,475.0,1862,13387.0,1867,4927.0,2271.0
BUF,2025-09,1682.0,9.0,242.0,21017.0,21727.0,1673.0,1681,295.0,1670,10438.0,1671,3188.0,801.0
BUF,2025-10,1870.0,11.0,352.0,25178.0,25627.0,1859.0,1872,429.0,1857,10520.0,1859,3699.0,724.0
BUF,2025-11,1742.0,44.0,355.0,30624.0,30114.0,1698.0,1742,429.0,1693,9168.0,1693,5281.0,1889.0
BUF,2025-12,1649.0,90.0,469.0,41880.0,34496.0,1559.0,1645,555.0,1552,9167.0,1554,5120.0,2155.0
BUF,2026-01,1354.0,87.0,283.0,27302.0,30552.0,1267.0,1354,366.0,1266,7523.0,1267,3285.0,1826.0
BUF,2026-02,1388.0,46.0,304.0,31948.0,29788.0,1342.0,1392,397.0,1334,7425.0,1342,4435.0,6194.0
BUF,2026-03,1704.0,53.0,418.0,35289.0,26888.0,1651.0,1705,523.0,1642,8562.0,1644,4464.0,2068.0
BUF,2026-04,1699.0,16.0,311.0,20916.0,23994.0,1683.0,1699,390.0,1688,8939.0,1688,2786.0,616.0
BUF,2026-05,1936.0,14.0,353.0,25575.0,26678.0,1922.0,1938,451.0,1915,11624.0,1917,3813.0,984.0
BUF,2026-06,1865.0,53.0,421.0,32259.0,24217.0,1812.0,1862,465.0,1808,9515.0,1811,3863.0,1489.0
BUF,2026-07,1951.0,105.0,595.0,51355.0,25257.0,1846.0,1949,658.0,1835,11262.0,1836,7453.0,3051.0
BUR,2025-08,2626.0,19.0,436.0,30366.0,44878.0,2607.0,2625,519.0,2602,11394.0,2605,4458.0,638.0
BUR,2025-09,2496.0,14.0,371.0,26874.0,47542.0,2482.0,2496,390.0,2480,9220.0,2484,3874.0,292.0
BUR,2025-10,2624.0,28.0,558.0,36908.0,52134.0,2596.0,2626,596.0,2588,10851.0,2601,8417.0,413.0
BUR,2025-11,2604.0,52.0,518.0,43344.0,51019.0,2552.0,2604,499.0,2538,11630.0,2553,5555.0,1027.0
BUR,2025-12,2623.0,55.0,576.0,43888.0,44452.0,2572.0,2621,598.0,2539,12704.0,2563,6730.0,1948.0
BUR,2026-01,2141.0,27.0,282.0,21829.0,36178.0,2114.0,2143,338.0,2117,8594.0,2119,3389.0,1227.0
BUR,2026-02,2134.0,44.0,320.0,24785.0,35918.0,2090.0,2135,339.0,2077,8799.0,2086,2792.0,659.0
BUR,2026-03,2556.0,33.0,413.0,29586.0,44584.0,2523.0,2556,394.0,2518,10843.0,2523,1972.0,660.0
BUR,2026-04,2455.0,17.0,455.0,27537.0,43979.0,2438.0,2455,440.0,2436,9879.0,2438,2458.0,280.0
BUR,2026-05,2520.0,27.0,567.0,37473.0,45115.0,2493.0,2521,522.0,2491,10160.0,2492,2652.0,305.0
BUR,2026-06,2535.0,31.0,592.0,37604.0,44282.0,2504.0,2535,627.0,2509,10136.0,2510,3206.0,1035.0
BUR,2026-07,2626.0,28.0,572.0,38807.0,44427.0,2598.0,2626,604.0,2594,10796.0,2599,2779.0,1030.0
BWI,2025-08,8381.0,64.0,2083.0,134338.0,127174.0,8317.0,8381,1715.0,8290,55381.0,8305,22427.0,5795.0
BWI,2025-09,7968.0,14.0,1408.0,82439.0,119366.0,7954.0,7965,1076.0,7939,49716.0,7951,14573.0,3407.0
BWI,2025-10,8475.0,12.0,2002.0,105981.0,122239.0,8463.0,8479,1446.0,8460,47278.0,8462,8304.0,796.0
BWI,2025-11,7721.0,139.0,1540.0,97896.0,107795.0,7582.0,7722,1193.0,7576,40771.0,7577,10636.0,1202.0
BWI,2025-12,7863.0,100.0,2486.0,142710.0,125735.0,7763.0,7863,1808.0,7754,45521.0,7756,14338.0,1356.0
BWI,2026-01,6934.0,389.0,1270.0,74364.0,97018.0,6546.0,6932,965.0,6550,35610.0,6552,7358.0,2734.0
BWI,2026-02,6552.0,235.0,1455.0,85637.0,92974.0,6318.0,6551,1138.0,6265,32483.0,6305,10996.0,906.0
BWI,2026-03,7803.0,201.0,2627.0,171455.0,112196.0,7602.0,7799,1872.0,7549,42012.0,7594,21803.0,4135.0
BWI,2026-04,8041.0,27.0,1946.0,110936.0,119267.0,8014.0,8043,1389.0,7999,44334.0,8014,10621.0,2213.0
BWI,2026-05,8161.0,23.0,2317.0,136763.0,124848.0,8138.0,8163,1598.0,8124,45129.0,8135,15335.0,2748.0
BWI,2026-06,8045.0,93.0,2753.0,169520.0,120279.0,7952.0,8047,1873.0,7943,44089.0,7955,21467.0,5096.0
BWI,2026-07,8485.0,366.0,3238.0,219459.0,130091.0,8119.0,8488,2354.0,8072,47151.0,8108,38171.0,8523.0
BZN,2025-08,1300.0,6.0,282.0,25885.0,22709.0,1294.0,1301,276.0,1285,8650.0,1294,2220.0,646.0
BZN,2025-09,1081.0,3.0,148.0,10678.0,17200.0,1078.0,1080,147.0,1077,6301.0,1078,1052.0,139.0
BZN,2025-10,861.0,3.0,109.0,7359.0,14459.0,858.0,858,129.0,856,4307.0,857,999.0,52.0
BZN,2025-11,660.0,14.0,85.0,11148.0,12242.0,646.0,659,89.0,635,3161.0,646,792.0,1193.0
BZN,2025-12,941.0,9.0,241.0,22631.0,19887.0,932.0,944,248.0,930,6242.0,936,3860.0,442.0
BZN,2026-01,890.0,11.0,132.0,9897.0,16485.0,879.0,890,173.0,878,4879.0,879,1904.0,1161.0
BZN,2026-02,848.0,6.0,156.0,12007.0,15709.0,842.0,849,168.0,842,5156.0,843,2021.0,420.0
BZN,2026-03,1020.0,13.0,227.0,23967.0,19138.0,1007.0,1019,291.0,1006,6755.0,1007,4151.0,2031.0
BZN,2026-04,717.0,2.0,112.0,11026.0,13463.0,715.0,716,113.0,711,3310.0,714,1101.0,695.0
BZN,2026-05,849.0,6.0,148.0,10941.0,13797.0,843.0,850,172.0,847,4089.0,847,1052.0,579.0
BZN,2026-06,1258.0,8.0,295.0,25456.0,20307.0,1250.0,1258,306.0,1251,9038.0,1253,2700.0,944.0
BZN,2026-07,1379.0,17.0,373.0,30576.0,23152.0,1362.0,1380,350.0,1357,12625.0,1362,4052.0,735.0
CAE,2025-08,441.0,8.0,96.0,7949.0,6234.0,433.0,441,99.0,429,2308.0,433,1447.0,313.0
CAE,2025-09,492.0,4.0,64.0,5322.0,7336.0,488.0,494,78.0,491,2676.0,492,644.0,425.0
CAE,2025-10,550.0,2.0,88.0,6719.0,8990.0,548.0,549,110.0,545,2714.0,545,835.0,8.0
CAE,2025-11,483.0,23.0,79.0,10079.0,8098.0,460.0,485,109.0,465,2226.0,466,1467.0,335.0
CAE,2025-12,427.0,7.0,114.0,10252.0,7274.0,420.0,423,146.0,414,1988.0,416,1409.0,701.0
CAE,2026-01,446.0,37.0,81.0,10309.0,7390.0,409.0,450,94.0,409,2143.0,409,866.0,553.0
CAE,2026-02,397.0,17.0,66.0,5764.0,6565.0,380.0,394,82.0,381,1852.0,381,784.0,134.0
CAE,2026-03,391.0,24.0,78.0,8339.0,5645.0,367.0,393,89.0,373,1891.0,373,953.0,920.0
CAE,2026-04,433.0,6.0,86.0,7585.0,6531.0,427.0,432,81.0,426,2018.0,426,667.0,325.0
CAE,2026-05,505.0,7.0,93.0,8558.0,7527.0,498.0,507,107.0,501,2603.0,501,1126.0,439.0
CAE,2026-06,475.0,17.0,87.0,9716.0,6876.0,458.0,473,85.0,450,2207.0,450,1252.0,456.0
CAE,2026-07,455.0,21.0,119.0,16814.0,6545.0,434.0,455,146.0,430,2337.0,431,1529.0,898.0
CAK,2025-08,377.0,5.0,61.0,7057.0,6040.0,372.0,378,90.0,372,2030.0,372,669.0,1138.0
CAK,2025-09,326.0,0.0,42.0,4493.0,5548.0,326.0,326,61.0,326,1522.0,326,400.0,353.0
CAK,2025-10,394.0,0.0,50.0,5140.0,7501.0,394.0,394,63.0,394,1864.0,394,595.0,183.0
CAK,2025-11,366.0,17.0,66.0,7514.0,7162.0,349.0,366,97.0,349,1848.0,349,1837.0,702.0
CAK,2025-12,387.0,12.0,134.0,17176.0,10544.0,375.0,387,163.0,370,2254.0,373,2244.0,1671.0
CAK,2026-01,352.0,28.0,80.0,9267.0,8849.0,324.0,352,106.0,324,1928.0,324,1493.0,660.0
CAK,2026-02,340.0,12.0,79.0,10218.0,7844.0,328.0,340,107.0,328,1759.0,331,1146.0,1236.0
CAK,2026-03,446.0,34.0,120.0,15007.0,8695.0,412.0,446,156.0,416,2350.0,416,2115.0,1443.0
CAK,2026-04,450.0,18.0,110.0,13233.0,8668.0,432.0,450,141.0,432,2394.0,433,1549.0,871.0
CAK,2026-05,484.0,7.0,79.0,8723.0,8861.0,477.0,485,140.0,480,3204.0,480,1902.0,752.0
CAK,2026-06,499.0,19.0,127.0,15274.0,8173.0,480.0,499,154.0,483,3578.0,484,1855.0,1614.0
CAK,2026-07,505.0,14.0,120.0,11872.0,7689.0,491.0,505,160.0,488,2767.0,491,1510.0,1258.0
CDC,2025-08,52.0,0.0,3.0,206.0,858.0,52.0,52,4.0,52,174.0,52,2.0,0.0
CDC,2025-09,53.0,0.0,1.0,85.0,1178.0,53.0,53,2.0,53,172.0,53,0.0,0.0
CDC,2025-10,54.0,0.0,2.0,184.0,983.0,54.0,54,3.0,54,181.0,54,14.0,12.0
CDC,2025-11,51.0,3.0,1.0,79.0,832.0,48.0,51,1.0,48,150.0,48,0.0,0.0
CDC,2025-12,54.0,0.0,3.0,117.0,1089.0,54.0,54,4.0,54,157.0,54,0.0,0.0
CDC,2026-01,53.0,0.0,2.0,300.0,858.0,53.0,53,2.0,53,168.0,53,0.0,30.0
CDC,2026-02,48.0,0.0,1.0,197.0,775.0,48.0,48,2.0,48,144.0,48,91.0,121.0
CDC,2026-03,53.0,0.0,1.0,864.0,933.0,53.0,53,1.0,53,188.0,53,0.0,0.0
CDC,2026-04,51.0,0.0,2.0,187.0,1007.0,51.0,51,6.0,51,170.0,51,64.0,143.0
CDC,2026-05,54.0,0.0,4.0,2221.0,930.0,54.0,54,2.0,53,162.0,54,0.0,0.0
CDC,2026-06,51.0,0.0,2.0,360.0,863.0,51.0,51,3.0,51,154.0,51,0.0,208.0
CDC,2026-07,55.0,0.0,2.0,183.0,976.0,55.0,55,5.0,55,177.0,55,5.0,24.0
CDV,2025-08,62.0,0.0,19.0,714.0,682.0,62.0,62,8.0,62,259.0,62,0.0,0.0
CDV,2025-09,60.0,2.0,18.0,576.0,747.0,58.0,60,1.0,58,251.0,58,9.0,0.0
CDV,2025-10,62.0,0.0,6.0,568.0,660.0,62.0,62,8.0,62,244.0,62,95.0,0.0
CDV,2025-11,58.0,1.0,7.0,313.0,600.0,57.0,57,9.0,57,226.0,57,131.0,0.0
CDV,2025-12,60.0,3.0,9.0,938.0,739.0,57.0,60,11.0,52,191.0,52,67.0,139.0
CDV,2026-01,60.0,6.0,12.0,1293.0,388.0,54.0,60,11.0,51,212.0,52,237.0,304.0
CDV,2026-02,56.0,1.0,10.0,445.0,313.0,55.0,56,9.0,54,211.0,54,15.0,92.0
CDV,2026-03,62.0,1.0,11.0,826.0,333.0,61.0,62,10.0,60,262.0,60,80.0,90.0
CDV,2026-04,60.0,0.0,8.0,278.0,351.0,60.0,60,7.0,60,248.0,60,36.0,0.0
CDV,2026-05,62.0,0.0,10.0,503.0,371.0,62.0,62,9.0,61,246.0,61,36.0,0.0
CDV,2026-06,60.0,0.0,5.0,338.0,322.0,60.0,60,6.0,60,231.0,60,0.0,0.0
CDV,2026-07,62.0,0.0,6.0,327.0,293.0,62.0,62,8.0,62,224.0,62,0.0,0.0
CHA,2025-08,406.0,5.0,93.0,9210.0,6385.0,401.0,406,107.0,400,2777.0,402,1667.0,744.0
CHA,2025-09,455.0,3.0,74.0,6886.0,6845.0,452.0,455,79.0,454,2985.0,454,449.0,384.0
CHA,2025-10,521.0,3.0,97.0,7584.0,8453.0,518.0,521,115.0,516,3845.0,516,1001.0,228.0
CHA,2025-11,446.0,11.0,84.0,8081.0,7956.0,435.0,447,104.0,430,3168.0,432,1567.0,1285.0
CHA,2025-12,349.0,3.0,107.0,11860.0,5992.0,346.0,345,99.0,338,2614.0,340,660.0,338.0
CHA,2026-01,339.0,29.0,53.0,5351.0,6118.0,310.0,341,64.0,310,1722.0,310,552.0,435.0
CHA,2026-02,322.0,4.0,62.0,7111.0,5728.0,318.0,321,80.0,319,1979.0,319,592.0,211.0
CHA,2026-03,438.0,26.0,114.0,14361.0,6972.0,412.0,440,133.0,414,2683.0,414,1900.0,564.0
CHA,2026-04,527.0,18.0,114.0,10709.0,9075.0,509.0,528,139.0,512,3267.0,512,1217.0,738.0
CHA,2026-05,443.0,12.0,87.0,9542.0,6948.0,431.0,441,110.0,428,2832.0,428,816.0,970.0
CHA,2026-06,424.0,14.0,101.0,8857.0,6264.0,410.0,423,105.0,406,2338.0,406,862.0,1181.0
CHA,2026-07,435.0,11.0,138.0,14434.0,6306.0,424.0,436,164.0,419,2709.0,421,1974.0,747.0
CHO,2025-08,98.0,3.0,19.0,2043.0,1607.0,95.0,98,16.0,92,486.0,94,135.0,0.0
CHO,2025-09,114.0,0.0,21.0,2122.0,2126.0,114.0,114,31.0,113,577.0,114,104.0,0.0
CHO,2025-10,181.0,1.0,28.0,2088.0,2828.0,180.0,182,35.0,181,928.0,181,401.0,0.0
CHO,2025-11,212.0,18.0,36.0,3674.0,3683.0,194.0,212,48.0,198,971.0,198,1134.0,229.0
CHO,2025-12,187.0,12.0,69.0,9914.0,3847.0,175.0,187,68.0,174,947.0,175,1137.0,205.0
CHO,2026-01,127.0,9.0,34.0,3293.0,2065.0,118.0,126,37.0,116,630.0,117,440.0,97.0
CHO,2026-02,114.0,3.0,26.0,3689.0,1914.0,111.0,114,35.0,111,545.0,111,438.0,0.0
CHO,2026-03,150.0,18.0,55.0,8375.0,2655.0,132.0,151,66.0,131,699.0,134,1005.0,344.0
CHO,2026-04,175.0,9.0,48.0,5151.0,3407.0,166.0,175,54.0,166,810.0,167,527.0,899.0
CHO,2026-05,152.0,2.0,31.0,3601.0,2967.0,150.0,151,42.0,147,775.0,148,406.0,79.0
CHO,2026-06,141.0,4.0,21.0,2424.0,2330.0,137.0,142,24.0,140,741.0,140,515.0,0.0
CHO,2026-07,154.0,6.0,29.0,5624.0,2767.0,148.0,154,49.0,148,723.0,149,744.0,759.0
CHS,2025-08,2071.0,32.0,392.0,32053.0,31328.0,2039.0,2067,475.0,2028,16491.0,2037,4764.0,1052.0
CHS,2025-09,1881.0,6.0,281.0,20969.0,28706.0,1875.0,1882,301.0,1877,15525.0,1877,2405.0,1250.0
CHS,2025-10,2149.0,10.0,450.0,37107.0,33498.0,2139.0,2149,453.0,2138,17304.0,2139,4939.0,527.0
CHS,2025-11,2082.0,46.0,393.0,35000.0,32873.0,2036.0,2082,419.0,2039,16229.0,2040,5121.0,469.0
CHS,2025-12,2030.0,39.0,481.0,43453.0,31237.0,1991.0,2029,580.0,1982,17001.0,1992,6575.0,1603.0
CHS,2026-01,1817.0,121.0,284.0,26819.0,28474.0,1696.0,1817,369.0,1683,14735.0,1687,4335.0,2997.0
CHS,2026-02,1680.0,63.0,278.0,23075.0,28939.0,1617.0,1679,352.0,1637,13400.0,1638,3494.0,1165.0
CHS,2026-03,2199.0,93.0,454.0,41495.0,36096.0,2106.0,2201,547.0,2121,15051.0,2121,5608.0,1798.0
CHS,2026-04,2167.0,16.0,410.0,35232.0,36083.0,2151.0,2168,431.0,2153,16785.0,2154,4196.0,822.0
CHS,2026-05,2200.0,16.0,402.0,35969.0,36768.0,2184.0,2199,475.0,2186,17711.0,2186,4764.0,1296.0
CHS,2026-06,2117.0,51.0,448.0,42447.0,34284.0,2066.0,2116,527.0,2064,16979.0,2067,4740.0,2230.0
CHS,2026-07,2172.0,84.0,605.0,61549.0,37070.0,2089.0,2172,723.0,2081,21417.0,2099,9746.0,3310.0
CID,2025-08,661.0,9.0,125.0,12005.0,9604.0,652.0,660,147.0,649,4461.0,651,1379.0,781.0
CID,2025-09,680.0,8.0,91.0,7875.0,10188.0,672.0,681,117.0,677,4155.0,677,1335.0,501.0
CID,2025-10,714.0,1.0,111.0,6920.0,10266.0,713.0,713,130.0,711,4394.0,712,1063.0,266.0
CID,2025-11,636.0,37.0,159.0,15740.0,9986.0,599.0,636,161.0,602,5409.0,606,2150.0,2518.0
CID,2025-12,642.0,36.0,186.0,27913.0,12089.0,606.0,642,209.0,602,6368.0,607,3360.0,4565.0
CID,2026-01,684.0,27.0,148.0,16501.0,12403.0,657.0,684,176.0,656,5471.0,659,1934.0,1205.0
CID,2026-02,683.0,4.0,156.0,14488.0,11857.0,679.0,684,186.0,680,5066.0,681,1746.0,1729.0
CID,2026-03,801.0,45.0,197.0,28924.0,12166.0,756.0,802,239.0,762,5648.0,763,2710.0,2563.0
CID,2026-04,761.0,23.0,157.0,18072.0,10934.0,738.0,762,207.0,740,5041.0,740,2089.0,2941.0
CID,2026-05,734.0,4.0,119.0,12135.0,10627.0,730.0,733,177.0,729,4383.0,730,1510.0,2674.0
CID,2026-06,687.0,15.0,132.0,16763.0,9501.0,672.0,687,151.0,674,4513.0,675,1772.0,765.0
CID,2026-07,714.0,18.0,148.0,16262.0,10400.0,696.0,714,193.0,701,5215.0,702,2418.0,901.0
CIU,2025-08,93.0,1.0,13.0,1300.0,1692.0,92.0,93,14.0,92,417.0,92,55.0,105.0
CIU,2025-09,88.0,0.0,17.0,1049.0,1589.0,88.0,88,17.0,88,432.0,88,5.0,331.0
CIU,2025-10,62.0,0.0,6.0,422.0,1119.0,62.0,62,8.0,62,264.0,62,2.0,0.0
CIU,2025-11,58.0,0.0,7.0,1334.0,1625.0,58.0,58,11.0,58,259.0,58,90.0,41.0
CIU,2025-12,62.0,5.0,12.0,1625.0,2115.0,57.0,62,16.0,56,298.0,56,137.0,715.0
CIU,2026-01,62.0,10.0,13.0,1473.0,1706.0,52.0,62,22.0,53,254.0,53,92.0,579.0
CIU,2026-02,56.0,8.0,17.0,3490.0,1609.0,48.0,56,20.0,48,249.0,49,124.0,813.0
CIU,2026-03,62.0,11.0,13.0,1701.0,1267.0,51.0,62,15.0,49,211.0,51,73.0,435.0
CIU,2026-04,56.0,6.0,14.0,2836.0,984.0,50.0,56,13.0,49,254.0,50,64.0,510.0
CIU,2026-05,65.0,1.0,11.0,1449.0,1128.0,64.0,65,12.0,63,290.0,63,83.0,204.0
CIU,2026-06,73.0,0.0,11.0,1072.0,1255.0,73.0,73,13.0,73,379.0,73,58.0,52.0
CIU,2026-07,85.0,7.0,22.0,2029.0,1386.0,78.0,85,24.0,79,568.0,79,235.0,1329.0
CKB,2025-08,21.0,1.0,12.0,1840.0,164.0,20.0,21,9.0,20,110.0,20,20.0,356.0
CKB,2025-09,8.0,0.0,2.0,176.0,82.0,8.0,8,1.0,8,45.0,8,0.0,55.0
CKB,2025-10,9.0,0.0,9.0,1806.0,85.0,9.0,9,8.0,9,55.0,9,29.0,132.0
CKB,2025-11,9.0,0.0,6.0,562.0,101.0,9.0,9,5.0,9,54.0,9,53.0,193.0
CKB,2025-12,11.0,0.0,6.0,438.0,108.0,11.0,11,5.0,11,52.0,11,55.0,0.0
CKB,2026-01,9.0,0.0,5.0,466.0,212.0,9.0,9,5.0,9,42.0,9,59.0,211.0
CKB,2026-02,13.0,0.0,6.0,740.0,166.0,13.0,13,5.0,13,78.0,13,105.0,0.0
CKB,2026-03,18.0,2.0,5.0,352.0,119.0,16.0,18,4.0,16,95.0,16,19.0,29.0
CKB,2026-04,46.0,1.0,18.0,2966.0,679.0,45.0,47,22.0,46,210.0,46,185.0,71.0
CKB,2026-05,78.0,2.0,17.0,2352.0,1047.0,76.0,78,28.0,76,342.0,76,169.0,338.0
CKB,2026-06,89.0,1.0,22.0,1778.0,1412.0,88.0,89,29.0,87,416.0,88,541.0,7.0
CKB,2026-07,93.0,1.0,29.0,3575.0,1471.0,92.0,93,28.0,93,455.0,93,192.0,185.0
CLD,2025-08,61.0,0.0,7.0,533.0,801.0,61.0,61,5.0,61,301.0,61,1.0,212.0
CLD,2025-09,60.0,1.0,8.0,913.0,707.0,59.0,60,6.0,59,289.0,59,77.0,0.0
CLD,2025-10,62.0,0.0,8.0,455.0,927.0,62.0,62,10.0,62,316.0,62,93.0,0.0
CLD,2025-11,60.0,1.0,8.0,622.0,1046.0,59.0,60,11.0,58,324.0,58,79.0,61.0
CLD,2025-12,61.0,0.0,1.0,82.0,912.0,61.0,61,11.0,61,300.0,61,24.0,0.0
CLD,2026-01,62.0,0.0,9.0,443.0,896.0,62.0,62,16.0,62,334.0,62,183.0,0.0
CLD,2026-02,59.0,9.0,4.0,417.0,775.0,50.0,59,6.0,50,247.0,50,72.0,0.0
CLD,2026-03,72.0,0.0,5.0,753.0,1011.0,72.0,74,8.0,74,444.0,74,10.0,0.0
CLD,2026-04,180.0,1.0,27.0,2526.0,3776.0,179.0,180,20.0,179,1539.0,179,478.0,0.0
CLD,2026-05,204.0,0.0,49.0,3525.0,3794.0,204.0,204,49.0,203,1503.0,204,711.0,88.0
CLD,2026-06,240.0,0.0,56.0,3581.0,4668.0,240.0,240,72.0,240,1412.0,240,456.0,289.0
CLD,2026-07,243.0,0.0,72.0,5125.0,4540.0,243.0,243,72.0,241,1387.0,243,2276.0,282.0
CLE,2025-08,3492.0,63.0,598.0,50010.0,51057.0,3430.0,3520,838.0,3462,27801.0,3463,6359.0,4175.0
CLE,2025-09,3240.0,20.0,421.0,39123.0,49154.0,3220.0,3265,499.0,3245,23505.0,3248,4657.0,1692.0
CLE,2025-10,3467.0,16.0,556.0,45326.0,53349.0,3451.0,3496,726.0,3481,27024.0,3481,6096.0,625.0
CLE,2025-11,3237.0,76.0,581.0,52676.0,56131.0,3161.0,3269,718.0,3191,27013.0,3194,7768.0,1334.0
CLE,2025-12,3252.0,104.0,765.0,65153.0,70507.0,3148.0,3271,908.0,3170,29681.0,3177,8313.0,4248.0
CLE,2026-01,2874.0,153.0,564.0,51091.0,64067.0,2721.0,2876,688.0,2722,27123.0,2727,7485.0,4273.0
CLE,2026-02,2770.0,60.0,521.0,45005.0,53445.0,2710.0,2769,606.0,2700,24483.0,2712,6001.0,1204.0
CLE,2026-03,3530.0,128.0,769.0,76351.0,56766.0,3402.0,3538,1013.0,3404,32205.0,3418,11651.0,4205.0
CLE,2026-04,3498.0,35.0,543.0,44148.0,52148.0,3463.0,3500,721.0,3458,30230.0,3465,7930.0,2018.0
CLE,2026-05,3745.0,36.0,550.0,47918.0,54650.0,3710.0,3741,745.0,3702,30925.0,3707,7040.0,2126.0
CLE,2026-06,3675.0,82.0,733.0,65851.0,53611.0,3593.0,3675,876.0,3593,32219.0,3599,9198.0,5294.0
CLE,2026-07,3736.0,158.0,875.0,81718.0,53459.0,3578.0,3735,1076.0,3584,31939.0,3587,12007.0,5586.0
CLL,2025-08,119.0,4.0,16.0,1529.0,1635.0,115.0,119,22.0,114,545.0,114,162.0,67.0
CLL,2025-09,120.0,1.0,13.0,1291.0,1661.0,119.0,120,13.0,118,543.0,119,169.0,94.0
CLL,2025-10,125.0,2.0,18.0,1926.0,1679.0,123.0,125,18.0,123,539.0,123,97.0,45.0
CLL,2025-11,114.0,5.0,14.0,1698.0,1739.0,109.0,114,12.0,108,476.0,109,129.0,58.0
CLL,2025-12,107.0,0.0,11.0,1228.0,1544.0,107.0,107,13.0,107,478.0,107,100.0,153.0
CLL,2026-01,92.0,8.0,8.0,778.0,1179.0,84.0,92,11.0,84,365.0,85,79.0,35.0
CLL,2026-02,80.0,1.0,9.0,592.0,1027.0,79.0,80,9.0,79,341.0,79,68.0,22.0
CLL,2026-03,93.0,3.0,12.0,771.0,1273.0,90.0,93,14.0,90,402.0,90,123.0,39.0
CLL,2026-04,90.0,2.0,12.0,1136.0,1159.0,88.0,90,15.0,87,399.0,87,100.0,98.0
CLL,2026-05,93.0,3.0,17.0,2016.0,1250.0,90.0,93,14.0,90,420.0,90,124.0,130.0
CLL,2026-06,90.0,7.0,22.0,2505.0,953.0,83.0,90,14.0,82,394.0,82,94.0,166.0
CLL,2026-07,92.0,0.0,10.0,820.0,1080.0,92.0,92,14.0,92,435.0,92,84.0,36.0
CLT,2025-08,15628.0,142.0,4175.0,315521.0,315643.0,15486.0,15631,2970.0,15459,197334.0,15482,27204.0,16140.0
CLT,2025-09,15192.0,56.0,2592.0,184141.0,305010.0,15137.0,15204,1855.0,15123,191844.0,15144,15406.0,8785.0
CLT,2025-10,16273.0,38.0,3148.0,222697.0,331694.0,16235.0,16266,2322.0,16223,199226.0,16228,19551.0,2590.0
CLT,2025-11,14945.0,217.0,2842.0,211715.0,304433.0,14730.0,14937,2346.0,14701,183421.0,14710,36215.0,6446.0
CLT,2025-12,14975.0,123.0,4121.0,299670.0,298905.0,14856.0,14969,3436.0,14804,179197.0,14818,33509.0,19925.0
CLT,2026-01,14222.0,1561.0,2650.0,201313.0,248194.0,12662.0,14228,2309.0,12680,153584.0,12703,23389.0,20353.0
CLT,2026-02,13192.0,452.0,2881.0,215337.0,253859.0,12743.0,13186,2168.0,12664,153879.0,12688,16367.0,7919.0
CLT,2026-03,15278.0,363.0,3929.0,310720.0,305254.0,14918.0,15288,2911.0,14877,188567.0,14905,25915.0,12180.0
CLT,2026-04,15396.0,36.0,3287.0,230651.0,321345.0,15361.0,15399,2254.0,15352,199328.0,15356,14476.0,5511.0
CLT,2026-05,15778.0,47.0,3663.0,248312.0,331706.0,15731.0,15771,2548.0,15687,208452.0,15713,19460.0,9377.0
CLT,2026-06,15079.0,252.0,4365.0,351254.0,312092.0,14832.0,15082,3027.0,14784,202886.0,14829,28398.0,20753.0
CLT,2026-07,15548.0,347.0,5851.0,491574.0,333637.0,15205.0,15544,4107.0,15149,199805.0,15189,36909.0,17762.0
CMH,2025-08,3758.0,53.0,600.0,48250.0,58891.0,3705.0,3758,801.0,3708,28269.0,3709,7367.0,3655.0
CMH,2025-09,3726.0,19.0,545.0,39457.0,58332.0,3708.0,3722,620.0,3699,29220.0,3702,6593.0,1312.0
CMH,2025-10,4031.0,29.0,696.0,51728.0,65522.0,4002.0,4035,859.0,4004,31344.0,4009,8743.0,866.0
CMH,2025-11,3641.0,66.0,655.0,53085.0,61047.0,3575.0,3642,725.0,3552,26465.0,3557,7937.0,1919.0
CMH,2025-12,3567.0,60.0,934.0,73958.0,69721.0,3507.0,3559,944.0,3494,26383.0,3499,9648.0,3746.0
CMH,2026-01,3296.0,207.0,530.0,45217.0,57299.0,3089.0,3304,627.0,3088,23379.0,3088,6302.0,4469.0
CMH,2026-02,3231.0,88.0,555.0,42927.0,57865.0,3143.0,3231,674.0,3108,21918.0,3127,6908.0,4314.0
CMH,2026-03,4010.0,130.0,924.0,82546.0,64265.0,3880.0,4010,1060.0,3869,28731.0,3880,12192.0,3084.0
CMH,2026-04,3713.0,19.0,572.0,43904.0,54325.0,3695.0,3711,739.0,3688,26160.0,3690,8210.0,1431.0
CMH,2026-05,3860.0,47.0,623.0,45483.0,56724.0,3814.0,3862,780.0,3820,26196.0,3822,6154.0,5123.0
CMH,2026-06,3876.0,61.0,773.0,60629.0,56668.0,3815.0,3876,914.0,3803,27927.0,3811,9315.0,4182.0
CMH,2026-07,4002.0,125.0,846.0,72716.0,55655.0,3878.0,4003,1107.0,3856,27416.0,3860,11959.0,5555.0
CMI,2025-08,146.0,3.0,26.0,2051.0,1771.0,143.0,146,34.0,143,749.0,143,315.0,235.0
CMI,2025-09,128.0,1.0,13.0,1110.0,1429.0,127.0,128,17.0,127,565.0,127,132.0,63.0
CMI,2025-10,165.0,0.0,31.0,2602.0,2304.0,165.0,165,39.0,165,944.0,165,284.0,207.0
CMI,2025-11,163.0,13.0,22.0,1717.0,2412.0,150.0,163,28.0,149,803.0,150,500.0,198.0
CMI,2025-12,159.0,9.0,43.0,4088.0,2284.0,150.0,159,50.0,149,930.0,150,798.0,565.0
CMI,2026-01,149.0,4.0,30.0,2980.0,1938.0,145.0,149,44.0,145,785.0,145,764.0,352.0
CMI,2026-02,136.0,0.0,20.0,1548.0,1756.0,136.0,136,30.0,136,712.0,136,513.0,121.0
CMI,2026-03,146.0,5.0,28.0,2304.0,1915.0,141.0,146,27.0,140,701.0,140,420.0,169.0
CMI,2026-04,146.0,6.0,23.0,1762.0,1738.0,140.0,146,31.0,140,700.0,141,184.0,257.0
CMI,2026-05,151.0,3.0,19.0,2050.0,2146.0,148.0,151,25.0,147,790.0,149,237.0,39.0
CMI,2026-06,145.0,6.0,31.0,5501.0,2019.0,139.0,145,35.0,139,645.0,139,256.0,279.0
CMI,2026-07,151.0,3.0,25.0,3749.0,2050.0,148.0,151,28.0,147,704.0,147,154.0,74.0
CMX,2025-08,84.0,3.0,15.0,1653.0,1365.0,81.0,84,23.0,82,397.0,82,310.0,0.0
CMX,2025-09,80.0,0.0,21.0,3878.0,1208.0,80.0,80,15.0,75,390.0,80,53.0,1364.0
CMX,2025-10,62.0,0.0,5.0,988.0,977.0,62.0,62,10.0,62,320.0,62,67.0,25.0
CMX,2025-11,59.0,5.0,10.0,1770.0,1163.0,54.0,59,10.0,53,255.0,53,161.0,0.0
CMX,2025-12,61.0,7.0,18.0,4023.0,1571.0,54.0,61,23.0,54,260.0,54,424.0,595.0
CMX,2026-01,62.0,10.0,19.0,3033.0,1840.0,52.0,62,19.0,53,261.0,54,415.0,136.0
CMX,2026-02,56.0,4.0,11.0,1904.0,1446.0,52.0,56,20.0,52,254.0,52,118.0,852.0
CMX,2026-03,62.0,9.0,14.0,2317.0,1254.0,53.0,63,26.0,53,250.0,53,1118.0,134.0
CMX,2026-04,60.0,7.0,16.0,4200.0,990.0,53.0,60,16.0,52,257.0,53,1046.0,770.0
CMX,2026-05,62.0,1.0,11.0,1819.0,1113.0,61.0,62,18.0,59,305.0,61,291.0,0.0
CMX,2026-06,64.0,2.0,13.0,1549.0,1021.0,62.0,64,14.0,59,303.0,60,119.0,1192.0
CMX,2026-07,80.0,8.0,13.0,1039.0,1370.0,72.0,80,32.0,73,359.0,73,471.0,358.0
COD,2025-08,123.0,2.0,34.0,2619.0,2695.0,121.0,123,29.0,120,571.0,120,389.0,33.0
COD,2025-09,88.0,0.0,21.0,2233.0,2241.0,88.0,88,16.0,87,395.0,88,112.0,94.0
COD,2025-10,62.0,0.0,9.0,2028.0,1556.0,62.0,62,7.0,58,275.0,62,9.0,47.0
COD,2025-11,60.0,0.0,10.0,1381.0,1701.0,60.0,60,6.0,60,266.0,60,33.0,47.0
COD,2025-12,62.0,1.0,18.0,2091.0,1546.0,61.0,62,13.0,56,272.0,61,101.0,158.0
COD,2026-01,62.0,1.0,13.0,1068.0,1518.0,61.0,62,14.0,60,281.0,61,48.0,0.0
COD,2026-02,56.0,1.0,15.0,2542.0,1225.0,55.0,57,9.0,55,259.0,55,57.0,0.0
COD,2026-03,62.0,3.0,13.0,1984.0,1325.0,59.0,62,10.0,56,275.0,59,87.0,511.0
COD,2026-04,60.0,0.0,16.0,1260.0,1492.0,60.0,60,11.0,60,263.0,60,40.0,253.0
COD,2026-05,77.0,0.0,27.0,3763.0,1743.0,77.0,77,12.0,76,408.0,77,62.0,16.0
COD,2026-06,103.0,0.0,32.0,3510.0,2415.0,103.0,103,25.0,101,531.0,103,167.0,420.0
COD,2026-07,128.0,1.0,33.0,2319.0,3119.0,127.0,129,25.0,128,637.0,128,159.0,90.0
COS,2025-08,1237.0,11.0,285.0,26345.0,25202.0,1226.0,1236,364.0,1211,8806.0,1219,4627.0,2775.0
COS,2025-09,1156.0,8.0,175.0,12649.0,23801.0,1148.0,1156,207.0,1147,7248.0,1148,2157.0,1210.0
COS,2025-10,1227.0,3.0,200.0,14114.0,25161.0,1224.0,1227,249.0,1223,8210.0,1223,2240.0,519.0
COS,2025-11,1112.0,46.0,181.0,12898.0,22248.0,1066.0,1112,213.0,1066,7069.0,1066,1803.0,835.0
COS,2025-12,1114.0,8.0,256.0,21517.0,24040.0,1106.0,1113,294.0,1101,7576.0,1104,3708.0,1853.0
COS,2026-01,924.0,21.0,157.0,13948.0,20725.0,903.0,920,188.0,895,5734.0,897,1385.0,1613.0
COS,2026-02,854.0,2.0,144.0,12193.0,17731.0,852.0,856,157.0,853,5339.0,855,1102.0,800.0
COS,2026-03,1059.0,12.0,208.0,23724.0,21271.0,1047.0,1060,223.0,1047,6716.0,1049,2142.0,1764.0
COS,2026-04,1034.0,5.0,180.0,15556.0,19652.0,1029.0,1034,218.0,1027,6577.0,1027,1430.0,1348.0
COS,2026-05,1119.0,10.0,216.0,18352.0,21801.0,1109.0,1120,275.0,1108,7130.0,1108,1737.0,1595.0
COS,2026-06,1160.0,19.0,291.0,23763.0,22280.0,1141.0,1161,354.0,1145,7934.0,1146,2451.0,1597.0
COS,2026-07,1189.0,5.0,309.0,24516.0,23553.0,1184.0,1188,386.0,1181,8123.0,1182,2505.0,3636.0
COU,2025-08,170.0,5.0,42.0,2451.0,2411.0,165.0,170,46.0,165,912.0,165,697.0,114.0
COU,2025-09,230.0,3.0,45.0,3398.0,3232.0,227.0,232,43.0,229,1361.0,229,830.0,170.0
COU,2025-10,320.0,3.0,53.0,4665.0,5405.0,317.0,320,62.0,317,1654.0,317,539.0,217.0
COU,2025-11,298.0,19.0,54.0,4710.0,5038.0,279.0,298,63.0,277,1633.0,280,1891.0,398.0
COU,2025-12,332.0,11.0,87.0,10837.0,6639.0,321.0,332,115.0,319,1567.0,321,2249.0,973.0
COU,2026-01,307.0,14.0,66.0,7088.0,5746.0,293.0,307,81.0,292,1336.0,292,2054.0,804.0
COU,2026-02,267.0,1.0,32.0,2944.0,4591.0,266.0,267,60.0,266,1126.0,266,626.0,112.0
COU,2026-03,322.0,15.0,63.0,6786.0,5388.0,307.0,322,80.0,304,1485.0,306,947.0,261.0
COU,2026-04,341.0,14.0,64.0,8314.0,5536.0,327.0,341,72.0,324,1755.0,325,1113.0,890.0
COU,2026-05,337.0,8.0,55.0,7484.0,5403.0,329.0,338,53.0,328,1703.0,331,631.0,223.0
COU,2026-06,360.0,11.0,72.0,8183.0,5596.0,349.0,360,83.0,346,2009.0,349,1437.0,262.0
COU,2026-07,351.0,7.0,69.0,5756.0,5268.0,344.0,351,62.0,342,1793.0,342,600.0,796.0
CPR,2025-08,214.0,0.0,57.0,6603.0,4956.0,214.0,214,64.0,211,1036.0,211,1217.0,577.0
CPR,2025-09,209.0,0.0,27.0,2552.0,4552.0,209.0,209,44.0,208,1038.0,209,867.0,191.0
CPR,2025-10,216.0,0.0,20.0,2456.0,5975.0,216.0,216,30.0,215,967.0,216,624.0,64.0
CPR,2025-11,207.0,3.0,12.0,914.0,5207.0,204.0,207,19.0,204,848.0,204,176.0,81.0
CPR,2025-12,217.0,1.0,41.0,3771.0,5365.0,216.0,217,56.0,216,903.0,216,900.0,361.0
CPR,2026-01,217.0,3.0,21.0,3612.0,5107.0,214.0,218,44.0,213,1056.0,214,296.0,113.0
CPR,2026-02,194.0,2.0,21.0,2624.0,4677.0,192.0,194,33.0,193,899.0,193,915.0,25.0
CPR,2026-03,215.0,6.0,28.0,2992.0,4418.0,209.0,215,46.0,209,982.0,209,396.0,237.0
CPR,2026-04,209.0,4.0,31.0,3485.0,4425.0,205.0,209,38.0,204,975.0,205,188.0,104.0
CPR,2026-05,226.0,1.0,41.0,2778.0,5618.0,225.0,226,46.0,225,1108.0,225,342.0,15.0
CPR,2026-06,236.0,0.0,62.0,5239.0,5026.0,236.0,236,89.0,236,1283.0,236,983.0,621.0
CPR,2026-07,240.0,0.0,55.0,6021.0,4861.0,240.0,240,65.0,238,1315.0,239,813.0,706.0
CRP,2025-08,356.0,4.0,60.0,5017.0,5243.0,352.0,357,76.0,354,1566.0,354,684.0,702.0
CRP,2025-09,324.0,2.0,40.0,2341.0,4802.0,322.0,323,43.0,321,1394.0,321,470.0,95.0
CRP,2025-10,362.0,2.0,39.0,2793.0,5764.0,360.0,362,59.0,360,1556.0,360,224.0,189.0
CRP,2025-11,332.0,12.0,35.0,3532.0,5393.0,320.0,332,52.0,321,1506.0,321,580.0,288.0
CRP,2025-12,304.0,2.0,53.0,5511.0,4411.0,302.0,303,60.0,300,1390.0,301,454.0,218.0
CRP,2026-01,330.0,17.0,42.0,4606.0,4811.0,313.0,331,55.0,313,1544.0,313,659.0,628.0
CRP,2026-02,280.0,4.0,40.0,2627.0,4135.0,276.0,279,36.0,275,1330.0,275,215.0,244.0
CRP,2026-03,353.0,9.0,62.0,5859.0,5751.0,344.0,353,74.0,343,1588.0,344,577.0,476.0
CRP,2026-04,332.0,5.0,77.0,6928.0,5680.0,327.0,332,82.0,326,1577.0,327,1317.0,479.0
CRP,2026-05,370.0,12.0,86.0,8059.0,5483.0,358.0,370,88.0,359,1788.0,359,566.0,431.0
CRP,2026-06,380.0,12.0,97.0,8026.0,4961.0,369.0,380,101.0,367,1715.0,369,1253.0,362.0
CRP,2026-07,390.0,2.0,70.0,5748.0,4981.0,388.0,390,80.0,389,1723.0,389,566.0,466.0
CRW,2025-08,254.0,5.0,47.0,6551.0,5018.0,249.0,254,70.0,248,1130.0,249,524.0,669.0
CRW,2025-09,257.0,0.0,31.0,3059.0,5274.0,257.0,258,50.0,252,1114.0,255,577.0,89.0
CRW,2025-10,260.0,0.0,48.0,4508.0,5393.0,260.0,258,45.0,256,1022.0,258,253.0,858.0
CRW,2025-11,206.0,12.0,36.0,3459.0,4827.0,194.0,206,47.0,195,767.0,195,407.0,108.0
CRW,2025-12,188.0,13.0,65.0,6859.0,5591.0,175.0,188,73.0,176,919.0,176,887.0,240.0
CRW,2026-01,273.0,36.0,77.0,10820.0,6641.0,237.0,274,91.0,236,1315.0,239,1034.0,1045.0
CRW,2026-02,191.0,8.0,50.0,9447.0,5481.0,183.0,191,65.0,180,862.0,183,941.0,1175.0
CRW,2026-03,193.0,15.0,51.0,3792.0,4290.0,178.0,193,72.0,178,850.0,180,1480.0,405.0
CRW,2026-04,216.0,4.0,42.0,3827.0,4268.0,212.0,216,73.0,210,845.0,211,1198.0,78.0
CRW,2026-05,227.0,1.0,42.0,4096.0,5238.0,226.0,227,67.0,226,954.0,226,797.0,136.0
CRW,2026-06,199.0,12.0,52.0,4103.0,4232.0,187.0,198,60.0,183,815.0,183,560.0,496.0
CRW,2026-07,202.0,14.0,78.0,7749.0,4343.0,188.0,202,91.0,192,913.0,192,941.0,436.0
CSG,2026-06,6.0,0.0,2.0,70.0,97.0,6.0,6,0.0,6,23.0,6,0.0,0.0
CSG,2026-07,8.0,0.0,5.0,211.0,94.0,8.0,8,0.0,8,34.0,8,0.0,0.0
CVG,2025-08,2894.0,32.0,510.0,44777.0,44246.0,2862.0,2890,664.0,2852,25609.0,2855,6663.0,5409.0
CVG,2025-09,2613.0,16.0,353.0,26866.0,39152.0,2597.0,2616,407.0,2599,19754.0,2599,2781.0,1201.0
CVG,2025-10,2941.0,14.0,435.0,31028.0,47022.0,2927.0,2941,562.0,2928,22851.0,2930,4095.0,1423.0
CVG,2025-11,2713.0,73.0,406.0,37247.0,43501.0,2640.0,2713,560.0,2648,20196.0,2648,7106.0,2458.0
CVG,2025-12,2710.0,46.0,732.0,67519.0,55590.0,2665.0,2709,857.0,2664,22191.0,2665,8561.0,2910.0
CVG,2026-01,2380.0,149.0,390.0,37873.0,40071.0,2232.0,2382,504.0,2226,17050.0,2233,4421.0,2594.0
CVG,2026-02,2270.0,33.0,373.0,31749.0,45896.0,2237.0,2271,499.0,2235,16163.0,2235,4795.0,2280.0
CVG,2026-03,3105.0,87.0,677.0,65016.0,48486.0,3019.0,3109,901.0,3023,24633.0,3028,11593.0,4292.0
CVG,2026-04,2835.0,29.0,419.0,38928.0,42165.0,2807.0,2830,529.0,2797,22000.0,2801,6806.0,1253.0
CVG,2026-05,3064.0,31.0,481.0,36241.0,45934.0,3033.0,3062,613.0,3034,21649.0,3034,5127.0,1897.0
CVG,2026-06,3129.0,49.0,667.0,57941.0,44420.0,3080.0,3133,769.0,3075,22828.0,3085,7567.0,4927.0
CVG,2026-07,3262.0,90.0,771.0,67305.0,45617.0,3172.0,3261,913.0,3153,23888.0,3164,9185.0,5030.0
CWA,2025-08,81.0,2.0,14.0,892.0,1016.0,79.0,81,17.0,78,312.0,79,296.0,196.0
CWA,2025-09,85.0,0.0,12.0,1038.0,1052.0,85.0,85,17.0,85,365.0,85,207.0,75.0
CWA,2025-10,92.0,0.0,21.0,1238.0,1190.0,92.0,92,23.0,92,374.0,92,173.0,65.0
CWA,2025-11,89.0,6.0,13.0,1304.0,1518.0,83.0,89,20.0,83,309.0,83,307.0,192.0
CWA,2025-12,88.0,7.0,26.0,2134.0,1893.0,81.0,88,39.0,81,337.0,81,699.0,430.0
CWA,2026-01,66.0,1.0,14.0,1391.0,1622.0,65.0,66,20.0,65,272.0,65,373.0,330.0
CWA,2026-02,73.0,0.0,12.0,1462.0,1378.0,73.0,73,15.0,72,315.0,73,258.0,33.0
CWA,2026-03,69.0,8.0,7.0,999.0,991.0,61.0,69,13.0,60,266.0,61,141.0,213.0
CWA,2026-04,84.0,6.0,21.0,1910.0,1062.0,78.0,84,21.0,77,393.0,78,199.0,54.0
CWA,2026-05,93.0,1.0,10.0,925.0,1173.0,92.0,93,12.0,92,378.0,92,98.0,72.0
CWA,2026-06,90.0,4.0,13.0,959.0,960.0,86.0,90,19.0,86,396.0,86,191.0,74.0
CWA,2026-07,94.0,5.0,10.0,562.0,1087.0,89.0,94,15.0,88,414.0,88,162.0,444.0
CYS,2025-08,62.0,1.0,12.0,1602.0,1294.0,61.0,62,23.0,61,228.0,62,9.0,154.0
CYS,2025-09,60.0,0.0,3.0,255.0,1062.0,60.0,60,9.0,60,207.0,60,287.0,0.0
CYS,2025-10,62.0,0.0,7.0,546.0,1564.0,62.0,62,10.0,61,245.0,62,78.0,96.0
CYS,2025-11,59.0,0.0,2.0,215.0,1335.0,59.0,59,3.0,59,229.0,59,6.0,0.0
CYS,2025-12,63.0,0.0,12.0,997.0,1308.0,63.0,63,14.0,63,229.0,63,99.0,941.0
CYS,2026-01,62.0,1.0,9.0,746.0,1290.0,61.0,62,14.0,61,235.0,61,192.0,96.0
CYS,2026-02,56.0,2.0,10.0,875.0,991.0,54.0,56,14.0,54,208.0,54,50.0,0.0
CYS,2026-03,62.0,3.0,13.0,1387.0,1180.0,59.0,62,11.0,59,226.0,59,19.0,0.0
CYS,2026-04,60.0,0.0,13.0,1477.0,1118.0,60.0,60,16.0,60,255.0,60,248.0,73.0
CYS,2026-05,62.0,1.0,9.0,954.0,1125.0,61.0,62,14.0,62,266.0,62,66.0,14.0
CYS,2026-06,60.0,0.0,10.0,961.0,1306.0,60.0,60,16.0,60,286.0,60,910.0,71.0
CYS,2026-07,62.0,0.0,6.0,430.0,1247.0,62.0,62,15.0,61,285.0,62,321.0,0.0
DAB,2025-08,252.0,5.0,52.0,3769.0,3602.0,247.0,252,43.0,244,904.0,248,329.0,273.0
DAB,2025-09,247.0,0.0,17.0,1098.0,3680.0,247.0,247,23.0,246,1077.0,246,491.0,2.0
DAB,2025-10,248.0,0.0,24.0,1690.0,3814.0,248.0,248,26.0,248,815.0,248,91.0,92.0
DAB,2025-11,222.0,7.0,29.0,2369.0,3033.0,215.0,222,35.0,215,754.0,215,415.0,0.0
DAB,2025-12,285.0,5.0,70.0,6200.0,3889.0,280.0,286,67.0,278,1036.0,280,746.0,21.0
DAB,2026-01,302.0,23.0,51.0,5291.0,4223.0,279.0,301,54.0,277,1111.0,277,772.0,116.0
DAB,2026-02,283.0,11.0,52.0,4560.0,4303.0,272.0,283,47.0,271,1063.0,272,694.0,192.0
DAB,2026-03,300.0,11.0,53.0,5120.0,4529.0,289.0,300,44.0,288,1027.0,289,427.0,82.0
DAB,2026-04,294.0,0.0,51.0,4156.0,4502.0,294.0,294,36.0,293,1025.0,294,288.0,0.0
DAB,2026-05,307.0,3.0,62.0,4498.0,4565.0,304.0,307,54.0,303,1223.0,304,683.0,32.0
DAB,2026-06,300.0,10.0,43.0,4891.0,4475.0,290.0,300,42.0,291,1300.0,292,712.0,134.0
DAB,2026-07,306.0,11.0,90.0,9101.0,4511.0,295.0,306,81.0,293,1108.0,295,780.0,367.0
DAL,2025-08,5730.0,31.0,1548.0,98704.0,79642.0,5699.0,5727,1204.0,5659,32179.0,5699,19189.0,5459.0
DAL,2025-09,5518.0,7.0,1176.0,68491.0,73627.0,5511.0,5520,835.0,5472,28127.0,5509,13872.0,1779.0
DAL,2025-10,6100.0,49.0,1692.0,101588.0,80284.0,6052.0,6097,1224.0,5990,32389.0,6041,15681.0,2992.0
DAL,2025-11,5799.0,157.0,1519.0,94997.0,79899.0,5642.0,5799,1170.0,5617,28366.0,5636,18015.0,1739.0
DAL,2025-12,6070.0,23.0,1680.0,90998.0,75658.0,6049.0,6069,1230.0,6041,32033.0,6045,5597.0,487.0
DAL,2026-01,5470.0,303.0,1070.0,57242.0,71054.0,5167.0,5470,751.0,5152,29903.0,5159,9789.0,280.0
DAL,2026-02,5163.0,45.0,1259.0,62361.0,64589.0,5118.0,5162,811.0,5095,26862.0,5099,5599.0,383.0
DAL,2026-03,6221.0,80.0,2100.0,121731.0,82862.0,6141.0,6222,1451.0,6126,33777.0,6143,13915.0,1301.0
DAL,2026-04,5965.0,42.0,1899.0,100941.0,82836.0,5923.0,5965,1310.0,5903,31114.0,5919,17861.0,1055.0
DAL,2026-05,6141.0,104.0,2549.0,158234.0,84417.0,6037.0,6141,1774.0,5986,35499.0,6034,29757.0,4976.0
DAL,2026-06,6025.0,71.0,2931.0,176915.0,82709.0,5954.0,6022,2129.0,5897,34869.0,5939,24253.0,4450.0
DAL,2026-07,6237.0,66.0,2586.0,146245.0,83287.0,6171.0,6237,1852.0,6150,33203.0,6161,14372.0,3744.0
DAY,2025-08,643.0,13.0,119.0,11733.0,9618.0,630.0,643,159.0,624,3351.0,625,949.0,3561.0
DAY,2025-09,639.0,2.0,77.0,7761.0,9706.0,637.0,641,120.0,640,3476.0,640,879.0,495.0
DAY,2025-10,734.0,2.0,95.0,7234.0,11430.0,732.0,733,147.0,732,3862.0,732,1270.0,586.0
DAY,2025-11,757.0,29.0,128.0,15803.0,13702.0,728.0,756,178.0,726,4337.0,726,2150.0,339.0
DAY,2025-12,659.0,17.0,162.0,17687.0,13999.0,642.0,658,213.0,639,4458.0,639,2792.0,1307.0
DAY,2026-01,630.0,48.0,133.0,16835.0,12265.0,582.0,631,155.0,573,3948.0,575,1705.0,3529.0
DAY,2026-02,575.0,8.0,121.0,11933.0,12128.0,567.0,574,159.0,561,3815.0,563,1587.0,1238.0
DAY,2026-03,635.0,27.0,134.0,16751.0,10744.0,608.0,634,192.0,606,3920.0,608,2239.0,2094.0
DAY,2026-04,677.0,14.0,114.0,14332.0,10722.0,663.0,677,161.0,665,4268.0,665,1342.0,477.0
DAY,2026-05,674.0,11.0,126.0,9997.0,11208.0,663.0,675,173.0,665,5259.0,665,2278.0,1696.0
DAY,2026-06,628.0,24.0,121.0,13317.0,10345.0,604.0,628,181.0,606,4225.0,607,1933.0,2251.0
DAY,2026-07,667.0,19.0,141.0,18429.0,11111.0,648.0,667,229.0,646,4150.0,647,2715.0,2735.0
DCA,2025-08,12098.0,256.0,2638.0,212193.0,251350.0,11842.0,12099,2849.0,11811,84049.0,11847,44165.0,11526.0
DCA,2025-09,11822.0,97.0,2375.0,174705.0,266495.0,11725.0,11822,2681.0,11693,85182.0,11730,48491.0,7316.0
DCA,2025-10,12273.0,76.0,2599.0,176167.0,266894.0,12199.0,12298,3009.0,12213,87321.0,12229,50647.0,2859.0
DCA,2025-11,11586.0,352.0,2939.0,226822.0,246742.0,11235.0,11593,3433.0,11190,79035.0,11249,94686.0,3792.0
DCA,2025-12,11308.0,258.0,3428.0,264083.0,246502.0,11051.0,11310,3467.0,11040,83971.0,11050,49922.0,14335.0
DCA,2026-01,11858.0,1118.0,2692.0,221741.0,231922.0,10740.0,11858,3008.0,10710,88793.0,10734,76862.0,23611.0
DCA,2026-02,10996.0,469.0,3127.0,232934.0,246404.0,10527.0,10996,3495.0,10483,88924.0,10514,70669.0,17841.0
DCA,2026-03,12204.0,608.0,3717.0,313895.0,259328.0,11597.0,12202,3897.0,11495,102353.0,11594,93740.0,18914.0
DCA,2026-04,11802.0,95.0,2768.0,220190.0,254322.0,11707.0,11804,2825.0,11704,91587.0,11716,51171.0,6480.0
DCA,2026-05,12158.0,176.0,2847.0,212345.0,264976.0,11982.0,12159,2931.0,11938,94019.0,11984,56553.0,10349.0
DCA,2026-06,11953.0,590.0,3263.0,298035.0,258567.0,11363.0,11952,3206.0,11294,98305.0,11337,93472.0,29043.0
DCA,2026-07,12115.0,966.0,4069.0,374930.0,276483.0,11150.0,12115,4018.0,11059,101890.0,11142,109734.0,36848.0
DDC,2025-08,53.0,1.0,12.0,1024.0,896.0,52.0,53,16.0,52,257.0,52,241.0,65.0
DDC,2025-09,51.0,0.0,10.0,1349.0,865.0,51.0,51,8.0,50,213.0,51,11.0,139.0
DDC,2025-10,54.0,0.0,10.0,2001.0,829.0,54.0,54,7.0,53,231.0,54,1.0,20.0
DDC,2025-11,50.0,0.0,2.0,930.0,814.0,50.0,50,3.0,49,232.0,50,0.0,0.0
DDC,2025-12,55.0,0.0,10.0,2710.0,1131.0,55.0,55,14.0,55,262.0,55,158.0,216.0
DDC,2026-01,53.0,2.0,11.0,829.0,1087.0,51.0,53,14.0,52,273.0,52,171.0,0.0
DDC,2026-02,48.0,0.0,13.0,2279.0,929.0,48.0,48,9.0,47,234.0,48,7.0,0.0
DDC,2026-03,53.0,3.0,10.0,1168.0,923.0,50.0,53,7.0,49,236.0,51,85.0,77.0
DDC,2026-04,52.0,0.0,10.0,2124.0,976.0,52.0,52,8.0,52,211.0,52,16.0,302.0
DDC,2026-05,53.0,0.0,10.0,894.0,1022.0,53.0,53,9.0,52,254.0,53,75.0,29.0
DDC,2026-06,51.0,0.0,16.0,2530.0,941.0,51.0,51,11.0,47,200.0,51,64.0,290.0
DDC,2026-07,54.0,2.0,15.0,1706.0,936.0,52.0,54,14.0,52,184.0,52,147.0,0.0
DEC,2025-08,53.0,2.0,7.0,679.0,700.0,51.0,53,13.0,52,242.0,52,180.0,104.0
DEC,2025-09,51.0,0.0,9.0,663.0,690.0,51.0,51,7.0,51,249.0,51,82.0,103.0
DEC,2025-10,54.0,0.0,10.0,901.0,921.0,54.0,54,7.0,54,251.0,54,61.0,0.0
DEC,2025-11,50.0,3.0,11.0,1190.0,844.0,47.0,50,14.0,47,230.0,47,379.0,42.0
DEC,2025-12,55.0,4.0,14.0,2207.0,922.0,51.0,55,20.0,51,249.0,51,536.0,286.0
DEC,2026-01,53.0,3.0,14.0,2455.0,980.0,50.0,53,21.0,49,221.0,50,242.0,54.0
DEC,2026-02,48.0,0.0,10.0,1802.0,880.0,48.0,48,15.0,48,226.0,48,464.0,0.0
DEC,2026-03,53.0,8.0,9.0,1065.0,890.0,45.0,53,17.0,45,218.0,45,391.0,0.0
DEC,2026-04,52.0,5.0,6.0,361.0,856.0,47.0,52,24.0,49,226.0,49,701.0,0.0
DEC,2026-05,53.0,1.0,11.0,2984.0,1037.0,52.0,53,19.0,52,246.0,52,64.0,8.0
DEC,2026-06,51.0,4.0,9.0,672.0,846.0,47.0,51,12.0,49,216.0,49,111.0,0.0
DEC,2026-07,54.0,4.0,9.0,1070.0,718.0,50.0,54,13.0,51,250.0,51,151.0,242.0
DEN,2025-08,28084.0,206.0,8293.0,627083.0,559530.0,27882.0,28083,7679.0,27591,295357.0,27863,208936.0,33727.0
DEN,2025-09,26548.0,33.0,5192.0,326155.0,527506.0,26515.0,26546,4999.0,26445,276667.0,26497,119768.0,15923.0
DEN,2025-10,27763.0,37.0,5409.0,325295.0,506784.0,27726.0,27764,5098.0,27678,267821.0,27708,75160.0,12347.0
DEN,2025-11,25280.0,365.0,4214.0,285013.0,453277.0,24919.0,25295,3635.0,24879,241129.0,24887,34755.0,10303.0
DEN,2025-12,26026.0,166.0,7161.0,518054.0,502966.0,25871.0,26007,6353.0,25717,252554.0,25822,130056.0,31259.0
DEN,2026-01,24484.0,414.0,4518.0,302528.0,485086.0,24092.0,24485,3920.0,24014,241641.0,24023,41968.0,19231.0
DEN,2026-02,23046.0,203.0,4514.0,337346.0,428414.0,22856.0,23037,3981.0,22797,217650.0,22814,115279.0,17634.0
DEN,2026-03,27089.0,406.0,6794.0,490882.0,527845.0,26693.0,27087,5537.0,26620,272931.0,26651,115667.0,23272.0
DEN,2026-04,25345.0,69.0,4687.0,292413.0,484658.0,25283.0,25350,4059.0,25229,238689.0,25263,42343.0,16225.0
DEN,2026-05,27406.0,78.0,6540.0,412032.0,560657.0,27331.0,27402,5312.0,27206,273604.0,27289,79752.0,21207.0
DEN,2026-06,28634.0,116.0,8923.0,626233.0,631234.0,28521.0,28634,7572.0,28311,307423.0,28488,122907.0,31782.0
DEN,2026-07,29503.0,239.0,9119.0,708263.0,603329.0,29271.0,29500,7190.0,28978,321098.0,29210,165409.0,36668.0
DFW,2025-08,27091.0,721.0,8707.0,735895.0,534704.0,26374.0,27105,7310.0,26087,374747.0,26361,113614.0,76767.0
DFW,2025-09,25641.0,480.0,5676.0,446584.0,490773.0,25161.0,25638,4784.0,24983,333648.0,25151,87353.0,38647.0
DFW,2025-10,27182.0,325.0,6403.0,444715.0,536284.0,26858.0,27183,5366.0,26743,367679.0,26849,76565.0,34478.0
DFW,2025-11,25032.0,868.0,6444.0,506292.0,469582.0,24168.0,25034,5572.0,24069,354752.0,24153,124402.0,39194.0
DFW,2025-12,25770.0,159.0,7819.0,551895.0,468310.0,25613.0,25769,5921.0,25544,365314.0,25566,58241.0,33191.0
DFW,2026-01,24229.0,2387.0,5852.0,471052.0,414504.0,21846.0,24229,4476.0,21814,328449.0,21831,70313.0,70491.0
DFW,2026-02,22019.0,289.0,5095.0,341319.0,392406.0,21735.0,22011,3610.0,21634,299162.0,21694,33086.0,16140.0
DFW,2026-03,26008.0,652.0,7373.0,573716.0,471294.0,25363.0,26005,5243.0,25141,357559.0,25306,61849.0,42561.0
DFW,2026-04,25686.0,342.0,6825.0,474863.0,477552.0,25347.0,25674,5226.0,25213,325521.0,25310,63687.0,38675.0
DFW,2026-05,27419.0,915.0,7677.0,576348.0,527711.0,26505.0,27429,5856.0,26220,358037.0,26496,100524.0,92433.0
DFW,2026-06,27815.0,1265.0,10112.0,846517.0,517421.0,26550.0,27815,7483.0,26170,383954.0,26524,122330.0,96309.0
DFW,2026-07,28623.0,344.0,9991.0,814282.0,554560.0,28281.0,28623,6975.0,28140,384757.0,28246,75280.0,48226.0
DHN,2025-08,8.0,0.0,2.0,982.0,213.0,8.0,8,2.0,8,28.0,8,7.0,908.0
DHN,2026-01,22.0,2.0,6.0,830.0,315.0,20.0,22,6.0,20,84.0,20,9.0,21.0
DIK,2025-08,57.0,1.0,11.0,2338.0,1448.0,56.0,57,19.0,54,330.0,54,829.0,0.0
DIK,2025-09,57.0,0.0,6.0,746.0,1526.0,57.0,57,13.0,57,348.0,57,463.0,0.0
DIK,2025-10,62.0,0.0,9.0,927.0,1639.0,62.0,62,8.0,62,351.0,62,120.0,0.0
DIK,2025-11,59.0,1.0,9.0,681.0,1827.0,58.0,59,7.0,58,337.0,58,37.0,674.0
DIK,2025-12,61.0,0.0,13.0,1545.0,2100.0,61.0,61,9.0,59,387.0,61,39.0,749.0
DIK,2026-01,61.0,2.0,15.0,3145.0,1735.0,59.0,61,13.0,57,367.0,59,67.0,719.0
DIK,2026-02,56.0,1.0,8.0,824.0,1722.0,55.0,56,10.0,55,342.0,55,309.0,143.0
DIK,2026-03,62.0,5.0,6.0,1446.0,1594.0,57.0,62,15.0,58,339.0,58,148.0,82.0
DIK,2026-04,52.0,0.0,7.0,1544.0,1475.0,52.0,52,13.0,51,304.0,52,54.0,26.0
DIK,2026-05,53.0,2.0,5.0,383.0,1345.0,51.0,53,6.0,51,329.0,51,157.0,0.0
DIK,2026-06,51.0,0.0,9.0,965.0,1211.0,51.0,51,13.0,51,311.0,51,190.0,228.0
DIK,2026-07,54.0,0.0,13.0,1473.0,1389.0,54.0,54,26.0,54,321.0,54,593.0,92.0
DLG,2025-08,31.0,1.0,9.0,411.0,362.0,30.0,31,7.0,30,136.0,30,27.0,58.0
DLG,2025-09,30.0,0.0,6.0,268.0,328.0,30.0,30,3.0,30,128.0,30,100.0,0.0
DLG,2025-10,3.0,0.0,1.0,24.0,31.0,3.0,3,1.0,3,12.0,3,0.0,0.0
DLG,2026-06,21.0,0.0,3.0,173.0,117.0,21.0,21,1.0,21,63.0,21,0.0,0.0
DLG,2026-07,31.0,2.0,4.0,427.0,153.0,29.0,31,3.0,28,146.0,29,44.0,0.0
DLH,2025-08,197.0,3.0,44.0,3953.0,3438.0,194.0,198,47.0,195,1173.0,195,659.0,422.0
DLH,2025-09,216.0,2.0,34.0,3319.0,4111.0,214.0,217,50.0,215,1156.0,216,251.0,633.0
DLH,2025-10,187.0,0.0,16.0,1811.0,3377.0,187.0,185,33.0,185,1119.0,185,110.0,0.0
DLH,2025-11,191.0,14.0,37.0,3462.0,3844.0,177.0,192,49.0,180,1118.0,180,953.0,227.0
DLH,2025-12,172.0,9.0,57.0,8265.0,4522.0,163.0,171,77.0,163,1206.0,163,2624.0,1038.0
DLH,2026-01,117.0,3.0,42.0,6274.0,3335.0,114.0,118,52.0,115,757.0,115,468.0,454.0
DLH,2026-02,179.0,7.0,30.0,3305.0,3986.0,172.0,179,45.0,171,1303.0,172,381.0,974.0
DLH,2026-03,209.0,18.0,56.0,7731.0,4688.0,191.0,209,69.0,189,1190.0,189,1103.0,1156.0
DLH,2026-04,244.0,11.0,51.0,7158.0,4709.0,233.0,245,63.0,231,1404.0,233,644.0,1108.0
DLH,2026-05,257.0,1.0,29.0,3548.0,4724.0,256.0,256,54.0,255,1415.0,255,374.0,1132.0
DLH,2026-06,216.0,4.0,34.0,3278.0,3935.0,212.0,216,45.0,211,1136.0,211,342.0,1024.0
DLH,2026-07,244.0,15.0,44.0,5359.0,3875.0,229.0,244,53.0,227,1328.0,230,347.0,595.0
DRO,2025-08,409.0,3.0,91.0,9574.0,8328.0,406.0,410,89.0,403,2425.0,406,652.0,1026.0
DRO,2025-09,346.0,3.0,81.0,6575.0,6754.0,343.0,345,71.0,344,1986.0,344,988.0,112.0
DRO,2025-10,355.0,3.0,60.0,4418.0,8297.0,352.0,355,72.0,355,2022.0,355,412.0,175.0
DRO,2025-11,350.0,16.0,53.0,4060.0,8587.0,334.0,351,60.0,331,1642.0,333,529.0,117.0
DRO,2025-12,376.0,2.0,45.0,4628.0,9856.0,374.0,374,70.0,372,1803.0,373,474.0,488.0
DRO,2026-01,355.0,8.0,52.0,5374.0,8643.0,347.0,355,71.0,347,1768.0,348,347.0,627.0
DRO,2026-02,336.0,7.0,74.0,7395.0,8275.0,329.0,336,78.0,330,1689.0,331,425.0,318.0
DRO,2026-03,401.0,10.0,78.0,10956.0,8346.0,391.0,401,81.0,393,2143.0,393,449.0,301.0
DRO,2026-04,368.0,1.0,56.0,3554.0,7500.0,367.0,369,54.0,366,1986.0,367,241.0,12.0
DRO,2026-05,419.0,2.0,67.0,5254.0,8665.0,417.0,419,78.0,416,2403.0,416,686.0,675.0
DRO,2026-06,444.0,4.0,92.0,9362.0,8557.0,440.0,444,104.0,437,2762.0,438,1232.0,1071.0
DRO,2026-07,454.0,3.0,90.0,10110.0,8419.0,451.0,455,101.0,453,2877.0,455,786.0,1816.0
DSM,2025-08,1372.0,18.0,260.0,28642.0,21246.0,1355.0,1372,336.0,1354,8289.0,1355,2824.0,1950.0
DSM,2025-09,1244.0,6.0,148.0,11231.0,19294.0,1238.0,1243,226.0,1235,6771.0,1237,2183.0,402.0
DSM,2025-10,1391.0,5.0,192.0,15162.0,21091.0,1386.0,1391,254.0,1387,8392.0,1387,2022.0,745.0
DSM,2025-11,1267.0,71.0,214.0,26853.0,21084.0,1196.0,1265,251.0,1196,9164.0,1200,3435.0,3065.0
DSM,2025-12,1262.0,46.0,353.0,38950.0,25755.0,1216.0,1259,392.0,1215,9677.0,1217,4684.0,8826.0
DSM,2026-01,1122.0,48.0,238.0,27776.0,19085.0,1074.0,1126,268.0,1078,7436.0,1080,3086.0,1748.0
DSM,2026-02,1095.0,11.0,203.0,23332.0,18081.0,1084.0,1095,241.0,1081,7570.0,1083,2403.0,943.0
DSM,2026-03,1371.0,58.0,284.0,29833.0,21356.0,1313.0,1373,359.0,1313,8312.0,1318,3680.0,2279.0
DSM,2026-04,1307.0,33.0,193.0,22930.0,19373.0,1274.0,1305,256.0,1267,7746.0,1276,3391.0,1675.0
DSM,2026-05,1382.0,16.0,238.0,22127.0,20862.0,1366.0,1384,302.0,1363,8728.0,1368,2529.0,2203.0
DSM,2026-06,1356.0,39.0,314.0,31454.0,19030.0,1317.0,1355,398.0,1311,8420.0,1315,3640.0,2093.0
DSM,2026-07,1415.0,37.0,337.0,38499.0,21553.0,1378.0,1416,436.0,1369,9815.0,1374,4866.0,2186.0
DTW,2025-08,10916.0,63.0,1963.0,147637.0,183040.0,10854.0,10910,1928.0,10838,95142.0,10844,18093.0,11249.0
DTW,2025-09,10014.0,19.0,1195.0,92072.0,170139.0,9995.0,10006,1162.0,9979,79989.0,9984,11162.0,7418.0
DTW,2025-10,10950.0,30.0,1474.0,112646.0,182165.0,10920.0,10950,1511.0,10917,93521.0,10922,13816.0,3381.0
DTW,2025-11,9887.0,256.0,1784.0,151237.0,201489.0,9632.0,9894,1694.0,9632,86834.0,9639,19660.0,13610.0
DTW,2025-12,9934.0,250.0,3116.0,298138.0,242294.0,9689.0,9936,3058.0,9680,102028.0,9682,42725.0,35020.0
DTW,2026-01,9518.0,373.0,2661.0,248602.0,242548.0,9151.0,9510,2503.0,9125,99380.0,9145,26843.0,36078.0
DTW,2026-02,9122.0,194.0,2005.0,169197.0,201791.0,8930.0,9117,1894.0,8904,83483.0,8911,18735.0,15926.0
DTW,2026-03,10701.0,430.0,2774.0,256057.0,194972.0,10278.0,10705,2700.0,10236,97934.0,10259,43336.0,25666.0
DTW,2026-04,10417.0,132.0,1674.0,122566.0,185263.0,10288.0,10411,1738.0,10264,92174.0,10275,16415.0,11649.0
DTW,2026-05,10112.0,128.0,1867.0,140031.0,171799.0,9986.0,10120,1715.0,9971,90972.0,9990,16283.0,11623.0
DTW,2026-06,9869.0,141.0,2032.0,159314.0,171839.0,9729.0,9863,1905.0,9700,89984.0,9717,21135.0,13245.0
DTW,2026-07,10449.0,263.0,2876.0,230145.0,182732.0,10189.0,10450,2538.0,10158,98349.0,10177,28117.0,16252.0
DVL,2025-08,53.0,1.0,17.0,1104.0,1339.0,52.0,53,12.0,53,265.0,53,120.0,66.0
DVL,2025-09,51.0,0.0,13.0,1453.0,943.0,51.0,51,2.0,49,244.0,51,5.0,132.0
DVL,2025-10,54.0,0.0,7.0,440.0,1325.0,54.0,54,5.0,54,264.0,54,0.0,0.0
DVL,2025-11,50.0,0.0,4.0,507.0,938.0,50.0,50,1.0,49,276.0,50,0.0,0.0
DVL,2025-12,55.0,5.0,16.0,4186.0,1407.0,50.0,55,8.0,49,343.0,50,54.0,293.0
DVL,2026-01,53.0,4.0,14.0,2042.0,1279.0,49.0,53,9.0,48,326.0,50,64.0,139.0
DVL,2026-02,48.0,1.0,12.0,1747.0,1179.0,47.0,48,9.0,47,321.0,47,95.0,36.0
DVL,2026-03,53.0,2.0,11.0,1585.0,1189.0,51.0,53,7.0,51,289.0,51,41.0,282.0
DVL,2026-04,52.0,0.0,11.0,1024.0,1102.0,52.0,52,8.0,51,305.0,52,17.0,168.0
DVL,2026-05,53.0,0.0,14.0,1401.0,1143.0,53.0,53,12.0,52,278.0,52,78.0,259.0
DVL,2026-06,51.0,0.0,6.0,818.0,1099.0,51.0,51,7.0,50,268.0,51,17.0,67.0
DVL,2026-07,54.0,1.0,9.0,1093.0,1161.0,53.0,54,5.0,52,274.0,53,9.0,0.0
EAR,2025-08,54.0,0.0,7.0,973.0,1044.0,54.0,54,19.0,54,270.0,54,208.0,307.0
EAR,2025-09,51.0,0.0,5.0,1132.0,753.0,51.0,51,6.0,51,265.0,51,118.0,236.0
EAR,2025-10,53.0,0.0,8.0,1342.0,899.0,53.0,53,5.0,52,287.0,53,25.0,0.0
EAR,2025-11,51.0,0.0,8.0,549.0,982.0,51.0,51,6.0,51,231.0,51,26.0,0.0
EAR,2025-12,54.0,0.0,7.0,860.0,1082.0,54.0,54,6.0,54,234.0,54,12.0,0.0
EAR,2026-01,53.0,1.0,12.0,1514.0,1080.0,52.0,53,12.0,52,230.0,52,65.0,0.0
EAR,2026-02,48.0,0.0,7.0,1569.0,999.0,48.0,48,5.0,48,221.0,48,1.0,110.0
EAR,2026-03,53.0,1.0,6.0,1249.0,929.0,52.0,53,12.0,52,279.0,52,157.0,213.0
EAR,2026-04,52.0,0.0,6.0,245.0,784.0,52.0,52,4.0,52,245.0,52,36.0,122.0
EAR,2026-05,85.0,2.0,17.0,1621.0,1557.0,83.0,85,24.0,84,630.0,84,231.0,1315.0
EAR,2026-06,81.0,3.0,11.0,977.0,1546.0,78.0,81,21.0,81,420.0,81,377.0,1.0
EAR,2026-07,84.0,0.0,13.0,2594.0,1596.0,84.0,84,25.0,84,451.0,84,497.0,66.0
EAU,2025-08,54.0,2.0,7.0,1208.0,880.0,52.0,54,17.0,52,285.0,52,289.0,201.0
EAU,2025-09,50.0,1.0,5.0,384.0,819.0,49.0,50,7.0,48,280.0,49,95.0,0.0
EAU,2025-10,54.0,0.0,9.0,991.0,895.0,54.0,54,12.0,54,327.0,54,152.0,890.0
EAU,2025-11,50.0,3.0,11.0,1423.0,1076.0,47.0,50,15.0,47,230.0,49,604.0,0.0
EAU,2025-12,55.0,5.0,16.0,2237.0,1455.0,50.0,55,24.0,49,231.0,49,728.0,0.0
EAU,2026-01,53.0,0.0,21.0,2919.0,1679.0,53.0,53,20.0,52,236.0,53,109.0,67.0
EAU,2026-02,47.0,0.0,13.0,1760.0,1210.0,47.0,47,14.0,47,195.0,47,173.0,0.0
EAU,2026-03,53.0,9.0,14.0,2398.0,982.0,44.0,53,15.0,43,190.0,43,400.0,804.0
EAU,2026-04,52.0,6.0,16.0,3218.0,921.0,46.0,52,18.0,46,202.0,46,259.0,1354.0
EAU,2026-05,53.0,0.0,6.0,773.0,859.0,53.0,53,16.0,52,224.0,52,310.0,18.0
EAU,2026-06,51.0,3.0,13.0,985.0,865.0,48.0,51,12.0,46,252.0,47,327.0,0.0
EAU,2026-07,54.0,2.0,9.0,1148.0,802.0,52.0,54,15.0,52,207.0,52,241.0,76.0
ECP,2025-08,905.0,5.0,190.0,15989.0,11543.0,900.0,904,190.0,895,5439.0,899,1564.0,1511.0
ECP,2025-09,713.0,3.0,82.0,4998.0,8578.0,710.0,712,96.0,709,3285.0,711,835.0,94.0
ECP,2025-10,732.0,1.0,111.0,6507.0,9586.0,731.0,732,112.0,729,3095.0,731,606.0,283.0
ECP,2025-11,608.0,9.0,100.0,7946.0,7950.0,599.0,608,97.0,595,2215.0,600,570.0,563.0
ECP,2025-12,604.0,17.0,108.0,10112.0,7590.0,587.0,604,117.0,585,2353.0,589,1220.0,667.0
ECP,2026-01,479.0,21.0,50.0,4611.0,6266.0,458.0,478,81.0,455,1603.0,456,480.0,688.0
ECP,2026-02,539.0,10.0,82.0,5685.0,7635.0,529.0,540,88.0,531,2201.0,531,480.0,297.0
ECP,2026-03,940.0,26.0,194.0,16607.0,12461.0,914.0,941,219.0,915,4552.0,917,2217.0,573.0
ECP,2026-04,923.0,12.0,169.0,12782.0,12205.0,911.0,925,178.0,915,4571.0,916,1320.0,306.0
ECP,2026-05,1021.0,15.0,247.0,16607.0,13604.0,1006.0,1020,255.0,1006,5717.0,1008,2636.0,389.0
ECP,2026-06,1082.0,23.0,321.0,21678.0,14721.0,1059.0,1082,336.0,1060,7851.0,1061,4253.0,1202.0
ECP,2026-07,1133.0,22.0,356.0,31430.0,15842.0,1112.0,1133,387.0,1115,9277.0,1122,5021.0,1491.0
EGE,2025-08,200.0,2.0,57.0,5402.0,4255.0,198.0,200,59.0,198,862.0,198,439.0,1031.0
EGE,2025-09,158.0,2.0,30.0,2796.0,3492.0,156.0,158,32.0,157,746.0,157,322.0,38.0
EGE,2025-10,129.0,0.0,13.0,2578.0,3375.0,129.0,129,21.0,128,568.0,129,154.0,197.0
EGE,2025-11,118.0,1.0,10.0,1126.0,3046.0,117.0,118,19.0,117,508.0,117,43.0,20.0
EGE,2025-12,457.0,2.0,196.0,18997.0,11981.0,455.0,458,204.0,456,5678.0,457,5574.0,654.0
EGE,2026-01,683.0,25.0,203.0,21133.0,16150.0,658.0,685,190.0,661,7784.0,663,3806.0,726.0
EGE,2026-02,681.0,15.0,200.0,21016.0,15784.0,666.0,679,216.0,659,6418.0,664,3475.0,755.0
EGE,2026-03,810.0,18.0,237.0,21117.0,17148.0,792.0,809,235.0,792,6754.0,793,3151.0,241.0
EGE,2026-04,207.0,5.0,40.0,3270.0,4532.0,202.0,207,43.0,202,1250.0,203,459.0,91.0
EGE,2026-05,135.0,1.0,24.0,1945.0,3117.0,134.0,135,26.0,134,588.0,134,233.0,25.0
EGE,2026-06,179.0,1.0,45.0,5909.0,3323.0,178.0,179,58.0,178,741.0,178,446.0,149.0
EGE,2026-07,201.0,2.0,57.0,7501.0,3804.0,199.0,203,47.0,198,1021.0,202,1056.0,84.0
EKO,2025-08,48.0,0.0,1.0,33.0,529.0,48.0,48,2.0,48,225.0,48,0.0,0.0
EKO,2025-09,46.0,0.0,0.0,0.0,498.0,46.0,46,1.0,46,194.0,46,0.0,0.0
EKO,2025-10,49.0,0.0,0.0,0.0,784.0,49.0,49,2.0,49,216.0,49,0.0,0.0
EKO,2025-11,48.0,1.0,1.0,15.0,745.0,47.0,48,0.0,47,201.0,47,0.0,0.0
EKO,2025-12,51.0,0.0,3.0,713.0,806.0,51.0,51,4.0,51,210.0,51,1.0,0.0
EKO,2026-01,49.0,1.0,5.0,386.0,946.0,48.0,49,6.0,47,217.0,48,0.0,0.0
EKO,2026-02,44.0,1.0,1.0,287.0,760.0,43.0,44,3.0,43,177.0,43,13.0,787.0
EKO,2026-03,49.0,0.0,1.0,50.0,672.0,49.0,49,3.0,49,221.0,49,0.0,17.0
EKO,2026-04,47.0,1.0,3.0,683.0,771.0,46.0,47,3.0,46,211.0,46,6.0,0.0
EKO,2026-05,49.0,0.0,2.0,127.0,660.0,49.0,49,5.0,49,238.0,49,6.0,34.0
EKO,2026-06,47.0,0.0,5.0,787.0,577.0,47.0,47,8.0,47,208.0,47,0.0,106.0
EKO,2026-07,51.0,0.0,1.0,47.0,611.0,51.0,51,3.0,51,219.0,51,2.0,0.0
ELM,2025-08,103.0,0.0,17.0,1253.0,1525.0,103.0,103,19.0,103,459.0,103,27.0,0.0
ELM,2025-09,94.0,0.0,8.0,553.0,1366.0,94.0,94,8.0,94,401.0,94,24.0,736.0
ELM,2025-10,120.0,0.0,12.0,957.0,1829.0,120.0,120,13.0,119,527.0,120,79.0,0.0
ELM,2025-11,105.0,5.0,25.0,1845.0,1731.0,100.0,105,22.0,100,479.0,100,314.0,216.0
ELM,2025-12,111.0,2.0,40.0,3455.0,2585.0,109.0,111,45.0,110,532.0,110,519.0,374.0
ELM,2026-01,88.0,7.0,20.0,1232.0,1567.0,81.0,88,21.0,81,348.0,81,168.0,96.0
ELM,2026-02,96.0,0.0,26.0,2159.0,1919.0,96.0,96,26.0,96,444.0,96,184.0,372.0
ELM,2026-03,96.0,1.0,25.0,3575.0,1896.0,95.0,96,31.0,95,434.0,95,282.0,1472.0
ELM,2026-04,111.0,0.0,12.0,1280.0,1799.0,111.0,111,19.0,111,495.0,111,15.0,395.0
ELM,2026-05,115.0,1.0,14.0,1785.0,1646.0,114.0,115,14.0,115,500.0,115,45.0,146.0
ELM,2026-06,119.0,0.0,28.0,3257.0,1912.0,119.0,119,25.0,119,532.0,119,456.0,125.0
ELM,2026-07,132.0,0.0,36.0,3878.0,2067.0,132.0,132,38.0,132,611.0,132,160.0,908.0
ELP,2025-08,1372.0,21.0,238.0,17822.0,19714.0,1351.0,1372,310.0,1354,6401.0,1355,1251.0,2064.0
ELP,2025-09,1301.0,10.0,223.0,17398.0,19107.0,1291.0,1301,246.0,1290,6570.0,1292,1934.0,297.0
ELP,2025-10,1478.0,6.0,254.0,17892.0,21801.0,1472.0,1479,325.0,1472,7709.0,1473,1309.0,520.0
ELP,2025-11,1438.0,21.0,261.0,18629.0,22063.0,1417.0,1438,308.0,1416,7156.0,1416,1765.0,559.0
ELP,2025-12,1470.0,7.0,277.0,19151.0,21131.0,1463.0,1471,349.0,1466,7582.0,1466,1601.0,522.0
ELP,2026-01,1289.0,38.0,184.0,13858.0,19121.0,1251.0,1287,251.0,1244,6173.0,1244,1676.0,962.0
ELP,2026-02,1159.0,11.0,168.0,14083.0,17117.0,1148.0,1160,193.0,1152,5731.0,1152,588.0,591.0
ELP,2026-03,1362.0,14.0,291.0,22651.0,20864.0,1348.0,1363,352.0,1348,6950.0,1351,1325.0,627.0
ELP,2026-04,1303.0,12.0,251.0,19120.0,19359.0,1291.0,1302,354.0,1293,6628.0,1294,2781.0,579.0
ELP,2026-05,1357.0,12.0,316.0,24627.0,20063.0,1345.0,1358,381.0,1347,7046.0,1347,1732.0,710.0
ELP,2026-06,1394.0,14.0,430.0,30425.0,21138.0,1380.0,1394,505.0,1369,7247.0,1379,3046.0,942.0
ELP,2026-07,1446.0,7.0,373.0,32394.0,21576.0,1439.0,1447,478.0,1427,8100.0,1437,2770.0,1271.0
ERI,2025-11,26.0,0.0,6.0,457.0,371.0,26.0,26,5.0,25,70.0,26,0.0,0.0
ERI,2025-12,13.0,0.0,4.0,334.0,263.0,13.0,13,1.0,12,49.0,13,0.0,0.0
ERI,2026-06,26.0,0.0,6.0,1264.0,400.0,26.0,27,13.0,27,109.0,27,55.0,324.0
ERI,2026-07,31.0,2.0,4.0,1653.0,420.0,29.0,31,9.0,29,136.0,29,671.0,450.0
ESC,2025-08,52.0,0.0,1.0,33.0,717.0,52.0,52,3.0,52,194.0,52,0.0,0.0
ESC,2025-09,53.0,0.0,3.0,177.0,859.0,53.0,53,4.0,53,183.0,53,27.0,564.0
ESC,2025-10,54.0,0.0,3.0,801.0,905.0,54.0,54,6.0,53,197.0,54,39.0,0.0
ESC,2025-11,51.0,3.0,5.0,474.0,1040.0,48.0,51,5.0,47,177.0,47,78.0,219.0
ESC,2025-12,53.0,7.0,9.0,1510.0,1179.0,46.0,53,14.0,47,197.0,48,305.0,273.0
ESC,2026-01,53.0,3.0,9.0,2532.0,1373.0,50.0,53,12.0,50,246.0,51,545.0,1557.0
ESC,2026-02,48.0,4.0,4.0,1519.0,1107.0,44.0,48,10.0,43,194.0,44,68.0,1293.0
ESC,2026-03,53.0,12.0,9.0,1721.0,752.0,41.0,53,7.0,41,151.0,41,0.0,23.0
ESC,2026-04,52.0,11.0,3.0,742.0,726.0,41.0,52,2.0,41,141.0,41,1.0,0.0
ESC,2026-05,54.0,0.0,5.0,967.0,801.0,54.0,54,10.0,54,188.0,54,13.0,21.0
ESC,2026-06,51.0,0.0,8.0,1082.0,719.0,51.0,51,10.0,51,190.0,51,36.0,110.0
ESC,2026-07,55.0,3.0,5.0,715.0,805.0,52.0,55,9.0,52,187.0,52,3.0,0.0
EUG,2025-08,735.0,4.0,139.0,9610.0,10964.0,731.0,734,141.0,732,4508.0,732,761.0,107.0
EUG,2025-09,723.0,6.0,91.0,5953.0,11635.0,719.0,723,100.0,721,3990.0,721,431.0,106.0
EUG,2025-10,767.0,3.0,102.0,10477.0,12085.0,764.0,767,102.0,765,3566.0,765,1698.0,218.0
EUG,2025-11,695.0,13.0,84.0,6898.0,10971.0,682.0,697,92.0,684,3133.0,685,574.0,230.0
EUG,2025-12,757.0,6.0,169.0,12884.0,11759.0,751.0,756,153.0,748,3715.0,750,1180.0,89.0
EUG,2026-01,644.0,11.0,81.0,8740.0,12263.0,633.0,642,89.0,634,3052.0,634,416.0,765.0
EUG,2026-02,612.0,1.0,72.0,4601.0,10155.0,611.0,613,84.0,612,2728.0,612,450.0,223.0
EUG,2026-03,728.0,8.0,99.0,7625.0,10689.0,720.0,729,128.0,722,3631.0,722,989.0,860.0
EUG,2026-04,708.0,3.0,114.0,10212.0,11286.0,705.0,709,107.0,707,3854.0,707,760.0,131.0
EUG,2026-05,807.0,1.0,139.0,11627.0,12267.0,806.0,806,147.0,805,4583.0,805,862.0,60.0
EUG,2026-06,839.0,0.0,246.0,17176.0,12528.0,839.0,839,231.0,839,5174.0,839,1854.0,140.0
EUG,2026-07,884.0,4.0,182.0,15047.0,13946.0,880.0,884,194.0,880,5429.0,880,1563.0,564.0
EVV,2025-08,178.0,5.0,31.0,2072.0,2957.0,173.0,178,40.0,173,1009.0,173,468.0,174.0
EVV,2025-09,165.0,1.0,20.0,1319.0,2513.0,164.0,165,19.0,163,818.0,164,211.0,7.0
EVV,2025-10,177.0,1.0,37.0,3160.0,3387.0,176.0,177,39.0,177,875.0,177,263.0,140.0
EVV,2025-11,165.0,8.0,15.0,1134.0,2958.0,157.0,165,24.0,157,727.0,157,234.0,221.0
EVV,2025-12,196.0,2.0,40.0,4375.0,3813.0,194.0,197,48.0,196,942.0,196,1184.0,579.0
EVV,2026-01,140.0,9.0,25.0,6034.0,3033.0,131.0,139,30.0,131,598.0,131,477.0,493.0
EVV,2026-02,124.0,2.0,21.0,1500.0,2664.0,122.0,124,31.0,122,754.0,122,450.0,135.0
EVV,2026-03,142.0,7.0,30.0,4307.0,2600.0,135.0,142,42.0,132,771.0,133,407.0,167.0
EVV,2026-04,137.0,5.0,37.0,4543.0,2342.0,132.0,137,44.0,131,630.0,131,444.0,433.0
EVV,2026-05,163.0,6.0,31.0,4581.0,2557.0,157.0,163,40.0,159,822.0,159,515.0,434.0
EVV,2026-06,180.0,10.0,43.0,4347.0,2636.0,170.0,180,40.0,171,1000.0,171,572.0,470.0
EVV,2026-07,183.0,6.0,32.0,2348.0,2508.0,177.0,183,33.0,175,959.0,177,170.0,188.0
EWN,2025-08,51.0,0.0,17.0,1570.0,887.0,51.0,52,14.0,51,203.0,52,134.0,40.0
EWN,2025-09,32.0,0.0,2.0,172.0,558.0,32.0,32,7.0,32,125.0,32,5.0,82.0
EWN,2025-10,52.0,0.0,7.0,384.0,1027.0,52.0,52,9.0,52,202.0,52,16.0,53.0
EWN,2025-11,17.0,0.0,3.0,170.0,269.0,17.0,16,3.0,16,63.0,16,19.0,0.0
EWN,2025-12,11.0,0.0,5.0,564.0,166.0,11.0,11,6.0,11,45.0,11,11.0,31.0
EWN,2026-01,5.0,0.0,2.0,442.0,60.0,5.0,5,1.0,4,27.0,5,11.0,0.0
EWN,2026-02,17.0,0.0,3.0,212.0,277.0,17.0,17,4.0,17,73.0,17,5.0,0.0
EWN,2026-03,31.0,1.0,8.0,674.0,536.0,30.0,31,8.0,30,134.0,30,41.0,32.0
EWN,2026-04,23.0,0.0,3.0,276.0,367.0,23.0,23,5.0,23,98.0,23,16.0,0.0
EWN,2026-05,17.0,0.0,3.0,135.0,249.0,17.0,17,3.0,17,75.0,17,0.0,0.0
EWR,2025-08,10410.0,125.0,2412.0,216257.0,233637.0,10285.0,10410,2965.0,10246,97568.0,10272,130459.0,11219.0
EWR,2025-09,9945.0,110.0,1600.0,138187.0,235761.0,9835.0,9941,1846.0,9769,96279.0,9826,83732.0,7050.0
EWR,2025-10,10578.0,107.0,2121.0,162132.0,311439.0,10471.0,10582,2897.0,10454,99105.0,10469,125151.0,2188.0
EWR,2025-11,10403.0,457.0,2123.0,183318.0,272497.0,9946.0,10429,2574.0,9948,96529.0,9968,135661.0,2742.0
EWR,2025-12,10652.0,280.0,2825.0,231682.0,261290.0,10373.0,10687,2976.0,10398,106752.0,10412,83623.0,8211.0
EWR,2026-01,9977.0,636.0,1834.0,134976.0,223325.0,9341.0,10025,1771.0,9386,99589.0,9390,32299.0,3653.0
EWR,2026-02,9244.0,728.0,1587.0,114571.0,198541.0,8516.0,9288,1643.0,8508,85621.0,8537,36151.0,3495.0
EWR,2026-03,10755.0,250.0,2454.0,189718.0,240545.0,10505.0,10825,2688.0,10521,100115.0,10567,60565.0,7546.0
EWR,2026-04,10358.0,71.0,1432.0,100879.0,228009.0,10287.0,10420,1499.0,10334,98014.0,10350,20133.0,4120.0
EWR,2026-05,10300.0,96.0,1316.0,105067.0,220326.0,10204.0,10332,1251.0,10208,103335.0,10232,28077.0,3670.0
EWR,2026-06,9967.0,152.0,1843.0,173707.0,241686.0,9815.0,9943,2049.0,9719,101962.0,9778,89601.0,8964.0
EWR,2026-07,10116.0,830.0,2583.0,292273.0,264632.0,9286.0,10074,2714.0,9033,100306.0,9212,119296.0,18181.0
EYW,2025-08,480.0,2.0,100.0,8403.0,6903.0,478.0,480,92.0,477,2192.0,479,858.0,177.0
EYW,2025-09,439.0,1.0,59.0,5252.0,6206.0,438.0,439,38.0,432,2269.0,438,553.0,73.0
EYW,2025-10,558.0,2.0,85.0,7673.0,7538.0,556.0,559,75.0,554,2770.0,556,1050.0,1529.0
EYW,2025-11,736.0,29.0,161.0,13057.0,10433.0,707.0,738,150.0,709,4200.0,709,3226.0,2102.0
EYW,2025-12,866.0,8.0,234.0,20856.0,12689.0,858.0,865,239.0,851,6410.0,855,4586.0,324.0
EYW,2026-01,889.0,47.0,223.0,24046.0,12606.0,842.0,890,182.0,836,7398.0,845,3554.0,2553.0
EYW,2026-02,805.0,28.0,261.0,20065.0,11682.0,777.0,805,175.0,776,8509.0,784,3077.0,290.0
EYW,2026-03,885.0,28.0,231.0,22964.0,13717.0,857.0,884,172.0,852,6575.0,857,3630.0,1139.0
EYW,2026-04,816.0,0.0,145.0,12767.0,12341.0,816.0,817,116.0,815,6616.0,817,2089.0,207.0
EYW,2026-05,697.0,6.0,125.0,13161.0,10204.0,691.0,695,92.0,689,3537.0,689,1247.0,682.0
EYW,2026-06,578.0,9.0,139.0,12933.0,8588.0,569.0,578,97.0,564,2522.0,572,1053.0,397.0
EYW,2026-07,599.0,9.0,176.0,20626.0,8726.0,590.0,599,147.0,589,3152.0,593,2504.0,874.0
FAI,2025-08,438.0,4.0,85.0,5408.0,5642.0,434.0,438,101.0,434,1808.0,434,877.0,39.0
FAI,2025-09,359.0,1.0,27.0,1687.0,5082.0,358.0,357,38.0,357,1648.0,357,243.0,0.0
FAI,2025-10,257.0,2.0,31.0,2436.0,4536.0,255.0,258,38.0,256,1059.0,256,504.0,0.0
FAI,2025-11,264.0,4.0,24.0,1379.0,5471.0,260.0,266,31.0,262,1167.0,262,366.0,21.0
FAI,2025-12,287.0,7.0,95.0,7441.0,6174.0,280.0,287,100.0,281,1446.0,281,1094.0,81.0
FAI,2026-01,355.0,10.0,63.0,4685.0,6165.0,345.0,354,70.0,345,1635.0,347,936.0,563.0
FAI,2026-02,332.0,2.0,49.0,4924.0,6700.0,330.0,332,45.0,330,1688.0,330,463.0,14.0
FAI,2026-03,357.0,6.0,74.0,6972.0,4532.0,351.0,356,78.0,350,1538.0,351,443.0,867.0
FAI,2026-04,319.0,1.0,16.0,1404.0,3939.0,318.0,319,30.0,317,1174.0,318,207.0,0.0
FAI,2026-05,357.0,1.0,36.0,2143.0,3851.0,356.0,359,54.0,358,1362.0,359,551.0,21.0
FAI,2026-06,403.0,1.0,56.0,4205.0,4523.0,402.0,404,70.0,404,1822.0,404,531.0,55.0
FAI,2026-07,437.0,3.0,101.0,9442.0,5064.0,434.0,437,102.0,430,1911.0,433,632.0,549.0
FAR,2025-08,628.0,4.0,128.0,12642.0,10006.0,624.0,629,151.0,618,3737.0,623,1542.0,1577.0
FAR,2025-09,576.0,3.0,69.0,6322.0,9838.0,573.0,575,80.0,570,3152.0,573,946.0,293.0
FAR,2025-10,537.0,0.0,65.0,5543.0,8740.0,537.0,537,85.0,536,2945.0,537,587.0,47.0
FAR,2025-11,506.0,16.0,90.0,9171.0,10507.0,490.0,506,99.0,488,3021.0,489,1197.0,230.0
FAR,2025-12,539.0,11.0,166.0,16632.0,14679.0,528.0,538,172.0,524,3625.0,527,3513.0,618.0
FAR,2026-01,578.0,21.0,153.0,16918.0,15953.0,557.0,579,157.0,561,3950.0,562,1946.0,4058.0
FAR,2026-02,547.0,4.0,110.0,10153.0,13712.0,543.0,548,128.0,544,3440.0,546,1486.0,1984.0
FAR,2026-03,610.0,14.0,127.0,11678.0,12333.0,596.0,611,143.0,596,3295.0,598,2195.0,885.0
FAR,2026-04,608.0,16.0,105.0,13785.0,11010.0,592.0,607,93.0,590,3194.0,591,809.0,388.0
FAR,2026-05,611.0,5.0,80.0,6622.0,9610.0,606.0,611,122.0,606,3331.0,606,1374.0,441.0
FAR,2026-06,558.0,12.0,105.0,8481.0,8909.0,546.0,559,120.0,544,3156.0,545,1174.0,247.0
FAR,2026-07,595.0,9.0,100.0,9668.0,9402.0,586.0,595,139.0,587,3800.0,587,1242.0,1539.0
FAT,2025-08,1215.0,9.0,173.0,13887.0,19790.0,1206.0,1215,253.0,1207,7585.0,1207,1509.0,1730.0
FAT,2025-09,1127.0,7.0,148.0,12857.0,18846.0,1120.0,1128,179.0,1121,6967.0,1121,2006.0,437.0
FAT,2025-10,1229.0,8.0,177.0,13921.0,21791.0,1221.0,1229,225.0,1221,7626.0,1222,2132.0,822.0
FAT,2025-11,1101.0,25.0,136.0,11598.0,19839.0,1076.0,1101,180.0,1074,6095.0,1076,1719.0,1660.0
FAT,2025-12,1082.0,5.0,190.0,13781.0,18096.0,1077.0,1081,237.0,1072,6345.0,1072,2149.0,1595.0
FAT,2026-01,1022.0,36.0,180.0,19158.0,18007.0,987.0,1022,168.0,979,6020.0,980,1073.0,3687.0
FAT,2026-02,889.0,4.0,122.0,10570.0,14694.0,885.0,890,167.0,887,5102.0,887,1634.0,1051.0
FAT,2026-03,1012.0,6.0,149.0,14997.0,16193.0,1007.0,1012,169.0,1004,5989.0,1005,474.0,321.0
FAT,2026-04,1030.0,4.0,179.0,15011.0,17627.0,1026.0,1032,202.0,1025,6239.0,1025,1489.0,105.0
FAT,2026-05,1117.0,7.0,210.0,20432.0,17928.0,1110.0,1115,229.0,1105,6892.0,1107,2530.0,553.0
FAT,2026-06,1123.0,7.0,260.0,19571.0,18813.0,1116.0,1124,336.0,1115,6903.0,1115,2560.0,789.0
FAT,2026-07,1172.0,9.0,274.0,21202.0,19327.0,1163.0,1172,345.0,1163,7011.0,1163,2504.0,1787.0
FAY,2025-08,38.0,0.0,5.0,380.0,606.0,38.0,38,6.0,38,182.0,38,84.0,0.0
FAY,2025-09,57.0,0.0,9.0,560.0,768.0,57.0,58,7.0,58,302.0,58,66.0,12.0
FAY,2025-10,36.0,0.0,4.0,285.0,542.0,36.0,35,5.0,35,233.0,35,30.0,0.0
FAY,2025-11,29.0,3.0,2.0,129.0,496.0,26.0,29,2.0,26,94.0,26,0.0,0.0
FAY,2025-12,17.0,0.0,6.0,352.0,380.0,17.0,17,6.0,17,110.0,17,30.0,123.0
FAY,2026-01,49.0,7.0,10.0,1181.0,909.0,42.0,50,11.0,42,133.0,42,72.0,343.0
FAY,2026-02,23.0,3.0,4.0,204.0,437.0,20.0,22,2.0,20,80.0,20,0.0,0.0
FAY,2026-05,17.0,1.0,8.0,492.0,285.0,16.0,17,9.0,16,54.0,16,140.0,142.0
FAY,2026-06,24.0,2.0,7.0,525.0,414.0,22.0,24,6.0,21,74.0,22,71.0,0.0
FAY,2026-07,27.0,0.0,11.0,1669.0,484.0,27.0,27,11.0,27,93.0,27,298.0,618.0
FCA,2025-08,583.0,4.0,122.0,10742.0,9357.0,579.0,583,104.0,577,3521.0,577,929.0,182.0
FCA,2025-09,477.0,0.0,64.0,6431.0,7641.0,477.0,475,58.0,474,3095.0,475,386.0,68.0
FCA,2025-10,337.0,0.0,43.0,3513.0,5662.0,337.0,337,42.0,337,1631.0,337,445.0,51.0
FCA,2025-11,208.0,5.0,24.0,2476.0,4196.0,203.0,208,30.0,203,905.0,203,128.0,1700.0
FCA,2025-12,285.0,2.0,79.0,6873.0,6127.0,283.0,285,84.0,282,1876.0,284,1096.0,387.0
FCA,2026-01,258.0,12.0,52.0,6148.0,5383.0,246.0,259,53.0,246,1457.0,247,574.0,1465.0
FCA,2026-02,219.0,0.0,32.0,3461.0,4238.0,219.0,219,36.0,219,1010.0,219,293.0,44.0
FCA,2026-03,257.0,5.0,42.0,3749.0,4873.0,252.0,256,51.0,251,1213.0,251,767.0,83.0
FCA,2026-04,212.0,1.0,23.0,3204.0,3669.0,211.0,212,17.0,209,940.0,212,103.0,65.0
FCA,2026-05,334.0,2.0,50.0,3642.0,5472.0,332.0,334,49.0,331,2118.0,332,845.0,0.0
FCA,2026-06,555.0,2.0,133.0,12736.0,9131.0,553.0,557,120.0,557,3422.0,557,1341.0,208.0
FCA,2026-07,390.0,6.0,80.0,9412.0,6956.0,384.0,391,85.0,384,3300.0,384,1154.0,987.0
FLG,2025-08,106.0,0.0,15.0,1902.0,1907.0,106.0,106,28.0,106,423.0,106,102.0,316.0
FLG,2025-09,139.0,2.0,24.0,2640.0,2379.0,137.0,139,28.0,136,590.0,136,407.0,583.0
FLG,2025-10,168.0,0.0,30.0,3224.0,3945.0,168.0,168,34.0,168,770.0,168,120.0,495.0
FLG,2025-11,160.0,9.0,30.0,3621.0,3660.0,151.0,159,31.0,147,936.0,148,353.0,194.0
FLG,2025-12,152.0,0.0,22.0,2640.0,3276.0,152.0,152,25.0,152,805.0,152,60.0,3.0
FLG,2026-01,115.0,4.0,23.0,3595.0,2657.0,111.0,115,25.0,109,654.0,111,143.0,554.0
FLG,2026-02,105.0,6.0,29.0,3608.0,2485.0,99.0,105,27.0,97,754.0,99,165.0,151.0
FLG,2026-03,124.0,0.0,38.0,4914.0,2847.0,124.0,124,32.0,124,877.0,124,128.0,430.0
FLG,2026-04,164.0,0.0,29.0,2627.0,3362.0,164.0,164,27.0,164,906.0,164,79.0,52.0
FLG,2026-05,161.0,4.0,49.0,5200.0,3243.0,157.0,161,35.0,157,1094.0,157,82.0,86.0
FLG,2026-06,120.0,10.0,32.0,3695.0,2056.0,110.0,120,27.0,110,601.0,110,850.0,291.0
FLG,2026-07,123.0,11.0,38.0,7427.0,2135.0,112.0,123,46.0,112,615.0,113,838.0,247.0
FLL,2025-08,6561.0,36.0,1651.0,127830.0,114525.0,6525.0,6561,1568.0,6475,41021.0,6521,24813.0,4231.0
FLL,2025-09,5663.0,24.0,1187.0,89447.0,88248.0,5639.0,5672,976.0,5599,36893.0,5641,16182.0,2383.0
FLL,2025-10,6591.0,26.0,1350.0,94108.0,106516.0,6565.0,6587,1402.0,6553,38319.0,6558,21917.0,1262.0
FLL,2025-11,7609.0,184.0,1721.0,129571.0,125701.0,7425.0,7617,1705.0,7410,45137.0,7420,36648.0,3627.0
FLL,2025-12,8886.0,184.0,3249.0,236978.0,155144.0,8703.0,8909,3086.0,8711,75173.0,8715,65806.0,6195.0
FLL,2026-01,8607.0,410.0,2579.0,174119.0,148113.0,8197.0,8596,2360.0,8169,67723.0,8174,39698.0,8101.0
FLL,2026-02,8251.0,326.0,2549.0,178984.0,147839.0,7926.0,8256,2114.0,7902,71909.0,7913,32707.0,3627.0
FLL,2026-03,9928.0,463.0,3947.0,326128.0,199157.0,9465.0,9915,3609.0,9395,106288.0,9426,97456.0,4965.0
FLL,2026-04,8610.0,91.0,2477.0,175168.0,168051.0,8520.0,8615,2311.0,8508,69093.0,8522,46076.0,3726.0
FLL,2026-05,6437.0,34.0,1628.0,106664.0,116014.0,6403.0,6428,1599.0,6385,40655.0,6397,20720.0,4099.0
FLL,2026-06,6077.0,69.0,1562.0,122126.0,103168.0,6008.0,6081,1504.0,5995,36219.0,6009,15423.0,5829.0
FLL,2026-07,7161.0,282.0,2559.0,198911.0,131964.0,6881.0,7154,2362.0,6842,45134.0,6872,31836.0,6619.0
FMN,2025-08,31.0,0.0,3.0,685.0,479.0,31.0,31,10.0,31,151.0,31,118.0,0.0
FMN,2025-09,30.0,0.0,11.0,602.0,425.0,30.0,30,4.0,30,151.0,30,23.0,0.0
FMN,2025-10,31.0,0.0,4.0,1415.0,421.0,31.0,31,2.0,31,156.0,31,0.0,0.0
FMN,2025-11,30.0,0.0,2.0,276.0,486.0,30.0,30,1.0,29,125.0,30,0.0,0.0
FMN,2025-12,31.0,0.0,4.0,850.0,831.0,31.0,31,7.0,31,204.0,31,57.0,56.0
FMN,2026-01,31.0,0.0,10.0,1238.0,881.0,31.0,31,4.0,31,135.0,31,67.0,0.0
FMN,2026-02,28.0,0.0,2.0,293.0,531.0,28.0,28,3.0,28,145.0,28,104.0,0.0
FMN,2026-03,31.0,0.0,2.0,415.0,316.0,31.0,31,6.0,31,130.0,31,43.0,0.0
FMN,2026-04,30.0,0.0,2.0,505.0,467.0,30.0,30,2.0,30,143.0,30,1.0,0.0
FMN,2026-05,31.0,0.0,4.0,1030.0,314.0,31.0,31,7.0,31,137.0,31,0.0,0.0
FMN,2026-06,30.0,0.0,0.0,0.0,293.0,30.0,30,8.0,30,128.0,30,159.0,15.0
FMN,2026-07,31.0,0.0,3.0,542.0,353.0,31.0,31,9.0,31,148.0,31,182.0,66.0
FNT,2025-08,299.0,7.0,62.0,7204.0,4015.0,292.0,299,68.0,291,1553.0,291,674.0,1151.0
FNT,2025-09,267.0,1.0,42.0,4730.0,3819.0,266.0,267,54.0,265,1341.0,265,337.0,9.0
FNT,2025-10,311.0,0.0,57.0,5341.0,4558.0,311.0,311,80.0,311,1632.0,311,899.0,257.0
FNT,2025-11,296.0,15.0,53.0,4521.0,6114.0,281.0,296,80.0,282,1604.0,282,1111.0,576.0
FNT,2025-12,309.0,9.0,92.0,12798.0,7770.0,300.0,309,122.0,300,1877.0,301,1568.0,3447.0
FNT,2026-01,282.0,5.0,80.0,9542.0,7468.0,277.0,282,100.0,276,1829.0,277,1160.0,2719.0
FNT,2026-02,302.0,5.0,76.0,9267.0,6946.0,297.0,302,101.0,299,1812.0,299,964.0,3465.0
FNT,2026-03,397.0,13.0,103.0,12651.0,7662.0,384.0,397,126.0,381,2150.0,381,1899.0,1048.0
FNT,2026-04,339.0,12.0,92.0,8823.0,4961.0,327.0,339,133.0,329,1932.0,329,1857.0,2413.0
FNT,2026-05,301.0,4.0,64.0,7145.0,4406.0,297.0,301,97.0,297,1588.0,298,1158.0,934.0
FNT,2026-06,221.0,6.0,54.0,5635.0,3337.0,215.0,221,69.0,212,1180.0,212,705.0,385.0
FNT,2026-07,229.0,7.0,58.0,10130.0,3250.0,222.0,229,71.0,220,1149.0,221,240.0,478.0
FOD,2025-08,53.0,2.0,13.0,1256.0,673.0,51.0,53,10.0,52,268.0,52,47.0,52.0
FOD,2025-09,51.0,0.0,4.0,391.0,626.0,51.0,51,5.0,51,283.0,51,49.0,0.0
FOD,2025-10,54.0,0.0,5.0,328.0,704.0,54.0,54,6.0,54,270.0,54,0.0,26.0
FOD,2025-11,50.0,3.0,17.0,1470.0,759.0,47.0,50,13.0,48,250.0,48,225.0,204.0
FOD,2025-12,55.0,9.0,11.0,1217.0,964.0,46.0,55,13.0,45,249.0,46,436.0,111.0
FOD,2026-01,53.0,3.0,12.0,1281.0,819.0,50.0,53,17.0,50,241.0,50,260.0,95.0
FOD,2026-02,48.0,1.0,8.0,1715.0,737.0,47.0,48,6.0,47,249.0,47,22.0,0.0
FOD,2026-03,53.0,6.0,13.0,4190.0,731.0,47.0,53,10.0,46,219.0,47,415.0,93.0
FOD,2026-04,52.0,5.0,14.0,1816.0,672.0,47.0,52,19.0,47,200.0,48,220.0,110.0
FOD,2026-05,56.0,0.0,12.0,1999.0,889.0,56.0,56,9.0,56,267.0,56,398.0,0.0
FOD,2026-06,52.0,0.0,18.0,1666.0,748.0,52.0,52,18.0,52,240.0,52,468.0,24.0
FOD,2026-07,62.0,4.0,19.0,2496.0,1221.0,58.0,62,21.0,60,313.0,60,286.0,229.0
FSD,2025-08,589.0,9.0,141.0,17959.0,9770.0,580.0,589,170.0,578,4379.0,579,2317.0,1311.0
FSD,2025-09,567.0,5.0,102.0,9082.0,9429.0,562.0,567,132.0,561,3486.0,562,971.0,439.0
FSD,2025-10,681.0,2.0,108.0,11445.0,12011.0,679.0,682,133.0,680,4884.0,680,1180.0,632.0
FSD,2025-11,654.0,33.0,127.0,12223.0,13053.0,621.0,654,143.0,622,4708.0,623,1445.0,830.0
FSD,2025-12,687.0,16.0,243.0,28409.0,17116.0,671.0,687,254.0,669,5855.0,672,3682.0,4620.0
FSD,2026-01,612.0,11.0,112.0,12570.0,13900.0,601.0,613,147.0,603,4202.0,603,1767.0,2805.0
FSD,2026-02,627.0,2.0,92.0,8729.0,12069.0,625.0,627,126.0,625,4753.0,626,1862.0,869.0
FSD,2026-03,754.0,34.0,158.0,12545.0,13240.0,720.0,754,181.0,723,5156.0,723,2413.0,907.0
FSD,2026-04,723.0,13.0,133.0,11277.0,12026.0,710.0,723,157.0,713,4980.0,713,1739.0,1461.0
FSD,2026-05,735.0,4.0,128.0,14023.0,12191.0,731.0,735,163.0,724,5138.0,731,2208.0,1319.0
FSD,2026-06,694.0,14.0,148.0,14169.0,11858.0,680.0,694,190.0,680,5310.0,680,1719.0,2252.0
FSD,2026-07,711.0,14.0,141.0,16638.0,11668.0,697.0,711,189.0,702,4754.0,702,1818.0,1353.0
FSM,2025-08,96.0,1.0,11.0,964.0,1471.0,95.0,96,16.0,95,337.0,95,181.0,80.0
FSM,2025-09,118.0,1.0,14.0,1133.0,1752.0,117.0,118,14.0,116,483.0,117,377.0,69.0
FSM,2025-10,97.0,2.0,11.0,693.0,1684.0,95.0,97,12.0,95,341.0,95,47.0,86.0
FSM,2025-11,98.0,9.0,11.0,805.0,1615.0,89.0,98,14.0,89,347.0,89,260.0,67.0
FSM,2025-12,93.0,0.0,16.0,1663.0,1493.0,93.0,93,18.0,92,415.0,93,34.0,71.0
FSM,2026-01,93.0,9.0,14.0,1322.0,1236.0,84.0,92,14.0,83,368.0,83,36.0,34.0
FSM,2026-02,82.0,0.0,7.0,355.0,1187.0,82.0,83,6.0,83,331.0,83,43.0,0.0
FSM,2026-03,93.0,1.0,12.0,2124.0,1383.0,92.0,93,17.0,92,354.0,92,121.0,129.0
FSM,2026-04,90.0,0.0,12.0,1043.0,1385.0,90.0,90,14.0,90,337.0,90,182.0,188.0
FSM,2026-05,102.0,3.0,21.0,2025.0,1514.0,99.0,102,15.0,98,345.0,98,229.0,770.0
FSM,2026-06,115.0,7.0,16.0,1330.0,1488.0,108.0,115,23.0,110,441.0,110,304.0,427.0
FSM,2026-07,117.0,0.0,21.0,2287.0,1861.0,117.0,117,26.0,116,470.0,117,240.0,179.0
FWA,2025-08,541.0,14.0,104.0,10197.0,9616.0,527.0,540,124.0,528,3650.0,529,913.0,1326.0
FWA,2025-09,523.0,3.0,84.0,6378.0,9393.0,520.0,523,101.0,521,3748.0,521,779.0,367.0
FWA,2025-10,604.0,0.0,122.0,11705.0,11326.0,604.0,605,125.0,604,3984.0,605,1628.0,810.0
FWA,2025-11,562.0,40.0,105.0,10858.0,12161.0,522.0,562,126.0,520,3687.0,520,2947.0,1679.0
FWA,2025-12,544.0,12.0,205.0,24980.0,15060.0,532.0,543,227.0,534,5297.0,535,3520.0,4805.0
FWA,2026-01,517.0,20.0,134.0,15085.0,13723.0,497.0,516,145.0,493,4117.0,494,1719.0,3023.0
FWA,2026-02,388.0,4.0,108.0,15161.0,9890.0,384.0,387,109.0,380,2934.0,386,954.0,1820.0
FWA,2026-03,476.0,29.0,122.0,17922.0,9043.0,447.0,478,128.0,452,3398.0,452,2488.0,1675.0
FWA,2026-04,522.0,23.0,131.0,16425.0,9855.0,499.0,522,174.0,496,3712.0,497,2450.0,532.0
FWA,2026-05,543.0,6.0,131.0,12797.0,10323.0,537.0,543,158.0,534,4288.0,536,2027.0,1172.0
FWA,2026-06,532.0,19.0,106.0,10229.0,9470.0,513.0,534,119.0,515,4245.0,516,1875.0,1062.0
FWA,2026-07,527.0,15.0,111.0,12477.0,9302.0,512.0,524,137.0,507,3976.0,507,1538.0,1243.0
GCC,2025-08,62.0,0.0,12.0,1553.0,1340.0,62.0,62,21.0,61,338.0,61,264.0,0.0
GCC,2025-09,60.0,0.0,4.0,556.0,1094.0,60.0,60,3.0,60,328.0,60,124.0,0.0
GCC,2025-10,62.0,0.0,7.0,1831.0,1085.0,62.0,62,7.0,62,345.0,62,9.0,60.0
GCC,2025-11,60.0,0.0,5.0,499.0,1199.0,60.0,60,4.0,60,313.0,60,54.0,27.0
GCC,2025-12,62.0,1.0,17.0,1818.0,1516.0,61.0,62,12.0,61,350.0,61,773.0,0.0
GCC,2026-01,62.0,0.0,13.0,1536.0,1542.0,62.0,62,17.0,62,353.0,62,207.0,37.0
GCC,2026-02,56.0,0.0,4.0,532.0,1626.0,56.0,56,7.0,56,311.0,56,9.0,170.0
GCC,2026-03,89.0,4.0,8.0,883.0,1886.0,85.0,88,17.0,84,445.0,84,149.0,140.0
GCC,2026-04,15.0,0.0,3.0,1139.0,381.0,15.0,15,4.0,15,70.0,15,0.0,25.0
GCC,2026-05,32.0,0.0,3.0,142.0,552.0,32.0,33,4.0,33,181.0,33,58.0,0.0
GCC,2026-06,88.0,0.0,11.0,1314.0,1961.0,88.0,88,25.0,88,472.0,88,372.0,166.0
GCC,2026-07,78.0,0.0,14.0,1423.0,1713.0,78.0,78,23.0,77,443.0,78,362.0,0.0
GCK,2025-08,62.0,0.0,12.0,1085.0,879.0,62.0,62,18.0,61,244.0,62,75.0,97.0
GCK,2025-09,60.0,1.0,8.0,516.0,765.0,59.0,60,14.0,59,233.0,59,159.0,44.0
GCK,2025-10,62.0,0.0,9.0,1094.0,849.0,62.0,62,13.0,61,257.0,62,172.0,76.0
GCK,2025-11,59.0,4.0,11.0,1517.0,973.0,55.0,59,17.0,55,268.0,57,49.0,516.0
GCK,2025-12,62.0,0.0,10.0,886.0,1403.0,62.0,62,8.0,62,281.0,62,13.0,0.0
GCK,2026-01,62.0,4.0,12.0,1756.0,1477.0,58.0,62,14.0,58,283.0,58,113.0,385.0
GCK,2026-02,54.0,1.0,10.0,937.0,941.0,53.0,54,21.0,53,257.0,53,33.0,143.0
GCK,2026-03,62.0,3.0,9.0,1399.0,994.0,59.0,62,10.0,58,262.0,58,31.0,168.0
GCK,2026-04,60.0,2.0,11.0,645.0,951.0,58.0,60,15.0,58,276.0,58,86.0,159.0
GCK,2026-05,62.0,1.0,11.0,1213.0,938.0,61.0,62,14.0,60,260.0,60,111.0,875.0
GCK,2026-06,60.0,1.0,14.0,1003.0,778.0,59.0,60,14.0,59,248.0,59,301.0,323.0
GCK,2026-07,61.0,0.0,7.0,908.0,709.0,61.0,61,15.0,61,230.0,61,176.0,73.0
GEG,2025-08,1736.0,9.0,290.0,19686.0,29175.0,1727.0,1732,368.0,1720,9000.0,1721,1929.0,1332.0
GEG,2025-09,1587.0,3.0,196.0,13918.0,26028.0,1584.0,1588,242.0,1584,8187.0,1584,1826.0,826.0
GEG,2025-10,1579.0,8.0,238.0,16746.0,28444.0,1571.0,1580,282.0,1568,8749.0,1571,2196.0,876.0
GEG,2025-11,1451.0,22.0,194.0,16588.0,25245.0,1429.0,1449,233.0,1424,7456.0,1427,2414.0,2154.0
GEG,2025-12,1476.0,8.0,253.0,18938.0,28123.0,1468.0,1477,381.0,1464,7141.0,1469,3478.0,2661.0
GEG,2026-01,1404.0,23.0,200.0,18186.0,28792.0,1381.0,1406,238.0,1376,6848.0,1382,1353.0,2910.0
GEG,2026-02,1299.0,7.0,155.0,13598.0,22458.0,1292.0,1300,209.0,1290,5811.0,1296,1488.0,2119.0
GEG,2026-03,1496.0,23.0,253.0,17716.0,24828.0,1473.0,1496,321.0,1472,6685.0,1472,3243.0,921.0
GEG,2026-04,1457.0,4.0,187.0,14422.0,23022.0,1454.0,1457,231.0,1454,7226.0,1454,1442.0,210.0
GEG,2026-05,1542.0,8.0,195.0,13171.0,22661.0,1534.0,1539,317.0,1532,7979.0,1534,1983.0,1193.0
GEG,2026-06,1668.0,7.0,368.0,26750.0,25477.0,1661.0,1669,430.0,1661,8679.0,1662,3507.0,824.0
GEG,2026-07,1779.0,12.0,360.0,27497.0,26397.0,1767.0,1779,410.0,1769,9691.0,1770,3119.0,1619.0
GFK,2025-08,82.0,0.0,10.0,925.0,1499.0,82.0,83,10.0,83,351.0,83,31.0,119.0
GFK,2025-09,98.0,0.0,18.0,1352.0,2015.0,98.0,98,21.0,98,393.0,98,7.0,624.0
GFK,2025-10,111.0,0.0,13.0,432.0,1970.0,111.0,111,9.0,111,470.0,111,0.0,51.0
GFK,2025-11,106.0,5.0,7.0,614.0,2347.0,101.0,106,11.0,101,473.0,101,203.0,726.0
GFK,2025-12,45.0,3.0,16.0,1365.0,971.0,42.0,44,14.0,41,301.0,41,212.0,107.0
GFK,2026-01,101.0,3.0,25.0,1855.0,2735.0,98.0,102,26.0,99,494.0,99,304.0,247.0
GFK,2026-02,102.0,2.0,11.0,889.0,2264.0,100.0,102,10.0,100,484.0,100,47.0,230.0
GFK,2026-03,115.0,3.0,23.0,2311.0,2299.0,112.0,115,27.0,109,511.0,112,112.0,239.0
GFK,2026-04,120.0,1.0,13.0,1500.0,2058.0,119.0,120,13.0,118,626.0,119,63.0,91.0
GFK,2026-05,117.0,0.0,15.0,2878.0,1884.0,117.0,117,18.0,116,668.0,117,33.0,112.0
GFK,2026-06,111.0,0.0,8.0,328.0,1829.0,111.0,111,11.0,111,693.0,111,83.0,96.0
GFK,2026-07,115.0,0.0,11.0,1253.0,1891.0,115.0,115,14.0,115,653.0,115,9.0,27.0
GGG,2025-08,62.0,0.0,6.0,714.0,791.0,62.0,62,15.0,62,274.0,62,175.0,80.0
GGG,2025-09,60.0,1.0,9.0,749.0,789.0,59.0,60,8.0,59,270.0,59,89.0,13.0
GGG,2025-10,62.0,0.0,9.0,1246.0,859.0,62.0,62,10.0,62,292.0,62,302.0,173.0
GGG,2025-11,59.0,5.0,4.0,163.0,875.0,54.0,59,4.0,54,250.0,54,10.0,0.0
GGG,2025-12,60.0,1.0,12.0,902.0,903.0,59.0,60,13.0,59,279.0,60,68.0,1.0
GGG,2026-01,62.0,7.0,10.0,537.0,717.0,55.0,62,9.0,55,243.0,55,26.0,1626.0
GGG,2026-02,56.0,0.0,12.0,1282.0,777.0,56.0,56,8.0,56,253.0,56,12.0,87.0
GGG,2026-03,62.0,0.0,9.0,818.0,825.0,62.0,62,7.0,62,296.0,62,93.0,0.0
GGG,2026-04,59.0,0.0,9.0,560.0,877.0,59.0,59,13.0,59,285.0,59,105.0,481.0
GGG,2026-05,62.0,2.0,6.0,261.0,871.0,60.0,62,13.0,59,287.0,59,73.0,46.0
GGG,2026-06,54.0,4.0,10.0,1241.0,581.0,50.0,53,9.0,49,258.0,49,145.0,199.0
GGG,2026-07,60.0,1.0,8.0,540.0,627.0,59.0,61,12.0,60,324.0,60,88.0,48.0
GJT,2025-08,379.0,2.0,92.0,9504.0,7661.0,377.0,379,94.0,378,2123.0,378,814.0,560.0
GJT,2025-09,389.0,2.0,51.0,6805.0,7928.0,387.0,389,55.0,387,1904.0,387,621.0,121.0
GJT,2025-10,406.0,1.0,54.0,3761.0,8849.0,405.0,406,64.0,404,2306.0,405,638.0,56.0
GJT,2025-11,404.0,19.0,40.0,3675.0,7714.0,385.0,404,49.0,386,1620.0,386,736.0,33.0
GJT,2025-12,414.0,2.0,51.0,3801.0,8444.0,412.0,412,58.0,410,1640.0,410,489.0,0.0
GJT,2026-01,355.0,5.0,45.0,5397.0,7986.0,350.0,356,53.0,349,1645.0,351,659.0,572.0
GJT,2026-02,333.0,1.0,45.0,3802.0,7648.0,332.0,333,48.0,331,1494.0,331,317.0,92.0
GJT,2026-03,417.0,5.0,54.0,4488.0,8005.0,412.0,417,74.0,413,1761.0,413,619.0,104.0
GJT,2026-04,409.0,1.0,67.0,7885.0,7778.0,408.0,409,77.0,409,1991.0,409,409.0,326.0
GJT,2026-05,449.0,3.0,65.0,4683.0,8884.0,446.0,449,78.0,444,2038.0,444,664.0,507.0
GJT,2026-06,437.0,4.0,94.0,8422.0,9062.0,433.0,437,103.0,432,2146.0,433,685.0,938.0
GJT,2026-07,448.0,0.0,91.0,8448.0,9331.0,448.0,448,96.0,447,2253.0,448,1283.0,284.0
GNV,2025-08,265.0,1.0,40.0,3689.0,3481.0,264.0,266,54.0,263,1313.0,265,261.0,265.0
GNV,2025-09,232.0,1.0,24.0,1511.0,2744.0,231.0,231,21.0,230,1168.0,230,263.0,118.0
GNV,2025-10,270.0,0.0,35.0,2523.0,3461.0,270.0,270,32.0,269,1236.0,270,268.0,503.0
GNV,2025-11,229.0,8.0,23.0,1677.0,2820.0,221.0,229,21.0,221,974.0,221,217.0,81.0
GNV,2025-12,202.0,2.0,38.0,4310.0,2559.0,200.0,202,44.0,200,878.0,200,239.0,86.0
GNV,2026-01,195.0,10.0,25.0,2496.0,2611.0,185.0,195,24.0,184,779.0,184,107.0,27.0
GNV,2026-02,195.0,2.0,19.0,1795.0,2499.0,193.0,195,17.0,192,685.0,193,130.0,49.0
GNV,2026-03,220.0,1.0,42.0,5146.0,3000.0,219.0,220,53.0,219,961.0,219,717.0,1621.0
GNV,2026-04,225.0,5.0,22.0,2695.0,2931.0,220.0,225,34.0,220,981.0,220,192.0,22.0
GNV,2026-05,242.0,5.0,37.0,3526.0,2926.0,237.0,242,43.0,238,1027.0,238,398.0,280.0
GNV,2026-06,233.0,3.0,34.0,2332.0,3018.0,230.0,233,43.0,230,955.0,230,716.0,254.0
GNV,2026-07,233.0,1.0,44.0,4350.0,2927.0,232.0,233,49.0,231,941.0,232,634.0,156.0
GPT,2025-08,297.0,4.0,39.0,4534.0,4221.0,293.0,297,48.0,294,1400.0,295,427.0,597.0
GPT,2025-09,287.0,2.0,22.0,1965.0,3903.0,285.0,287,31.0,286,1341.0,286,313.0,156.0
GPT,2025-10,274.0,2.0,36.0,2333.0,3959.0,272.0,274,33.0,272,1283.0,272,255.0,99.0
GPT,2025-11,249.0,6.0,34.0,5043.0,3901.0,243.0,249,45.0,242,1155.0,243,256.0,35.0
GPT,2025-12,246.0,11.0,39.0,5158.0,3663.0,235.0,245,48.0,235,1140.0,236,202.0,130.0
GPT,2026-01,235.0,20.0,38.0,4744.0,3279.0,215.0,236,45.0,216,967.0,216,375.0,537.0
GPT,2026-02,205.0,3.0,21.0,2517.0,3054.0,202.0,204,25.0,202,932.0,202,107.0,0.0
GPT,2026-03,221.0,10.0,37.0,4294.0,3196.0,211.0,221,45.0,211,953.0,211,385.0,207.0
GPT,2026-04,252.0,0.0,34.0,2300.0,3782.0,252.0,253,43.0,249,1167.0,250,416.0,233.0
GPT,2026-05,273.0,4.0,54.0,6698.0,4098.0,269.0,273,74.0,267,1537.0,268,911.0,325.0
GPT,2026-06,234.0,11.0,29.0,2018.0,3191.0,223.0,234,33.0,223,1279.0,223,483.0,430.0
GPT,2026-07,233.0,3.0,53.0,5004.0,3163.0,230.0,233,65.0,228,1030.0,229,656.0,362.0
GRB,2025-08,341.0,7.0,60.0,6382.0,4652.0,334.0,343,87.0,333,1569.0,333,824.0,596.0
GRB,2025-09,291.0,2.0,48.0,2395.0,4287.0,289.0,289,50.0,286,1180.0,287,246.0,273.0
GRB,2025-10,412.0,2.0,43.0,3034.0,6409.0,410.0,415,53.0,413,1786.0,414,219.0,39.0
GRB,2025-11,460.0,35.0,62.0,4900.0,8003.0,425.0,460,90.0,426,1912.0,426,1097.0,1147.0
GRB,2025-12,412.0,15.0,128.0,15724.0,9173.0,397.0,413,182.0,397,1964.0,398,3447.0,3000.0
GRB,2026-01,343.0,4.0,88.0,9713.0,9025.0,339.0,341,136.0,336,1570.0,337,1865.0,2172.0
GRB,2026-02,347.0,1.0,62.0,5154.0,7605.0,346.0,348,92.0,346,1498.0,347,732.0,471.0
GRB,2026-03,490.0,49.0,121.0,14834.0,8730.0,441.0,491,153.0,434,2207.0,436,2098.0,1803.0
GRB,2026-04,520.0,24.0,92.0,11030.0,8896.0,496.0,519,138.0,496,2468.0,498,2251.0,2977.0
GRB,2026-05,433.0,3.0,74.0,7834.0,7185.0,430.0,433,112.0,428,2029.0,430,1168.0,949.0
GRB,2026-06,399.0,9.0,48.0,6600.0,5922.0,390.0,398,73.0,389,1813.0,390,704.0,1282.0
GRB,2026-07,376.0,6.0,46.0,5023.0,5097.0,370.0,375,85.0,369,1802.0,370,421.0,708.0
GRI,2025-08,80.0,0.0,10.0,1787.0,1252.0,80.0,80,13.0,78,382.0,78,22.0,65.0
GRI,2025-09,76.0,1.0,9.0,1169.0,1063.0,75.0,76,12.0,75,361.0,75,28.0,400.0
GRI,2025-10,83.0,3.0,15.0,1391.0,1214.0,80.0,83,15.0,80,415.0,80,149.0,296.0
GRI,2025-11,78.0,2.0,22.0,1748.0,1570.0,76.0,78,18.0,75,385.0,76,71.0,113.0
GRI,2025-12,91.0,0.0,21.0,1400.0,1850.0,91.0,91,17.0,91,436.0,91,27.0,0.0
GRI,2026-01,81.0,4.0,21.0,2783.0,1571.0,77.0,81,22.0,78,365.0,78,67.0,873.0
GRI,2026-02,77.0,1.0,17.0,972.0,1418.0,76.0,77,18.0,76,399.0,76,10.0,0.0
GRI,2026-03,89.0,0.0,23.0,2861.0,1428.0,89.0,89,24.0,89,498.0,89,167.0,963.0
GRI,2026-04,73.0,3.0,12.0,1143.0,1169.0,70.0,73,9.0,71,322.0,71,63.0,63.0
GRI,2026-05,76.0,3.0,21.0,3947.0,999.0,73.0,76,20.0,73,363.0,73,186.0,404.0
GRI,2026-06,75.0,3.0,40.0,5728.0,1088.0,72.0,75,26.0,67,348.0,72,412.0,212.0
GRI,2026-07,76.0,0.0,29.0,3148.0,1204.0,76.0,76,27.0,76,537.0,76,286.0,138.0
GRK,2025-08,136.0,3.0,31.0,2726.0,2058.0,133.0,136,38.0,132,726.0,133,441.0,231.0
GRK,2025-09,128.0,2.0,23.0,1449.0,2051.0,126.0,128,27.0,126,601.0,126,181.0,106.0
GRK,2025-10,172.0,4.0,30.0,2226.0,3007.0,168.0,173,33.0,169,896.0,169,268.0,395.0
GRK,2025-11,173.0,16.0,22.0,1973.0,2752.0,157.0,173,23.0,157,852.0,158,230.0,513.0
GRK,2025-12,180.0,0.0,24.0,2222.0,3442.0,180.0,180,36.0,180,976.0,180,107.0,68.0
GRK,2026-01,145.0,27.0,15.0,1280.0,1877.0,118.0,145,23.0,119,644.0,120,111.0,86.0
GRK,2026-02,123.0,1.0,20.0,1286.0,2042.0,122.0,122,26.0,121,621.0,121,56.0,22.0
GRK,2026-03,142.0,7.0,30.0,2958.0,2410.0,135.0,142,36.0,136,634.0,136,82.0,1273.0
GRK,2026-04,164.0,5.0,26.0,2115.0,2944.0,159.0,165,28.0,159,771.0,159,278.0,411.0
GRK,2026-05,179.0,8.0,28.0,2183.0,2780.0,171.0,179,36.0,172,773.0,172,227.0,916.0
GRK,2026-06,180.0,11.0,42.0,4472.0,2653.0,169.0,180,49.0,168,717.0,168,369.0,278.0
GRK,2026-07,185.0,2.0,32.0,2175.0,2703.0,183.0,185,34.0,182,790.0,183,357.0,148.0
GRR,2025-08,1567.0,16.0,290.0,27151.0,23671.0,1551.0,1567,358.0,1550,8381.0,1550,2636.0,2741.0
GRR,2025-09,1504.0,10.0,197.0,18121.0,23890.0,1494.0,1507,246.0,1497,8140.0,1497,1669.0,1178.0
GRR,2025-10,1782.0,7.0,256.0,18793.0,28703.0,1775.0,1785,358.0,1777,9717.0,1778,3205.0,791.0
GRR,2025-11,1646.0,50.0,286.0,25291.0,34294.0,1596.0,1646,373.0,1586,8864.0,1590,5433.0,2297.0
GRR,2025-12,1579.0,30.0,499.0,44612.0,41894.0,1549.0,1577,561.0,1544,10496.0,1547,7696.0,3607.0
GRR,2026-01,1393.0,46.0,369.0,39011.0,42068.0,1347.0,1393,419.0,1341,9275.0,1349,5322.0,3325.0
GRR,2026-02,1376.0,17.0,273.0,23530.0,30120.0,1359.0,1378,339.0,1361,7888.0,1363,3378.0,900.0
GRR,2026-03,1732.0,58.0,390.0,46256.0,31205.0,1674.0,1732,502.0,1665,9372.0,1670,6938.0,5437.0
GRR,2026-04,1710.0,32.0,298.0,29577.0,27620.0,1678.0,1711,371.0,1661,9102.0,1676,3786.0,1502.0
GRR,2026-05,1726.0,13.0,262.0,26203.0,27057.0,1713.0,1723,352.0,1703,9097.0,1707,2892.0,1745.0
GRR,2026-06,1586.0,29.0,338.0,29843.0,24038.0,1557.0,1583,401.0,1540,8429.0,1547,3481.0,1705.0
GRR,2026-07,1674.0,51.0,391.0,41020.0,25520.0,1623.0,1677,470.0,1613,10911.0,1616,4608.0,3120.0
GSO,2025-08,868.0,17.0,144.0,11486.0,12700.0,851.0,868,192.0,850,4244.0,851,1330.0,1171.0
GSO,2025-09,914.0,6.0,84.0,10726.0,13834.0,908.0,914,131.0,908,4415.0,908,1664.0,549.0
GSO,2025-10,1051.0,10.0,186.0,15496.0,17681.0,1041.0,1052,208.0,1043,5480.0,1043,2571.0,550.0
GSO,2025-11,961.0,47.0,162.0,13223.0,16484.0,914.0,962,197.0,918,4689.0,918,2554.0,1325.0
GSO,2025-12,806.0,22.0,181.0,17414.0,15999.0,785.0,801,236.0,782,4700.0,783,2343.0,2624.0
GSO,2026-01,784.0,75.0,113.0,12853.0,13094.0,709.0,787,161.0,709,4059.0,709,1438.0,1200.0
GSO,2026-02,749.0,29.0,110.0,7865.0,13246.0,720.0,749,151.0,728,3959.0,728,1517.0,365.0
GSO,2026-03,816.0,43.0,151.0,17371.0,12893.0,773.0,817,195.0,777,4300.0,779,1899.0,994.0
GSO,2026-04,943.0,11.0,137.0,10277.0,15536.0,932.0,942,182.0,934,4905.0,934,1574.0,365.0
GSO,2026-05,944.0,13.0,129.0,10978.0,14576.0,931.0,941,154.0,926,5075.0,926,1497.0,1484.0
GSO,2026-06,820.0,35.0,175.0,12678.0,12280.0,785.0,820,190.0,790,5134.0,791,1487.0,713.0
GSO,2026-07,824.0,34.0,230.0,22559.0,12909.0,790.0,824,270.0,795,5961.0,795,2910.0,1557.0
GSP,2025-08,1214.0,19.0,207.0,17456.0,18822.0,1195.0,1215,272.0,1192,7668.0,1193,2443.0,1600.0
GSP,2025-09,1148.0,6.0,120.0,9401.0,17603.0,1142.0,1148,151.0,1141,6613.0,1142,1518.0,340.0
GSP,2025-10,1199.0,3.0,204.0,14173.0,18896.0,1196.0,1197,254.0,1192,6054.0,1193,2016.0,535.0
GSP,2025-11,1144.0,45.0,189.0,18380.0,18425.0,1099.0,1145,223.0,1097,5442.0,1101,2643.0,360.0
GSP,2025-12,1153.0,24.0,280.0,23610.0,18732.0,1129.0,1154,339.0,1126,6095.0,1129,3192.0,2080.0
GSP,2026-01,1109.0,101.0,176.0,16948.0,18331.0,1008.0,1111,222.0,998,5852.0,1001,2672.0,1366.0
GSP,2026-02,1056.0,37.0,172.0,14199.0,17122.0,1019.0,1056,240.0,1030,6001.0,1031,2217.0,678.0
GSP,2026-03,1203.0,44.0,256.0,23939.0,19515.0,1159.0,1201,318.0,1147,5509.0,1148,2992.0,1188.0
GSP,2026-04,1120.0,15.0,129.0,11428.0,17630.0,1105.0,1121,172.0,1112,5529.0,1112,2806.0,735.0
GSP,2026-05,1302.0,14.0,223.0,15946.0,20245.0,1288.0,1303,306.0,1288,9188.0,1289,4684.0,1090.0
GSP,2026-06,1250.0,29.0,290.0,27487.0,18962.0,1221.0,1250,333.0,1225,9053.0,1225,4102.0,3190.0
GSP,2026-07,1303.0,44.0,367.0,30951.0,19791.0,1259.0,1302,435.0,1251,8555.0,1253,6684.0,4074.0
GST,2025-08,31.0,2.0,2.0,445.0,376.0,29.0,31,3.0,28,216.0,29,16.0,0.0
GST,2026-06,25.0,1.0,3.0,195.0,187.0,24.0,25,2.0,24,178.0,24,3.0,0.0
GST,2026-07,31.0,2.0,8.0,378.0,277.0,29.0,31,7.0,29,217.0,29,26.0,0.0
GTF,2025-08,211.0,1.0,27.0,2341.0,2960.0,210.0,211,31.0,209,812.0,210,42.0,102.0
GTF,2025-09,196.0,0.0,18.0,1380.0,2934.0,196.0,195,24.0,195,819.0,195,144.0,0.0
GTF,2025-10,175.0,1.0,18.0,2168.0,3046.0,174.0,175,18.0,175,745.0,175,158.0,21.0
GTF,2025-11,164.0,5.0,14.0,899.0,2557.0,159.0,164,11.0,160,760.0,160,51.0,56.0
GTF,2025-12,176.0,1.0,20.0,2519.0,2936.0,175.0,176,17.0,175,797.0,175,295.0,275.0
GTF,2026-01,190.0,1.0,14.0,696.0,3173.0,189.0,190,17.0,189,842.0,189,141.0,148.0
GTF,2026-02,173.0,1.0,23.0,1781.0,2988.0,172.0,173,27.0,172,817.0,172,528.0,91.0
GTF,2026-03,185.0,5.0,27.0,2383.0,2888.0,180.0,185,33.0,179,789.0,180,263.0,543.0
GTF,2026-04,167.0,0.0,14.0,820.0,2714.0,167.0,167,16.0,167,631.0,167,135.0,0.0
GTF,2026-05,173.0,2.0,22.0,2446.0,2223.0,171.0,173,30.0,173,703.0,173,172.0,17.0
GTF,2026-06,171.0,0.0,22.0,1896.0,2271.0,171.0,171,32.0,171,723.0,171,248.0,66.0
GTF,2026-07,187.0,0.0,20.0,3551.0,2475.0,187.0,187,33.0,187,783.0,187,164.0,55.0
GTR,2025-08,31.0,0.0,9.0,1209.0,531.0,31.0,31,8.0,31,134.0,31,71.0,633.0
GTR,2025-09,30.0,0.0,6.0,1645.0,463.0,30.0,30,6.0,29,119.0,30,99.0,0.0
GTR,2025-10,33.0,1.0,6.0,915.0,512.0,32.0,33,4.0,32,119.0,32,0.0,0.0
GTR,2025-11,30.0,1.0,5.0,266.0,481.0,29.0,30,3.0,29,130.0,29,0.0,0.0
GTR,2025-12,31.0,0.0,5.0,414.0,592.0,31.0,31,4.0,31,147.0,31,0.0,0.0
GTR,2026-01,31.0,3.0,4.0,168.0,421.0,28.0,31,4.0,28,107.0,28,0.0,40.0
GTR,2026-02,28.0,0.0,4.0,600.0,437.0,28.0,28,3.0,28,111.0,28,0.0,217.0
GTR,2026-03,31.0,1.0,3.0,112.0,400.0,30.0,31,0.0,30,123.0,30,0.0,0.0
GTR,2026-04,30.0,0.0,13.0,839.0,460.0,30.0,30,11.0,30,124.0,30,25.0,100.0
GTR,2026-05,31.0,3.0,9.0,2079.0,481.0,28.0,31,6.0,28,119.0,28,0.0,106.0
GTR,2026-06,30.0,2.0,12.0,2030.0,464.0,28.0,30,8.0,28,126.0,28,342.0,0.0
GTR,2026-07,31.0,0.0,17.0,1653.0,620.0,31.0,31,14.0,31,161.0,31,85.0,74.0
GUC,2025-08,93.0,0.0,29.0,2531.0,2512.0,93.0,93,21.0,91,364.0,93,1030.0,54.0
GUC,2025-09,90.0,0.0,14.0,1015.0,2624.0,90.0,90,14.0,90,401.0,90,907.0,78.0
GUC,2025-10,87.0,0.0,11.0,795.0,2758.0,87.0,87,11.0,87,338.0,87,116.0,42.0
GUC,2025-11,59.0,1.0,5.0,900.0,1741.0,58.0,59,7.0,57,224.0,58,15.0,16.0
GUC,2025-12,107.0,0.0,14.0,2546.0,3627.0,107.0,107,22.0,107,441.0,107,532.0,29.0
GUC,2026-01,149.0,10.0,22.0,2698.0,3922.0,139.0,149,29.0,137,617.0,139,134.0,469.0
GUC,2026-02,143.0,1.0,27.0,2184.0,3940.0,142.0,144,28.0,140,633.0,142,314.0,0.0
GUC,2026-03,164.0,12.0,20.0,2843.0,3727.0,152.0,163,26.0,151,576.0,152,519.0,162.0
GUC,2026-04,77.0,0.0,4.0,145.0,1949.0,77.0,77,9.0,77,282.0,77,19.0,0.0
GUC,2026-05,73.0,0.0,6.0,1213.0,2124.0,73.0,73,13.0,73,261.0,73,17.0,0.0
GUC,2026-06,103.0,2.0,18.0,2452.0,2241.0,101.0,103,26.0,102,405.0,102,83.0,1070.0
GUC,2026-07,123.0,0.0,27.0,2821.0,2565.0,123.0,123,37.0,123,502.0,123,337.0,87.0
GUF,2025-08,40.0,0.0,6.0,292.0,510.0,40.0,40,4.0,40,321.0,40,105.0,0.0
GUF,2025-09,25.0,0.0,1.0,154.0,284.0,25.0,25,0.0,25,137.0,25,0.0,0.0
GUF,2025-10,45.0,0.0,4.0,340.0,489.0,45.0,45,2.0,44,258.0,45,0.0,0.0
GUF,2025-11,49.0,1.0,7.0,787.0,583.0,48.0,49,4.0,48,274.0,48,0.0,63.0
GUF,2025-12,44.0,3.0,13.0,2568.0,535.0,41.0,44,11.0,38,236.0,41,98.0,24.0
GUF,2026-01,34.0,1.0,7.0,1267.0,431.0,33.0,34,6.0,33,192.0,33,24.0,88.0
GUF,2026-02,37.0,0.0,14.0,1022.0,504.0,37.0,37,10.0,36,204.0,37,87.0,0.0
GUF,2026-03,45.0,2.0,7.0,848.0,530.0,43.0,45,7.0,43,245.0,43,37.0,0.0
GUF,2026-04,52.0,1.0,6.0,402.0,670.0,51.0,52,4.0,51,281.0,51,9.0,0.0
GUF,2026-05,86.0,2.0,40.0,4493.0,1136.0,84.0,86,31.0,84,544.0,84,321.0,116.0
GUF,2026-06,126.0,0.0,51.0,9426.0,1653.0,126.0,126,38.0,124,861.0,126,318.0,233.0
GUF,2026-07,133.0,3.0,43.0,5798.0,1714.0,130.0,133,42.0,130,780.0,130,160.0,325.0
GUM,2025-08,62.0,0.0,4.0,335.0,943.0,62.0,62,11.0,62,199.0,62,58.0,0.0
GUM,2025-09,60.0,0.0,2.0,231.0,891.0,60.0,60,5.0,60,200.0,60,4.0,0.0
GUM,2025-10,62.0,1.0,4.0,146.0,905.0,61.0,62,2.0,61,202.0,61,0.0,0.0
GUM,2025-11,60.0,1.0,11.0,446.0,837.0,59.0,60,3.0,60,218.0,60,0.0,0.0
GUM,2025-12,62.0,0.0,13.0,550.0,882.0,62.0,62,6.0,62,199.0,62,66.0,14.0
GUM,2026-01,62.0,0.0,8.0,573.0,932.0,62.0,62,8.0,61,191.0,61,97.0,0.0
GUM,2026-02,56.0,1.0,10.0,535.0,901.0,55.0,56,12.0,56,191.0,56,206.0,0.0
GUM,2026-03,62.0,0.0,12.0,868.0,1011.0,62.0,62,21.0,62,226.0,62,186.0,44.0
GUM,2026-04,60.0,10.0,10.0,621.0,851.0,50.0,60,13.0,51,209.0,51,55.0,0.0
GUM,2026-05,62.0,1.0,9.0,360.0,1065.0,62.0,62,14.0,62,239.0,62,17.0,45.0
GUM,2026-06,60.0,0.0,4.0,278.0,948.0,60.0,60,5.0,60,233.0,60,87.0,0.0
GUM,2026-07,62.0,6.0,7.0,1343.0,941.0,56.0,62,17.0,57,277.0,57,1221.0,0.0
HDN,2025-08,125.0,1.0,38.0,2906.0,3200.0,124.0,125,34.0,125,591.0,125,968.0,195.0
HDN,2025-09,111.0,0.0,14.0,1010.0,2915.0,111.0,111,18.0,111,518.0,111,406.0,0.0
HDN,2025-10,109.0,0.0,16.0,806.0,2903.0,109.0,109,17.0,109,409.0,109,70.0,0.0
HDN,2025-11,89.0,0.0,8.0,1207.0,1869.0,89.0,89,9.0,88,354.0,89,0.0,28.0
HDN,2025-12,285.0,6.0,90.0,9392.0,6416.0,279.0,285,95.0,275,1721.0,279,1364.0,950.0
HDN,2026-01,374.0,7.0,54.0,5926.0,8222.0,367.0,374,71.0,365,1769.0,368,1066.0,372.0
HDN,2026-02,378.0,5.0,169.0,11814.0,8115.0,373.0,378,167.0,371,1913.0,373,5899.0,1001.0
HDN,2026-03,431.0,3.0,151.0,15812.0,8533.0,428.0,432,161.0,428,1884.0,430,5720.0,610.0
HDN,2026-04,123.0,1.0,14.0,1760.0,2679.0,122.0,123,22.0,122,395.0,122,116.0,405.0
HDN,2026-05,104.0,0.0,20.0,1281.0,2196.0,104.0,104,31.0,104,375.0,104,309.0,0.0
HDN,2026-06,128.0,0.0,36.0,3449.0,2634.0,128.0,128,51.0,128,464.0,128,375.0,1480.0
HDN,2026-07,136.0,1.0,29.0,2253.0,2845.0,135.0,137,39.0,135,585.0,136,257.0,458.0
HEZ,2026-07,31.0,1.0,6.0,958.0,535.0,30.0,31,8.0,30,146.0,30,96.0,0.0
HGR,2025-08,39.0,0.0,16.0,2287.0,336.0,39.0,39,16.0,39,224.0,39,84.0,151.0
HGR,2025-09,18.0,0.0,10.0,2129.0,224.0,18.0,18,9.0,18,101.0,18,46.0,0.0
HGR,2025-10,30.0,0.0,9.0,764.0,298.0,30.0,30,8.0,30,177.0,30,31.0,0.0
HGR,2025-11,19.0,0.0,6.0,366.0,150.0,19.0,19,4.0,19,114.0,19,10.0,0.0
HGR,2025-12,22.0,0.0,18.0,1344.0,257.0,22.0,22,15.0,22,125.0,22,153.0,158.0
HGR,2026-01,18.0,0.0,8.0,1460.0,147.0,18.0,18,7.0,18,110.0,18,43.0,31.0
HGR,2026-02,16.0,0.0,7.0,347.0,208.0,16.0,16,4.0,16,96.0,16,30.0,0.0
HGR,2026-03,18.0,0.0,8.0,815.0,261.0,18.0,18,2.0,17,111.0,18,31.0,30.0
HGR,2026-04,17.0,0.0,4.0,163.0,195.0,17.0,17,0.0,17,107.0,17,0.0,0.0
HGR,2026-05,21.0,0.0,8.0,303.0,221.0,21.0,21,2.0,21,137.0,21,10.0,48.0
HGR,2026-06,34.0,1.0,17.0,1715.0,506.0,33.0,34,10.0,33,225.0,33,85.0,395.0
HGR,2026-07,35.0,0.0,12.0,2878.0,569.0,35.0,35,12.0,35,240.0,35,96.0,147.0
HHH,2025-08,260.0,0.0,58.0,7152.0,4631.0,260.0,260,40.0,252,2094.0,260,483.0,0.0
HHH,2025-09,220.0,2.0,21.0,1721.0,3569.0,218.0,220,16.0,219,1400.0,219,133.0,70.0
HHH,2025-10,205.0,0.0,29.0,2597.0,3758.0,205.0,205,29.0,205,1368.0,205,512.0,0.0
HHH,2025-11,120.0,2.0,16.0,1096.0,1908.0,118.0,120,13.0,118,731.0,118,119.0,15.0
HHH,2025-12,108.0,3.0,21.0,1280.0,1762.0,105.0,108,24.0,104,716.0,105,281.0,80.0
HHH,2026-01,67.0,8.0,8.0,1231.0,862.0,59.0,67,6.0,59,342.0,59,17.0,39.0
HHH,2026-02,90.0,4.0,15.0,653.0,1448.0,86.0,90,17.0,86,591.0,86,75.0,0.0
HHH,2026-03,134.0,7.0,25.0,1785.0,2158.0,127.0,134,22.0,131,940.0,131,391.0,79.0
HHH,2026-04,263.0,0.0,51.0,4262.0,4518.0,263.0,263,47.0,262,2315.0,263,770.0,0.0
HHH,2026-05,311.0,2.0,69.0,7175.0,5034.0,309.0,311,51.0,299,2613.0,306,597.0,141.0
HHH,2026-06,294.0,4.0,67.0,9328.0,4682.0,290.0,294,45.0,293,2703.0,294,725.0,21.0
HHH,2026-07,301.0,9.0,65.0,10436.0,4553.0,292.0,301,51.0,295,2233.0,296,987.0,99.0
HIB,2025-08,54.0,0.0,7.0,683.0,1020.0,54.0,54,11.0,54,224.0,54,57.0,311.0
HIB,2025-09,51.0,0.0,9.0,806.0,1088.0,51.0,51,9.0,51,210.0,51,0.0,660.0
HIB,2025-10,53.0,0.0,2.0,229.0,740.0,53.0,53,3.0,53,260.0,53,15.0,39.0
HIB,2025-11,52.0,5.0,10.0,1320.0,884.0,47.0,52,8.0,47,179.0,47,140.0,100.0
HIB,2025-12,53.0,0.0,17.0,1867.0,1279.0,53.0,53,23.0,51,240.0,52,231.0,477.0
HIB,2026-01,53.0,0.0,10.0,1154.0,1094.0,53.0,53,11.0,53,245.0,53,8.0,250.0
HIB,2026-02,48.0,0.0,8.0,595.0,749.0,48.0,48,10.0,48,194.0,48,33.0,150.0
HIB,2026-03,53.0,2.0,5.0,589.0,801.0,51.0,53,5.0,51,218.0,51,0.0,0.0
HIB,2026-04,51.0,1.0,9.0,1028.0,911.0,50.0,51,7.0,50,215.0,50,38.0,268.0
HIB,2026-05,56.0,0.0,0.0,1.0,920.0,56.0,56,4.0,56,253.0,56,0.0,49.0
HIB,2026-06,51.0,0.0,5.0,1300.0,720.0,51.0,51,3.0,51,233.0,51,56.0,49.0
HIB,2026-07,55.0,1.0,8.0,1116.0,782.0,54.0,55,6.0,53,206.0,54,18.0,132.0
HLN,2025-08,155.0,2.0,34.0,3754.0,2813.0,153.0,155,34.0,150,485.0,153,480.0,363.0
HLN,2025-09,150.0,0.0,20.0,1815.0,2624.0,150.0,150,17.0,150,456.0,150,410.0,162.0
HLN,2025-10,149.0,0.0,16.0,2085.0,3124.0,149.0,149,12.0,149,449.0,149,150.0,15.0
HLN,2025-11,127.0,3.0,15.0,1498.0,2875.0,124.0,127,12.0,124,399.0,124,14.0,159.0
HLN,2025-12,122.0,0.0,15.0,1793.0,2930.0,122.0,122,14.0,121,387.0,122,105.0,269.0
HLN,2026-01,123.0,0.0,5.0,719.0,2667.0,123.0,123,13.0,123,333.0,123,118.0,33.0
HLN,2026-02,112.0,0.0,9.0,736.0,2528.0,112.0,112,11.0,111,302.0,111,198.0,60.0
HLN,2026-03,124.0,1.0,11.0,1063.0,2496.0,123.0,124,18.0,123,352.0,123,947.0,0.0
HLN,2026-04,120.0,0.0,5.0,715.0,2437.0,120.0,120,5.0,120,331.0,120,1.0,0.0
HLN,2026-05,124.0,0.0,3.0,804.0,2193.0,124.0,124,9.0,124,417.0,124,45.0,22.0
HLN,2026-06,120.0,0.0,11.0,1094.0,1992.0,120.0,120,26.0,120,378.0,120,315.0,219.0
HLN,2026-07,123.0,0.0,16.0,1563.0,1985.0,123.0,123,25.0,121,395.0,123,159.0,106.0
HNL,2025-08,4921.0,11.0,539.0,37509.0,77338.0,4910.0,4920,681.0,4888,40294.0,4903,1917.0,368.0
HNL,2025-09,4480.0,11.0,401.0,29986.0,69408.0,4469.0,4484,539.0,4466,35425.0,4469,1894.0,275.0
HNL,2025-10,4682.0,25.0,585.0,41918.0,74548.0,4657.0,4681,729.0,4653,37652.0,4655,2494.0,339.0
HNL,2025-11,4623.0,76.0,526.0,36029.0,74771.0,4548.0,4621,650.0,4530,36820.0,4541,2052.0,1341.0
HNL,2025-12,5054.0,34.0,1073.0,74326.0,84508.0,5022.0,5055,1227.0,5008,45742.0,5022,7118.0,3733.0
HNL,2026-01,5054.0,69.0,937.0,65015.0,85032.0,4986.0,5054,1080.0,4977,46270.0,4986,5727.0,3450.0
HNL,2026-02,4464.0,40.0,778.0,52132.0,73581.0,4426.0,4472,975.0,4410,39446.0,4416,5508.0,2168.0
HNL,2026-03,5037.0,113.0,1052.0,71526.0,88527.0,4927.0,5045,1228.0,4899,56728.0,4921,10135.0,5775.0
HNL,2026-04,4809.0,29.0,872.0,49654.0,81014.0,4780.0,4809,1175.0,4775,45661.0,4783,8744.0,520.0
HNL,2026-05,4953.0,56.0,792.0,46803.0,81349.0,4899.0,4952,908.0,4890,42507.0,4896,7420.0,511.0
HNL,2026-06,4899.0,34.0,700.0,41731.0,82656.0,4867.0,4898,859.0,4854,42506.0,4857,6789.0,650.0
HNL,2026-07,5112.0,39.0,800.0,53349.0,88595.0,5073.0,5111,1103.0,5065,44259.0,5070,11201.0,765.0
HOB,2025-08,62.0,0.0,10.0,1255.0,1048.0,62.0,62,28.0,61,296.0,61,895.0,0.0
HOB,2025-09,60.0,0.0,5.0,612.0,867.0,60.0,60,12.0,60,278.0,60,217.0,201.0
HOB,2025-10,62.0,0.0,4.0,719.0,1052.0,62.0,62,10.0,62,323.0,62,205.0,0.0
HOB,2025-11,60.0,0.0,6.0,1841.0,1049.0,60.0,60,11.0,60,322.0,60,233.0,92.0
HOB,2025-12,62.0,0.0,11.0,2988.0,1139.0,62.0,62,15.0,62,325.0,62,148.0,0.0
HOB,2026-01,62.0,8.0,7.0,1200.0,957.0,54.0,62,7.0,55,306.0,55,20.0,0.0
HOB,2026-02,56.0,0.0,6.0,1144.0,892.0,56.0,56,9.0,56,305.0,56,142.0,141.0
HOB,2026-03,62.0,1.0,12.0,3148.0,927.0,61.0,62,15.0,61,357.0,62,385.0,1113.0
HOB,2026-04,60.0,0.0,14.0,1500.0,930.0,60.0,60,18.0,59,371.0,60,275.0,97.0
HOB,2026-05,52.0,1.0,14.0,1394.0,860.0,51.0,51,19.0,50,297.0,50,405.0,0.0
HOB,2026-06,30.0,0.0,8.0,1486.0,480.0,30.0,30,10.0,30,178.0,30,98.0,418.0
HOB,2026-07,30.0,0.0,6.0,1052.0,427.0,30.0,30,6.0,28,173.0,30,43.0,0.0
HOU,2025-08,4640.0,17.0,1084.0,65444.0,62117.0,4623.0,4642,946.0,4603,22709.0,4629,10590.0,2760.0
HOU,2025-09,4452.0,5.0,660.0,35142.0,59254.0,4447.0,4451,602.0,4447,20580.0,4448,5187.0,822.0
HOU,2025-10,4887.0,11.0,1168.0,65173.0,62175.0,4876.0,4883,973.0,4864,25014.0,4871,8183.0,974.0
HOU,2025-11,4552.0,100.0,1037.0,63229.0,57389.0,4452.0,4548,941.0,4443,24663.0,4446,16489.0,1050.0
HOU,2025-12,4634.0,20.0,1056.0,56280.0,60604.0,4616.0,4633,942.0,4607,23584.0,4611,4573.0,831.0
HOU,2026-01,4081.0,104.0,580.0,29556.0,50950.0,3978.0,4079,498.0,3975,19351.0,3977,3385.0,516.0
HOU,2026-02,3832.0,26.0,704.0,37404.0,47499.0,3806.0,3830,551.0,3796,21207.0,3803,4556.0,1215.0
HOU,2026-03,4578.0,65.0,1686.0,93548.0,61466.0,4513.0,4579,1343.0,4504,38213.0,4505,19605.0,1456.0
HOU,2026-04,4418.0,6.0,1168.0,61660.0,60550.0,4412.0,4419,1007.0,4407,30381.0,4408,9955.0,1070.0
HOU,2026-05,4533.0,36.0,1583.0,84112.0,57737.0,4497.0,4533,1332.0,4493,30846.0,4495,12720.0,2631.0
HOU,2026-06,4514.0,28.0,1771.0,103452.0,63247.0,4487.0,4512,1467.0,4465,27969.0,4475,13481.0,2521.0
HOU,2026-07,4773.0,47.0,1730.0,104577.0,60437.0,4726.0,4774,1418.0,4712,35243.0,4718,12609.0,2544.0
HPN,2025-08,877.0,6.0,123.0,11001.0,12647.0,871.0,877,210.0,868,4731.0,871,1977.0,818.0
HPN,2025-09,837.0,4.0,106.0,8723.0,12474.0,833.0,837,117.0,829,4561.0,832,969.0,216.0
HPN,2025-10,898.0,3.0,149.0,13162.0,13640.0,895.0,898,188.0,891,4832.0,894,2414.0,1681.0
HPN,2025-11,877.0,27.0,172.0,17087.0,14809.0,850.0,877,186.0,837,5020.0,846,3196.0,664.0
HPN,2025-12,905.0,38.0,302.0,32727.0,15799.0,867.0,905,339.0,863,7175.0,867,4417.0,842.0
HPN,2026-01,915.0,69.0,246.0,21649.0,15570.0,846.0,915,249.0,836,6621.0,846,3944.0,833.0
HPN,2026-02,837.0,70.0,234.0,19044.0,13386.0,767.0,837,261.0,770,5325.0,771,3813.0,441.0
HPN,2026-03,920.0,37.0,208.0,19361.0,14341.0,883.0,920,279.0,871,5822.0,883,3704.0,1109.0
HPN,2026-04,888.0,11.0,198.0,18725.0,14118.0,877.0,888,230.0,857,5709.0,869,2680.0,510.0
HPN,2026-05,810.0,10.0,153.0,13963.0,12933.0,800.0,810,159.0,788,5844.0,797,2001.0,337.0
HPN,2026-06,817.0,28.0,153.0,15756.0,13009.0,789.0,817,180.0,782,5242.0,789,1873.0,1306.0
HPN,2026-07,885.0,73.0,223.0,32199.0,15874.0,812.0,885,280.0,798,6832.0,805,4871.0,2078.0
HRL,2025-08,321.0,4.0,61.0,4354.0,3933.0,318.0,321,71.0,318,872.0,318,312.0,346.0
HRL,2025-09,314.0,1.0,43.0,3453.0,3529.0,313.0,314,45.0,313,863.0,313,557.0,36.0
HRL,2025-10,352.0,4.0,51.0,2879.0,4284.0,348.0,352,72.0,347,1054.0,347,100.0,82.0
HRL,2025-11,359.0,9.0,67.0,5320.0,4545.0,350.0,359,71.0,349,1033.0,349,260.0,116.0
HRL,2025-12,361.0,1.0,64.0,3781.0,4134.0,360.0,361,70.0,358,1042.0,359,357.0,7.0
HRL,2026-01,322.0,10.0,36.0,2564.0,3478.0,312.0,322,46.0,314,921.0,314,390.0,191.0
HRL,2026-02,295.0,2.0,32.0,2282.0,3189.0,293.0,295,41.0,293,816.0,293,76.0,3.0
HRL,2026-03,328.0,4.0,56.0,3277.0,4591.0,324.0,328,63.0,325,922.0,325,242.0,57.0
HRL,2026-04,321.0,1.0,57.0,3643.0,4303.0,320.0,321,65.0,320,925.0,320,259.0,262.0
HRL,2026-05,306.0,6.0,64.0,4642.0,3736.0,300.0,306,87.0,298,892.0,299,460.0,284.0
HRL,2026-06,324.0,7.0,85.0,6210.0,3837.0,317.0,324,99.0,317,894.0,317,569.0,416.0
HRL,2026-07,322.0,2.0,87.0,8103.0,3797.0,320.0,322,101.0,319,897.0,319,419.0,216.0
HSV,2025-08,752.0,18.0,165.0,14930.0,12273.0,734.0,753,182.0,734,4324.0,735,1596.0,1632.0
HSV,2025-09,779.0,4.0,131.0,10434.0,12170.0,775.0,779,133.0,774,4713.0,775,1193.0,783.0
HSV,2025-10,724.0,3.0,122.0,7681.0,11232.0,721.0,723,141.0,720,4301.0,720,1060.0,719.0
HSV,2025-11,691.0,22.0,144.0,14561.0,12029.0,669.0,692,140.0,665,4069.0,665,1598.0,229.0
HSV,2025-12,631.0,7.0,162.0,18948.0,11263.0,624.0,631,180.0,624,3670.0,624,2665.0,2602.0
HSV,2026-01,572.0,39.0,104.0,11960.0,10164.0,533.0,570,132.0,530,3058.0,532,1150.0,1787.0
HSV,2026-02,568.0,8.0,117.0,14617.0,9895.0,560.0,569,110.0,556,3310.0,558,782.0,2335.0
HSV,2026-03,716.0,33.0,183.0,23269.0,11155.0,683.0,717,202.0,683,4322.0,685,3007.0,2275.0
HSV,2026-04,674.0,11.0,120.0,12821.0,10722.0,663.0,674,123.0,658,3742.0,659,871.0,807.0
HSV,2026-05,664.0,12.0,125.0,11248.0,10209.0,652.0,663,141.0,650,3940.0,651,1181.0,1604.0
HSV,2026-06,677.0,23.0,120.0,14978.0,9842.0,654.0,678,152.0,654,3964.0,656,1540.0,1489.0
HSV,2026-07,732.0,18.0,162.0,16423.0,11248.0,714.0,731,215.0,715,4639.0,716,2547.0,2008.0
HTS,2025-08,81.0,0.0,22.0,2710.0,863.0,81.0,81,20.0,80,637.0,81,157.0,171.0
HTS,2025-09,22.0,0.0,8.0,324.0,208.0,22.0,22,4.0,22,129.0,22,7.0,20.0
HTS,2025-10,36.0,0.0,18.0,2657.0,434.0,36.0,36,17.0,36,195.0,36,249.0,0.0
HTS,2025-11,31.0,2.0,12.0,1013.0,322.0,29.0,31,12.0,29,233.0,29,77.0,156.0
HTS,2025-12,36.0,0.0,22.0,1127.0,490.0,36.0,36,15.0,36,217.0,36,103.0,48.0
HTS,2026-01,27.0,2.0,18.0,1798.0,259.0,25.0,27,13.0,25,156.0,25,345.0,0.0
HTS,2026-02,24.0,0.0,12.0,1580.0,331.0,24.0,24,7.0,24,143.0,24,49.0,88.0
HTS,2026-03,30.0,1.0,15.0,1602.0,293.0,29.0,30,12.0,29,183.0,29,241.0,0.0
HTS,2026-04,27.0,0.0,9.0,651.0,233.0,27.0,27,7.0,27,209.0,27,30.0,0.0
HTS,2026-05,32.0,0.0,17.0,2683.0,326.0,32.0,32,11.0,32,226.0,32,17.0,203.0
HTS,2026-06,67.0,0.0,37.0,2321.0,658.0,67.0,67,28.0,67,438.0,67,147.0,518.0
HTS,2026-07,68.0,2.0,35.0,2109.0,549.0,66.0,68,28.0,65,487.0,66,600.0,469.0
HYA,2025-08,140.0,0.0,25.0,3948.0,2691.0,140.0,140,17.0,140,915.0,140,108.0,0.0
HYA,2025-09,36.0,0.0,4.0,245.0,501.0,36.0,36,3.0,36,162.0,36,15.0,0.0
HYA,2025-10,14.0,0.0,3.0,230.0,181.0,14.0,14,2.0,14,54.0,14,16.0,0.0
HYA,2026-06,53.0,1.0,10.0,853.0,1179.0,52.0,53,5.0,53,638.0,53,131.0,0.0
HYA,2026-07,140.0,15.0,34.0,3290.0,2372.0,125.0,140,24.0,127,1071.0,128,491.0,96.0
HYS,2025-08,53.0,2.0,13.0,1974.0,628.0,51.0,53,18.0,52,256.0,52,92.0,135.0
HYS,2025-09,51.0,0.0,6.0,535.0,826.0,51.0,51,7.0,51,270.0,51,35.0,39.0
HYS,2025-10,54.0,0.0,6.0,624.0,746.0,54.0,54,6.0,54,244.0,54,41.0,0.0
HYS,2025-11,50.0,1.0,1.0,444.0,851.0,49.0,50,1.0,49,229.0,49,0.0,0.0
HYS,2025-12,55.0,0.0,9.0,960.0,944.0,55.0,55,8.0,55,244.0,55,105.0,0.0
HYS,2026-01,53.0,2.0,10.0,2461.0,918.0,51.0,53,11.0,51,222.0,51,77.0,0.0
HYS,2026-02,48.0,0.0,5.0,428.0,733.0,48.0,48,11.0,48,185.0,48,81.0,0.0
HYS,2026-03,53.0,3.0,5.0,756.0,604.0,50.0,53,12.0,50,218.0,50,31.0,0.0
HYS,2026-04,52.0,0.0,6.0,1504.0,769.0,52.0,52,4.0,51,263.0,52,2.0,870.0
HYS,2026-05,53.0,4.0,7.0,1790.0,929.0,49.0,53,9.0,48,255.0,49,109.0,709.0
HYS,2026-06,51.0,2.0,15.0,1154.0,841.0,49.0,51,19.0,49,254.0,50,246.0,46.0
HYS,2026-07,54.0,1.0,14.0,2842.0,751.0,53.0,54,22.0,53,300.0,53,265.0,123.0
IAD,2025-08,5201.0,41.0,871.0,71502.0,109897.0,5160.0,5200,1001.0,5160,42194.0,5164,12436.0,2809.0
IAD,2025-09,4815.0,13.0,542.0,43904.0,97893.0,4802.0,4811,583.0,4793,36998.0,4796,6571.0,1261.0
IAD,2025-10,4854.0,13.0,605.0,48447.0,99888.0,4841.0,4850,709.0,4833,36861.0,4833,8625.0,720.0
IAD,2025-11,4589.0,67.0,687.0,59828.0,95246.0,4522.0,4557,738.0,4493,33310.0,4496,11617.0,1589.0
IAD,2025-12,4676.0,33.0,1001.0,80814.0,103591.0,4644.0,4649,938.0,4614,35415.0,4615,11686.0,3310.0
IAD,2026-01,4248.0,240.0,647.0,58566.0,83200.0,4008.0,4194,616.0,3952,29902.0,3953,7594.0,1735.0
IAD,2026-02,4037.0,54.0,591.0,49159.0,86740.0,3984.0,3983,587.0,3924,28049.0,3927,7373.0,2564.0
IAD,2026-03,4983.0,90.0,988.0,95420.0,105405.0,4893.0,4918,997.0,4805,35653.0,4827,15629.0,3745.0
IAD,2026-04,4843.0,15.0,517.0,45772.0,101867.0,4828.0,4779,527.0,4757,34053.0,4759,4876.0,2065.0
IAD,2026-05,5474.0,31.0,729.0,69892.0,118463.0,5443.0,5449,767.0,5403,42517.0,5421,12034.0,3109.0
IAD,2026-06,5053.0,47.0,858.0,86838.0,114127.0,5006.0,5084,866.0,5032,39888.0,5039,12073.0,6026.0
IAD,2026-07,5258.0,170.0,1270.0,132619.0,124307.0,5089.0,5287,1214.0,5110,47769.0,5125,39379.0,9201.0
IAG,2025-08,38.0,0.0,12.0,646.0,498.0,38.0,38,9.0,38,236.0,38,135.0,27.0
IAG,2025-09,26.0,0.0,6.0,456.0,292.0,26.0,26,5.0,26,154.0,26,0.0,66.0
IAG,2025-10,35.0,0.0,2.0,114.0,410.0,35.0,35,3.0,35,225.0,35,18.0,0.0
IAG,2025-11,28.0,0.0,7.0,727.0,376.0,28.0,28,5.0,28,157.0,28,100.0,0.0
IAG,2025-12,35.0,2.0,8.0,649.0,758.0,33.0,34,7.0,33,223.0,33,112.0,29.0
IAG,2026-01,30.0,1.0,12.0,868.0,802.0,29.0,30,6.0,27,186.0,29,111.0,150.0
IAG,2026-02,40.0,1.0,5.0,954.0,788.0,39.0,40,5.0,38,314.0,39,51.0,0.0
IAG,2026-03,48.0,1.0,19.0,2575.0,816.0,47.0,48,14.0,46,279.0,47,125.0,249.0
IAG,2026-04,44.0,0.0,9.0,596.0,559.0,44.0,44,8.0,44,260.0,44,31.0,1.0
IAG,2026-05,29.0,0.0,8.0,409.0,377.0,29.0,29,7.0,29,165.0,29,3.0,0.0
IAG,2026-06,23.0,0.0,10.0,839.0,292.0,23.0,23,6.0,23,198.0,23,53.0,283.0
IAG,2026-07,31.0,1.0,7.0,485.0,365.0,30.0,31,4.0,31,172.0,31,47.0,9.0
IAH,2025-08,9889.0,86.0,2480.0,200901.0,204940.0,9803.0,9891,2287.0,9778,108598.0,9799,40584.0,11008.0
IAH,2025-09,9493.0,19.0,1333.0,104934.0,184460.0,9475.0,9489,1224.0,9459,99764.0,9463,15465.0,5249.0
IAH,2025-10,10247.0,31.0,1766.0,133625.0,212933.0,10216.0,10249,1844.0,10201,107721.0,10214,31663.0,2920.0
IAH,2025-11,10022.0,106.0,2025.0,161602.0,211392.0,9916.0,10024,1905.0,9899,109395.0,9906,42912.0,2736.0
IAH,2025-12,9971.0,60.0,2100.0,166715.0,203168.0,9911.0,9971,2024.0,9890,105291.0,9902,26816.0,4011.0
IAH,2026-01,9656.0,296.0,1428.0,114646.0,190955.0,9362.0,9654,1308.0,9344,92733.0,9349,12899.0,5964.0
IAH,2026-02,8976.0,95.0,1299.0,99297.0,174319.0,8882.0,8973,1031.0,8865,93932.0,8882,11278.0,2888.0
IAH,2026-03,10492.0,303.0,2401.0,237832.0,206825.0,10189.0,10496,2115.0,10141,132480.0,10182,86000.0,9851.0
IAH,2026-04,10022.0,57.0,1875.0,144786.0,205230.0,9966.0,10013,1794.0,9935,107068.0,9953,40906.0,4953.0
IAH,2026-05,10105.0,46.0,2473.0,190815.0,209141.0,10061.0,10109,2307.0,10038,114291.0,10053,55760.0,11149.0
IAH,2026-06,9903.0,74.0,2873.0,247710.0,211964.0,9829.0,9902,2479.0,9770,112143.0,9827,53686.0,12924.0
IAH,2026-07,10244.0,133.0,2702.0,224774.0,212898.0,10112.0,10240,2412.0,10080,107602.0,10109,33932.0,16611.0
ICT,2025-08,1047.0,24.0,203.0,19526.0,15275.0,1023.0,1048,257.0,1029,5765.0,1030,1927.0,2738.0
ICT,2025-09,956.0,7.0,149.0,11386.0,14660.0,949.0,956,185.0,945,5500.0,949,1608.0,566.0
ICT,2025-10,974.0,4.0,136.0,11624.0,14661.0,970.0,974,194.0,970,5128.0,970,1601.0,812.0
ICT,2025-11,900.0,31.0,151.0,11869.0,13888.0,869.0,900,221.0,875,4926.0,875,2348.0,1286.0
ICT,2025-12,919.0,10.0,217.0,27481.0,15767.0,909.0,917,275.0,902,5570.0,908,2731.0,3053.0
ICT,2026-01,863.0,35.0,122.0,8689.0,15694.0,828.0,864,156.0,828,5177.0,829,1359.0,731.0
ICT,2026-02,818.0,5.0,116.0,9207.0,12478.0,813.0,817,135.0,810,5073.0,811,1003.0,987.0
ICT,2026-03,954.0,32.0,200.0,16536.0,12831.0,922.0,953,234.0,920,5932.0,922,1765.0,1026.0
ICT,2026-04,993.0,23.0,199.0,18569.0,15434.0,970.0,993,243.0,970,6881.0,971,2864.0,2192.0
ICT,2026-05,1007.0,13.0,216.0,16972.0,15232.0,994.0,1008,247.0,991,9362.0,992,3550.0,1396.0
ICT,2026-06,1016.0,26.0,281.0,27142.0,16303.0,990.0,1016,311.0,986,8274.0,995,3985.0,1772.0
ICT,2026-07,1064.0,18.0,201.0,19376.0,15603.0,1046.0,1065,283.0,1053,7058.0,1055,2974.0,1061.0
IDA,2025-08,451.0,5.0,86.0,10588.0,8454.0,446.0,451,96.0,445,2403.0,446,993.0,1572.0
IDA,2025-09,387.0,1.0,62.0,7572.0,7537.0,386.0,387,68.0,384,2297.0,385,716.0,1122.0
IDA,2025-10,378.0,2.0,64.0,7466.0,8142.0,376.0,379,79.0,377,2544.0,378,782.0,327.0
IDA,2025-11,393.0,3.0,37.0,4206.0,8034.0,390.0,392,47.0,388,1948.0,389,605.0,422.0
IDA,2025-12,400.0,1.0,80.0,9336.0,8883.0,399.0,401,78.0,397,2221.0,400,782.0,267.0
IDA,2026-01,327.0,1.0,50.0,8525.0,7530.0,326.0,325,60.0,324,1498.0,324,495.0,773.0
IDA,2026-02,275.0,2.0,36.0,5766.0,6137.0,273.0,274,36.0,269,1273.0,272,689.0,357.0
IDA,2026-03,341.0,5.0,68.0,7896.0,5697.0,336.0,342,56.0,334,1492.0,336,545.0,13.0
IDA,2026-04,340.0,1.0,46.0,5924.0,6260.0,339.0,339,56.0,339,1551.0,339,387.0,69.0
IDA,2026-05,417.0,2.0,72.0,8271.0,7329.0,415.0,418,71.0,416,2105.0,416,472.0,464.0
IDA,2026-06,501.0,5.0,94.0,12414.0,8743.0,496.0,500,100.0,499,2765.0,499,1119.0,749.0
IDA,2026-07,514.0,3.0,118.0,11262.0,9120.0,511.0,514,107.0,513,3012.0,513,585.0,2049.0
ILM,2025-08,716.0,13.0,115.0,10315.0,10516.0,703.0,716,143.0,706,4237.0,706,1073.0,428.0
ILM,2025-09,698.0,8.0,94.0,7383.0,11159.0,690.0,697,110.0,693,3863.0,693,794.0,305.0
ILM,2025-10,723.0,11.0,127.0,9511.0,13040.0,712.0,724,141.0,714,3848.0,715,1401.0,167.0
ILM,2025-11,558.0,14.0,103.0,10061.0,9978.0,544.0,559,133.0,539,2670.0,540,1350.0,235.0
ILM,2025-12,544.0,12.0,128.0,12032.0,9517.0,532.0,543,184.0,534,2749.0,534,1371.0,100.0
ILM,2026-01,499.0,55.0,76.0,6104.0,8009.0,444.0,498,96.0,439,2048.0,440,682.0,1124.0
ILM,2026-02,450.0,28.0,83.0,6368.0,7592.0,422.0,450,104.0,430,2177.0,430,661.0,967.0
ILM,2026-03,497.0,27.0,100.0,9719.0,8323.0,470.0,498,131.0,467,2093.0,468,823.0,543.0
ILM,2026-04,587.0,7.0,94.0,5715.0,10145.0,580.0,587,102.0,579,2762.0,579,752.0,106.0
ILM,2026-05,738.0,7.0,126.0,8608.0,12770.0,731.0,738,138.0,733,3826.0,733,1466.0,376.0
ILM,2026-06,762.0,22.0,141.0,13078.0,13167.0,740.0,762,158.0,741,4507.0,741,1246.0,2055.0
ILM,2026-07,750.0,37.0,211.0,24417.0,12216.0,713.0,750,220.0,711,4278.0,712,2663.0,973.0
IMT,2025-08,62.0,0.0,6.0,339.0,760.0,62.0,62,8.0,62,267.0,62,39.0,39.0
IMT,2025-09,60.0,0.0,7.0,895.0,1075.0,60.0,60,10.0,60,281.0,60,23.0,229.0
IMT,2025-10,62.0,0.0,16.0,1764.0,826.0,62.0,62,19.0,62,349.0,62,74.0,399.0
IMT,2025-11,58.0,2.0,14.0,1757.0,851.0,56.0,58,11.0,56,270.0,56,129.0,17.0
IMT,2025-12,62.0,6.0,23.0,3145.0,1205.0,56.0,62,23.0,56,272.0,56,238.0,291.0
IMT,2026-01,62.0,3.0,27.0,5684.0,1338.0,59.0,62,26.0,58,299.0,59,178.0,1955.0
IMT,2026-02,56.0,2.0,17.0,2329.0,878.0,54.0,56,17.0,54,253.0,54,359.0,580.0
IMT,2026-03,62.0,9.0,16.0,2281.0,804.0,53.0,62,17.0,53,255.0,53,44.0,763.0
IMT,2026-04,60.0,3.0,16.0,1564.0,777.0,57.0,60,16.0,57,262.0,57,163.0,355.0
IMT,2026-05,62.0,0.0,12.0,818.0,820.0,62.0,62,10.0,62,281.0,62,42.0,215.0
IMT,2026-06,60.0,0.0,12.0,1250.0,733.0,60.0,60,12.0,59,272.0,60,2.0,53.0
IMT,2026-07,62.0,2.0,11.0,1372.0,799.0,60.0,62,12.0,60,252.0,60,18.0,222.0
IND,2025-08,3876.0,43.0,668.0,57548.0,58470.0,3833.0,3876,929.0,3819,27593.0,3823,9560.0,5648.0
IND,2025-09,3742.0,21.0,524.0,38344.0,56785.0,3721.0,3740,630.0,3714,25909.0,3717,6384.0,1883.0
IND,2025-10,4354.0,25.0,685.0,53665.0,66019.0,4329.0,4355,849.0,4315,29191.0,4326,7471.0,948.0
IND,2025-11,3904.0,111.0,613.0,49234.0,63470.0,3793.0,3904,780.0,3796,26331.0,3799,8429.0,2625.0
IND,2025-12,3906.0,62.0,1009.0,82356.0,79704.0,3844.0,3902,1129.0,3836,30542.0,3838,12767.0,8321.0
IND,2026-01,3690.0,164.0,686.0,57777.0,66313.0,3526.0,3698,766.0,3518,28157.0,3521,9195.0,4518.0
IND,2026-02,3457.0,89.0,562.0,38003.0,57616.0,3368.0,3458,723.0,3373,22719.0,3373,7140.0,2663.0
IND,2026-03,4362.0,112.0,1004.0,89140.0,69197.0,4251.0,4364,1190.0,4234,30102.0,4241,15018.0,4534.0
IND,2026-04,4290.0,51.0,704.0,50000.0,61452.0,4239.0,4288,878.0,4230,28575.0,4236,7346.0,2722.0
IND,2026-05,4324.0,38.0,792.0,51614.0,63503.0,4286.0,4323,917.0,4270,28811.0,4275,6757.0,3818.0
IND,2026-06,4249.0,80.0,852.0,68125.0,59193.0,4169.0,4249,1016.0,4156,30247.0,4171,9115.0,5821.0
IND,2026-07,4405.0,130.0,987.0,79851.0,61411.0,4277.0,4405,1185.0,4260,28246.0,4267,11363.0,6396.0
INL,2025-08,67.0,0.0,8.0,814.0,1074.0,67.0,67,9.0,67,282.0,67,15.0,462.0
INL,2025-09,56.0,0.0,4.0,416.0,1127.0,56.0,56,5.0,56,233.0,56,20.0,95.0
INL,2025-10,53.0,0.0,4.0,348.0,584.0,53.0,53,6.0,53,227.0,53,15.0,63.0
INL,2025-11,52.0,4.0,8.0,925.0,771.0,48.0,52,9.0,48,214.0,48,75.0,196.0
INL,2025-12,53.0,1.0,9.0,1019.0,1098.0,52.0,53,15.0,52,216.0,52,97.0,454.0
INL,2026-01,53.0,0.0,13.0,2311.0,914.0,53.0,53,17.0,53,284.0,53,111.0,466.0
INL,2026-02,48.0,0.0,12.0,1389.0,758.0,48.0,48,18.0,48,191.0,48,79.0,108.0
INL,2026-03,53.0,3.0,4.0,472.0,496.0,50.0,53,5.0,50,190.0,50,22.0,179.0
INL,2026-04,51.0,4.0,6.0,736.0,618.0,47.0,51,8.0,46,214.0,47,7.0,305.0
INL,2026-05,54.0,0.0,3.0,79.0,616.0,54.0,54,4.0,54,232.0,54,0.0,105.0
INL,2026-06,62.0,0.0,9.0,1092.0,811.0,62.0,62,8.0,62,273.0,62,31.0,16.0
INL,2026-07,61.0,0.0,13.0,1273.0,756.0,61.0,61,14.0,61,275.0,61,89.0,26.0
ISP,2025-08,403.0,1.0,111.0,9164.0,4788.0,402.0,403,102.0,400,1976.0,401,768.0,682.0
ISP,2025-09,351.0,1.0,49.0,3161.0,4094.0,350.0,350,43.0,349,1676.0,349,124.0,148.0
ISP,2025-10,365.0,2.0,69.0,5021.0,4085.0,363.0,364,58.0,360,1659.0,362,516.0,0.0
ISP,2025-11,395.0,4.0,75.0,5899.0,4958.0,391.0,396,78.0,390,1847.0,391,794.0,0.0
ISP,2025-12,458.0,11.0,163.0,13075.0,6895.0,447.0,460,145.0,448,2795.0,451,991.0,82.0
ISP,2026-01,435.0,20.0,97.0,5503.0,6270.0,415.0,432,88.0,412,2169.0,412,585.0,0.0
ISP,2026-02,433.0,30.0,115.0,9064.0,6368.0,403.0,435,120.0,405,2244.0,407,1247.0,0.0
ISP,2026-03,413.0,16.0,130.0,8603.0,4915.0,397.0,414,145.0,398,1893.0,399,1127.0,390.0
ISP,2026-04,462.0,4.0,105.0,7111.0,5707.0,458.0,461,122.0,457,2314.0,458,942.0,110.0
ISP,2026-05,393.0,0.0,64.0,4769.0,4676.0,393.0,392,79.0,390,1835.0,391,457.0,140.0
ISP,2026-06,415.0,3.0,91.0,7334.0,4804.0,412.0,415,87.0,412,1898.0,412,239.0,697.0
ISP,2026-07,443.0,12.0,138.0,12749.0,5259.0,431.0,444,132.0,435,2459.0,435,1576.0,535.0
ITO,2025-08,560.0,2.0,28.0,1599.0,5557.0,558.0,560,36.0,560,2895.0,560,4.0,0.0
ITO,2025-09,522.0,1.0,29.0,1671.0,5151.0,521.0,522,26.0,522,2715.0,522,17.0,0.0
ITO,2025-10,541.0,2.0,65.0,3236.0,5328.0,539.0,541,51.0,540,2837.0,540,7.0,0.0
ITO,2025-11,537.0,6.0,58.0,3474.0,5207.0,531.0,538,73.0,531,2929.0,532,35.0,41.0
ITO,2025-12,567.0,0.0,117.0,4954.0,5795.0,567.0,567,128.0,567,3059.0,567,29.0,3.0
ITO,2026-01,570.0,10.0,109.0,5542.0,5647.0,560.0,570,112.0,560,3010.0,560,92.0,73.0
ITO,2026-02,516.0,1.0,81.0,4122.0,5279.0,515.0,517,111.0,516,2855.0,516,91.0,67.0
ITO,2026-03,556.0,26.0,104.0,6870.0,5559.0,530.0,556,122.0,530,2929.0,530,264.0,328.0
ITO,2026-04,578.0,3.0,107.0,4813.0,5634.0,575.0,578,100.0,572,3140.0,573,306.0,73.0
ITO,2026-05,568.0,4.0,111.0,5818.0,5755.0,564.0,568,109.0,564,3094.0,564,420.0,276.0
ITO,2026-06,549.0,9.0,64.0,3177.0,5299.0,540.0,549,81.0,540,2877.0,540,410.0,26.0
ITO,2026-07,545.0,2.0,84.0,4262.0,5164.0,543.0,545,106.0,543,2907.0,543,652.0,0.0
JAC,2025-08,767.0,11.0,200.0,21797.0,14889.0,756.0,766,178.0,755,3990.0,757,1582.0,855.0
JAC,2025-09,669.0,4.0,124.0,13038.0,12112.0,665.0,666,110.0,662,3759.0,663,968.0,411.0
JAC,2025-10,413.0,1.0,80.0,5843.0,8253.0,412.0,411,66.0,408,2023.0,411,511.0,68.0
JAC,2025-11,237.0,10.0,15.0,897.0,5087.0,227.0,237,23.0,227,1020.0,227,106.0,35.0
JAC,2025-12,446.0,14.0,138.0,21220.0,12348.0,432.0,448,129.0,421,3049.0,436,1957.0,311.0
JAC,2026-01,575.0,15.0,121.0,12490.0,12388.0,560.0,575,106.0,557,3096.0,563,1207.0,272.0
JAC,2026-02,536.0,17.0,133.0,16034.0,11144.0,519.0,539,117.0,516,2923.0,522,1519.0,1198.0
JAC,2026-03,598.0,10.0,140.0,15413.0,11802.0,588.0,595,134.0,582,2865.0,585,1308.0,281.0
JAC,2026-04,283.0,2.0,51.0,5346.0,5755.0,281.0,283,49.0,281,1171.0,282,343.0,0.0
JAC,2026-05,457.0,4.0,82.0,7058.0,7934.0,453.0,463,80.0,459,2027.0,460,738.0,135.0
JAC,2026-06,791.0,11.0,213.0,20574.0,13749.0,780.0,792,190.0,777,4197.0,782,1980.0,674.0
JAC,2026-07,863.0,20.0,284.0,32102.0,15559.0,843.0,864,220.0,844,5564.0,850,2545.0,786.0
JAN,2025-08,555.0,7.0,92.0,7079.0,7691.0,548.0,553,99.0,546,3265.0,547,843.0,496.0
JAN,2025-09,533.0,3.0,53.0,3362.0,7025.0,530.0,533,65.0,531,3063.0,531,522.0,422.0
JAN,2025-10,529.0,3.0,86.0,5374.0,7177.0,526.0,528,104.0,524,2818.0,525,581.0,201.0
JAN,2025-11,452.0,16.0,81.0,11409.0,6518.0,436.0,452,80.0,434,2533.0,434,573.0,472.0
JAN,2025-12,433.0,7.0,88.0,7396.0,5870.0,426.0,431,105.0,425,2360.0,426,317.0,122.0
JAN,2026-01,478.0,29.0,56.0,5320.0,6479.0,449.0,480,71.0,452,2333.0,452,407.0,1020.0
JAN,2026-02,399.0,3.0,42.0,4481.0,5220.0,396.0,398,63.0,395,1990.0,395,138.0,70.0
JAN,2026-03,394.0,10.0,74.0,6839.0,5209.0,384.0,394,86.0,382,1989.0,383,737.0,535.0
JAN,2026-04,499.0,2.0,86.0,8316.0,7257.0,497.0,500,104.0,493,3297.0,494,1028.0,102.0
JAN,2026-05,546.0,12.0,108.0,7706.0,7693.0,534.0,549,140.0,538,3723.0,539,1197.0,440.0
JAN,2026-06,545.0,18.0,131.0,11590.0,7897.0,527.0,545,172.0,523,4362.0,528,1250.0,1836.0
JAN,2026-07,520.0,12.0,114.0,10931.0,7647.0,508.0,520,181.0,503,3885.0,503,2052.0,1535.0
JAX,2025-08,2292.0,29.0,546.0,50983.0,33029.0,2263.0,2290,631.0,2258,16977.0,2267,5624.0,1652.0
JAX,2025-09,2063.0,10.0,301.0,24761.0,29427.0,2053.0,2061,386.0,2051,13136.0,2051,3118.0,1483.0
JAX,2025-10,2439.0,11.0,419.0,29447.0,35524.0,2428.0,2442,541.0,2426,15913.0,2430,4519.0,530.0
JAX,2025-11,2431.0,32.0,413.0,37464.0,35353.0,2399.0,2430,492.0,2401,15444.0,2401,6388.0,556.0
JAX,2025-12,2545.0,43.0,570.0,46558.0,36564.0,2502.0,2547,701.0,2510,16147.0,2511,6584.0,1517.0
JAX,2026-01,2156.0,97.0,359.0,31289.0,30848.0,2060.0,2153,449.0,2057,13638.0,2059,4954.0,2509.0
JAX,2026-02,2023.0,53.0,333.0,28049.0,30619.0,1970.0,2025,407.0,1976,13756.0,1976,3591.0,1234.0
JAX,2026-03,2545.0,76.0,605.0,53311.0,37659.0,2470.0,2546,725.0,2477,20329.0,2482,9008.0,1756.0
JAX,2026-04,2487.0,12.0,407.0,27107.0,36602.0,2475.0,2487,495.0,2477,18691.0,2478,3549.0,644.0
JAX,2026-05,2744.0,27.0,542.0,50864.0,39227.0,2717.0,2743,664.0,2717,20873.0,2719,6538.0,1786.0
JAX,2026-06,2646.0,42.0,631.0,64138.0,38387.0,2604.0,2643,726.0,2589,21497.0,2605,7557.0,3340.0
JAX,2026-07,2720.0,101.0,755.0,72680.0,40513.0,2619.0,2723,917.0,2605,22758.0,2616,13068.0,3315.0
JFK,2025-08,9110.0,84.0,1926.0,159004.0,262485.0,9027.0,9112,1884.0,8999,106015.0,9018,47768.0,5986.0
JFK,2025-09,8567.0,63.0,1311.0,105995.0,247132.0,8504.0,8568,1263.0,8472,97720.0,8506,23999.0,4848.0
JFK,2025-10,8928.0,130.0,1639.0,137779.0,273366.0,8799.0,8889,1664.0,8723,96881.0,8758,52191.0,4033.0
JFK,2025-11,8626.0,244.0,1674.0,132655.0,223439.0,8382.0,8620,1663.0,8348,82276.0,8374,31191.0,1865.0
JFK,2025-12,8856.0,356.0,2572.0,214821.0,228602.0,8500.0,8852,2383.0,8481,97594.0,8501,46031.0,8175.0
JFK,2026-01,8022.0,571.0,1732.0,135256.0,184055.0,7452.0,8020,1811.0,7432,80752.0,7441,29396.0,7246.0
JFK,2026-02,7458.0,653.0,1590.0,131572.0,171986.0,6805.0,7454,1634.0,6796,71501.0,6803,35299.0,6788.0
JFK,2026-03,8392.0,176.0,1889.0,151025.0,201287.0,8216.0,8400,2055.0,8193,82531.0,8220,36119.0,3447.0
JFK,2026-04,8254.0,20.0,1315.0,91655.0,226127.0,8234.0,8251,1456.0,8205,85400.0,8227,21380.0,1458.0
JFK,2026-05,8535.0,92.0,1368.0,112276.0,234797.0,8443.0,8536,1379.0,8419,93672.0,8449,20069.0,2320.0
JFK,2026-06,8750.0,177.0,1930.0,169074.0,258087.0,8573.0,8752,2033.0,8515,94914.0,8569,64422.0,7816.0
JFK,2026-07,9185.0,998.0,2812.0,289330.0,265711.0,8188.0,9181,2589.0,7967,98231.0,8144,74589.0,7716.0
JLN,2025-08,62.0,2.0,20.0,2483.0,1094.0,60.0,62,16.0,60,285.0,61,36.0,104.0
JLN,2025-09,60.0,0.0,13.0,2185.0,1314.0,60.0,60,11.0,59,291.0,60,19.0,0.0
JLN,2025-10,62.0,0.0,10.0,1472.0,1159.0,62.0,62,11.0,61,320.0,62,111.0,175.0
JLN,2025-11,59.0,2.0,6.0,911.0,993.0,57.0,59,11.0,56,287.0,56,210.0,116.0
JLN,2025-12,60.0,3.0,10.0,2045.0,1117.0,57.0,60,18.0,57,266.0,58,525.0,0.0
JLN,2026-01,61.0,2.0,7.0,1270.0,1219.0,59.0,61,14.0,59,311.0,59,153.0,252.0
JLN,2026-02,56.0,0.0,11.0,677.0,1046.0,56.0,56,13.0,56,284.0,56,219.0,26.0
JLN,2026-03,62.0,3.0,19.0,2388.0,977.0,59.0,62,16.0,60,301.0,60,284.0,0.0
JLN,2026-04,52.0,0.0,12.0,1642.0,696.0,52.0,52,16.0,50,260.0,52,106.0,1534.0
JLN,2026-05,53.0,0.0,12.0,1146.0,811.0,53.0,53,13.0,52,261.0,53,122.0,0.0
JLN,2026-06,51.0,0.0,7.0,669.0,834.0,51.0,51,15.0,50,277.0,51,192.0,222.0
JLN,2026-07,54.0,2.0,9.0,1512.0,779.0,52.0,54,19.0,52,258.0,52,984.0,0.0
JMS,2025-08,53.0,1.0,15.0,1025.0,969.0,52.0,53,9.0,52,233.0,53,4.0,0.0
JMS,2025-09,51.0,0.0,8.0,453.0,1151.0,51.0,51,7.0,51,219.0,51,1.0,0.0
JMS,2025-10,54.0,0.0,7.0,944.0,1229.0,54.0,54,6.0,53,250.0,54,7.0,0.0
JMS,2025-11,50.0,0.0,2.0,90.0,994.0,50.0,50,2.0,50,230.0,50,0.0,0.0
JMS,2025-12,55.0,4.0,11.0,1361.0,1184.0,51.0,55,12.0,51,235.0,51,36.0,101.0
JMS,2026-01,53.0,3.0,8.0,2112.0,1123.0,50.0,53,7.0,50,216.0,50,25.0,62.0
JMS,2026-02,48.0,2.0,8.0,399.0,884.0,46.0,48,10.0,46,237.0,46,75.0,0.0
JMS,2026-03,53.0,1.0,7.0,756.0,1070.0,52.0,53,10.0,52,244.0,52,77.0,77.0
JMS,2026-04,52.0,2.0,7.0,681.0,884.0,50.0,52,8.0,49,232.0,50,60.0,30.0
JMS,2026-05,53.0,0.0,9.0,1319.0,919.0,53.0,53,4.0,52,224.0,52,351.0,0.0
JMS,2026-06,51.0,0.0,10.0,1528.0,854.0,51.0,51,6.0,51,233.0,51,1.0,107.0
JMS,2026-07,54.0,0.0,8.0,823.0,1124.0,54.0,54,4.0,53,240.0,54,2.0,0.0
JNU,2025-08,515.0,9.0,88.0,5794.0,6676.0,507.0,514,101.0,506,2132.0,506,762.0,143.0
JNU,2025-09,450.0,8.0,56.0,5821.0,5622.0,442.0,450,61.0,443,2009.0,443,412.0,471.0
JNU,2025-10,376.0,9.0,36.0,3248.0,5314.0,367.0,374,44.0,361,1535.0,361,270.0,7.0
JNU,2025-11,321.0,5.0,39.0,2075.0,5035.0,318.0,321,40.0,317,1393.0,317,321.0,501.0
JNU,2025-12,327.0,19.0,92.0,6559.0,7124.0,308.0,328,79.0,304,1879.0,304,683.0,556.0
JNU,2026-01,333.0,19.0,82.0,8468.0,4677.0,314.0,333,71.0,303,1670.0,304,458.0,1296.0
JNU,2026-02,308.0,8.0,52.0,3025.0,4466.0,300.0,308,43.0,296,1494.0,296,348.0,416.0
JNU,2026-03,341.0,4.0,74.0,6254.0,5869.0,337.0,341,72.0,334,1686.0,335,815.0,206.0
JNU,2026-04,330.0,4.0,30.0,2030.0,3410.0,326.0,330,31.0,325,1541.0,326,91.0,0.0
JNU,2026-05,397.0,3.0,44.0,3021.0,3580.0,394.0,398,46.0,393,1654.0,393,114.0,0.0
JNU,2026-06,493.0,7.0,53.0,3759.0,4795.0,486.0,494,73.0,488,2068.0,488,240.0,0.0
JNU,2026-07,525.0,4.0,60.0,3810.0,5427.0,523.0,525,70.0,521,2608.0,521,269.0,400.0
JST,2025-08,62.0,0.0,11.0,1906.0,1072.0,62.0,62,16.0,61,294.0,61,155.0,29.0
JST,2025-09,60.0,0.0,7.0,1881.0,857.0,60.0,60,11.0,60,295.0,60,18.0,0.0
JST,2025-10,62.0,0.0,4.0,263.0,1044.0,62.0,62,14.0,62,329.0,62,164.0,0.0
JST,2025-11,59.0,2.0,20.0,4576.0,1127.0,57.0,59,23.0,54,260.0,55,767.0,3004.0
JST,2025-12,60.0,9.0,21.0,3375.0,1767.0,51.0,60,26.0,52,343.0,53,472.0,1275.0
JST,2026-01,61.0,6.0,14.0,2959.0,1466.0,55.0,61,19.0,53,249.0,55,967.0,1248.0
JST,2026-02,56.0,1.0,19.0,4388.0,1577.0,55.0,56,16.0,53,283.0,55,157.0,634.0
JST,2026-03,62.0,8.0,19.0,4432.0,1246.0,54.0,62,18.0,54,283.0,56,290.0,1464.0
JST,2026-04,52.0,4.0,14.0,3388.0,905.0,48.0,52,14.0,48,233.0,48,355.0,640.0
JST,2026-05,53.0,0.0,7.0,1085.0,784.0,53.0,53,10.0,51,285.0,52,48.0,55.0
JST,2026-06,51.0,2.0,10.0,2402.0,876.0,49.0,51,12.0,47,294.0,48,85.0,878.0
JST,2026-07,54.0,2.0,14.0,2284.0,883.0,52.0,54,16.0,51,261.0,51,204.0,1337.0
KOA,2025-08,1343.0,4.0,124.0,8030.0,16028.0,1339.0,1343,169.0,1339,8822.0,1340,1189.0,56.0
KOA,2025-09,1234.0,6.0,85.0,6756.0,14343.0,1228.0,1234,115.0,1231,7316.0,1232,960.0,54.0
KOA,2025-10,1267.0,19.0,157.0,11666.0,15668.0,1248.0,1267,194.0,1241,8472.0,1250,1824.0,64.0
KOA,2025-11,1247.0,26.0,145.0,9456.0,15633.0,1221.0,1246,157.0,1219,8846.0,1226,1089.0,176.0
KOA,2025-12,1389.0,13.0,247.0,14306.0,18814.0,1376.0,1389,300.0,1375,11110.0,1383,2356.0,107.0
KOA,2026-01,1424.0,16.0,247.0,16383.0,18611.0,1408.0,1425,272.0,1411,12008.0,1413,2695.0,696.0
KOA,2026-02,1277.0,10.0,197.0,11436.0,16513.0,1267.0,1276,259.0,1269,8983.0,1272,2481.0,126.0
KOA,2026-03,1435.0,49.0,265.0,20567.0,18733.0,1386.0,1434,302.0,1387,11286.0,1391,2944.0,1334.0
KOA,2026-04,1298.0,10.0,173.0,9484.0,16270.0,1288.0,1299,242.0,1294,8153.0,1296,2338.0,31.0
KOA,2026-05,1353.0,13.0,169.0,9234.0,16051.0,1340.0,1353,180.0,1340,8456.0,1341,1046.0,95.0
KOA,2026-06,1370.0,7.0,141.0,9599.0,16410.0,1363.0,1370,184.0,1365,8978.0,1366,1171.0,0.0
KOA,2026-07,1415.0,7.0,174.0,11339.0,16597.0,1408.0,1415,236.0,1412,9016.0,1412,1902.0,37.0
KTN,2025-08,236.0,3.0,75.0,4076.0,2604.0,233.0,236,53.0,235,1602.0,235,431.0,6.0
KTN,2025-09,210.0,4.0,31.0,2766.0,2449.0,206.0,210,27.0,206,1074.0,206,149.0,108.0
KTN,2025-10,189.0,5.0,20.0,2800.0,1884.0,184.0,189,29.0,186,812.0,186,255.0,16.0
KTN,2025-11,175.0,7.0,24.0,1366.0,2172.0,168.0,173,29.0,169,748.0,169,192.0,42.0
KTN,2025-12,182.0,12.0,59.0,4709.0,2444.0,170.0,182,62.0,169,1254.0,169,1099.0,702.0
KTN,2026-01,182.0,23.0,37.0,3114.0,1856.0,159.0,182,32.0,157,747.0,157,130.0,136.0
KTN,2026-02,168.0,8.0,31.0,1700.0,1707.0,160.0,168,27.0,159,762.0,159,197.0,158.0
KTN,2026-03,186.0,3.0,49.0,3845.0,2521.0,183.0,186,55.0,183,919.0,183,360.0,241.0
KTN,2026-04,180.0,1.0,29.0,2420.0,1677.0,179.0,180,24.0,179,821.0,179,52.0,57.0
KTN,2026-05,205.0,1.0,20.0,1531.0,1589.0,204.0,205,21.0,204,837.0,204,6.0,40.0
KTN,2026-06,231.0,0.0,27.0,1978.0,2106.0,231.0,231,32.0,231,1072.0,231,151.0,0.0
KTN,2026-07,248.0,2.0,28.0,1489.0,2257.0,246.0,248,41.0,246,1442.0,246,330.0,60.0
LAF,2025-08,42.0,0.0,7.0,1127.0,638.0,42.0,43,11.0,41,215.0,41,37.0,0.0
LAF,2025-09,47.0,0.0,6.0,1275.0,740.0,47.0,47,13.0,47,222.0,47,28.0,0.0
LAF,2025-10,49.0,0.0,8.0,1046.0,874.0,49.0,49,19.0,49,265.0,49,213.0,0.0
LAF,2025-11,46.0,3.0,7.0,1139.0,834.0,43.0,46,9.0,44,205.0,44,551.0,0.0
LAF,2025-12,52.0,2.0,12.0,1833.0,1198.0,50.0,52,20.0,49,255.0,49,283.0,0.0
LAF,2026-01,49.0,2.0,13.0,3132.0,1028.0,47.0,49,16.0,48,238.0,48,165.0,36.0
LAF,2026-02,44.0,0.0,9.0,1203.0,999.0,44.0,44,10.0,44,239.0,44,223.0,0.0
LAF,2026-03,49.0,2.0,12.0,2153.0,877.0,47.0,49,11.0,43,233.0,44,250.0,28.0
LAF,2026-04,47.0,3.0,16.0,2336.0,717.0,44.0,47,22.0,41,224.0,42,698.0,14.0
LAF,2026-05,49.0,0.0,10.0,1260.0,764.0,49.0,49,16.0,49,234.0,49,74.0,239.0
LAF,2026-06,43.0,2.0,8.0,759.0,685.0,41.0,43,9.0,40,270.0,41,619.0,270.0
LAF,2026-07,49.0,3.0,5.0,616.0,733.0,46.0,49,15.0,46,242.0,46,82.0,0.0
LAN,2025-08,203.0,4.0,39.0,3502.0,2858.0,199.0,203,44.0,201,848.0,201,502.0,409.0
LAN,2025-09,173.0,0.0,18.0,1847.0,2597.0,173.0,173,25.0,173,554.0,173,115.0,0.0
LAN,2025-10,177.0,0.0,19.0,1128.0,2720.0,177.0,177,23.0,177,569.0,177,122.0,40.0
LAN,2025-11,125.0,8.0,27.0,4010.0,2596.0,117.0,124,27.0,118,361.0,118,186.0,458.0
LAN,2025-12,143.0,6.0,44.0,5375.0,3598.0,137.0,144,63.0,139,445.0,139,1033.0,2126.0
LAN,2026-01,165.0,6.0,51.0,9055.0,5102.0,159.0,165,66.0,160,527.0,160,1088.0,1593.0
LAN,2026-02,155.0,1.0,39.0,3859.0,3854.0,154.0,155,50.0,155,505.0,155,565.0,396.0
LAN,2026-03,172.0,9.0,47.0,7060.0,3501.0,163.0,172,64.0,164,529.0,164,650.0,751.0
LAN,2026-04,171.0,7.0,37.0,5389.0,2878.0,164.0,171,37.0,165,570.0,166,246.0,269.0
LAN,2026-05,130.0,2.0,32.0,2741.0,1984.0,128.0,129,32.0,127,380.0,127,161.0,104.0
LAN,2026-06,140.0,4.0,20.0,3020.0,2408.0,136.0,141,25.0,137,449.0,137,142.0,418.0
LAN,2026-07,150.0,7.0,37.0,5747.0,2600.0,143.0,150,35.0,145,490.0,145,244.0,606.0
LAR,2025-08,53.0,0.0,21.0,3399.0,1151.0,53.0,53,19.0,52,278.0,53,268.0,102.0
LAR,2025-09,51.0,0.0,7.0,556.0,1237.0,51.0,51,6.0,51,284.0,51,21.0,299.0
LAR,2025-10,54.0,0.0,6.0,517.0,1417.0,54.0,54,5.0,54,302.0,54,32.0,28.0
LAR,2025-11,50.0,1.0,4.0,535.0,986.0,49.0,50,3.0,49,297.0,49,4.0,223.0
LAR,2025-12,55.0,1.0,10.0,810.0,1371.0,54.0,55,12.0,54,360.0,54,39.0,23.0
LAR,2026-01,53.0,0.0,10.0,889.0,1067.0,53.0,53,10.0,53,304.0,53,98.0,97.0
LAR,2026-02,48.0,0.0,11.0,1080.0,998.0,48.0,48,15.0,48,279.0,48,363.0,30.0
LAR,2026-03,53.0,4.0,5.0,465.0,1156.0,49.0,54,5.0,50,270.0,50,12.0,0.0
LAR,2026-04,52.0,1.0,10.0,795.0,1161.0,51.0,52,8.0,50,240.0,51,43.0,68.0
LAR,2026-05,53.0,1.0,10.0,707.0,1343.0,52.0,53,15.0,52,244.0,52,289.0,0.0
LAR,2026-06,51.0,0.0,18.0,2017.0,1413.0,51.0,51,19.0,48,292.0,51,230.0,262.0
LAR,2026-07,54.0,1.0,16.0,1550.0,1464.0,53.0,54,20.0,53,283.0,53,116.0,499.0
LAS,2025-08,14920.0,75.0,3386.0,214531.0,268769.0,14845.0,14921,2875.0,14844,110201.0,14856,27640.0,8822.0
LAS,2025-09,14399.0,76.0,3191.0,220870.0,291350.0,14323.0,14405,2888.0,14306,110592.0,14336,59489.0,12159.0
LAS,2025-10,15597.0,49.0,4039.0,258231.0,311904.0,15548.0,15606,3430.0,15537,118096.0,15552,47636.0,4333.0
LAS,2025-11,14443.0,250.0,3116.0,199419.0,258685.0,14194.0,14437,2820.0,14182,107026.0,14186,51818.0,6313.0
LAS,2025-12,14547.0,88.0,3613.0,221952.0,234842.0,14462.0,14537,3118.0,14437,105560.0,14439,22173.0,8160.0
LAS,2026-01,13695.0,255.0,2689.0,182683.0,225086.0,13442.0,13709,2438.0,13416,98610.0,13444,39904.0,9579.0
LAS,2026-02,12886.0,113.0,2550.0,162116.0,214626.0,12774.0,12883,2227.0,12766,92056.0,12769,30002.0,6591.0
LAS,2026-03,15169.0,175.0,3632.0,233028.0,257347.0,14995.0,15159,2887.0,14973,111868.0,14988,30836.0,7260.0
LAS,2026-04,14672.0,58.0,3776.0,215182.0,255271.0,14614.0,14680,3312.0,14598,103671.0,14614,52187.0,4439.0
LAS,2026-05,14585.0,97.0,4295.0,272077.0,259195.0,14488.0,14581,3417.0,14449,104918.0,14488,51325.0,4833.0
LAS,2026-06,13704.0,106.0,4914.0,305312.0,232722.0,13598.0,13707,3991.0,13586,96776.0,13590,54463.0,8275.0
LAS,2026-07,14315.0,145.0,4721.0,316564.0,256994.0,14171.0,14319,3681.0,14148,106823.0,14155,29349.0,8026.0
LAW,2025-08,93.0,2.0,23.0,3134.0,1667.0,91.0,93,32.0,91,341.0,91,323.0,284.0
LAW,2025-09,90.0,1.0,9.0,1262.0,1352.0,89.0,90,17.0,87,247.0,89,304.0,0.0
LAW,2025-10,92.0,2.0,13.0,1301.0,1635.0,90.0,92,12.0,90,270.0,90,150.0,149.0
LAW,2025-11,87.0,7.0,19.0,3036.0,1389.0,80.0,87,22.0,82,310.0,82,286.0,509.0
LAW,2025-12,91.0,4.0,33.0,3413.0,1574.0,87.0,91,35.0,86,260.0,88,176.0,166.0
LAW,2026-01,93.0,15.0,10.0,1161.0,1265.0,78.0,93,10.0,78,208.0,78,32.0,42.0
LAW,2026-02,78.0,7.0,12.0,1120.0,1040.0,71.0,78,14.0,73,219.0,73,1.0,12.0
LAW,2026-03,84.0,8.0,31.0,4166.0,1177.0,76.0,84,28.0,75,255.0,77,181.0,17.0
LAW,2026-04,90.0,7.0,26.0,3072.0,1397.0,83.0,90,30.0,85,309.0,85,234.0,722.0
LAW,2026-05,93.0,3.0,14.0,1659.0,1349.0,90.0,93,20.0,88,281.0,88,115.0,122.0
LAW,2026-06,89.0,4.0,16.0,1591.0,1296.0,85.0,89,26.0,85,325.0,85,228.0,200.0
LAW,2026-07,92.0,1.0,22.0,2277.0,1476.0,91.0,92,18.0,90,357.0,91,52.0,278.0
LAX,2025-08,16493.0,88.0,2904.0,231125.0,290105.0,16405.0,16497,2986.0,16377,167538.0,16404,22576.0,15265.0
LAX,2025-09,15262.0,43.0,2206.0,160710.0,267564.0,15219.0,15264,2326.0,15208,146728.0,15217,22960.0,5154.0
LAX,2025-10,16122.0,50.0,2979.0,218584.0,289882.0,16073.0,16131,3060.0,16063,161583.0,16086,32652.0,6844.0
LAX,2025-11,15422.0,274.0,2947.0,222190.0,289535.0,15149.0,15422,2853.0,15115,177233.0,15130,39250.0,7686.0
LAX,2025-12,16050.0,142.0,3828.0,288420.0,299764.0,15912.0,16073,3780.0,15882,191469.0,15907,43457.0,12312.0
LAX,2026-01,14815.0,322.0,2805.0,231225.0,253303.0,14499.0,14811,2842.0,14464,166996.0,14480,36215.0,17544.0
LAX,2026-02,13687.0,195.0,2672.0,207520.0,240906.0,13497.0,13677,2579.0,13441,153972.0,13463,30740.0,10564.0
LAX,2026-03,16088.0,207.0,2973.0,225904.0,280406.0,15883.0,16089,2619.0,15867,184103.0,15882,24257.0,10908.0
LAX,2026-04,15732.0,70.0,2963.0,202350.0,280564.0,15662.0,15730,2989.0,15639,169881.0,15654,32214.0,6389.0
LAX,2026-05,16317.0,88.0,3316.0,232139.0,285799.0,16230.0,16311,3141.0,16203,172973.0,16220,28922.0,8390.0
LAX,2026-06,16664.0,102.0,4143.0,302876.0,300045.0,16562.0,16670,4062.0,16554,188555.0,16564,40289.0,13087.0
LAX,2026-07,17454.0,210.0,4403.0,323733.0,324434.0,17244.0,17450,4188.0,17210,207747.0,17229,38832.0,16535.0
LBB,2025-08,577.0,4.0,125.0,12282.0,8372.0,573.0,576,150.0,569,2865.0,571,1703.0,1196.0
LBB,2025-09,561.0,5.0,82.0,9148.0,8525.0,556.0,562,98.0,558,2410.0,558,1454.0,772.0
LBB,2025-10,581.0,3.0,79.0,6018.0,8758.0,578.0,581,111.0,578,2526.0,578,778.0,645.0
LBB,2025-11,544.0,12.0,84.0,8501.0,8552.0,532.0,542,102.0,530,2422.0,530,801.0,131.0
LBB,2025-12,564.0,1.0,111.0,8918.0,8797.0,563.0,566,141.0,565,2700.0,565,486.0,255.0
LBB,2026-01,541.0,49.0,59.0,6542.0,8025.0,492.0,541,76.0,493,2467.0,493,391.0,1351.0
LBB,2026-02,496.0,3.0,65.0,7231.0,7731.0,493.0,495,86.0,493,2153.0,493,625.0,306.0
LBB,2026-03,548.0,14.0,87.0,8944.0,8005.0,534.0,548,123.0,533,2532.0,535,872.0,344.0
LBB,2026-04,520.0,1.0,89.0,7616.0,7767.0,519.0,521,98.0,519,2476.0,519,487.0,170.0
LBB,2026-05,532.0,7.0,103.0,9800.0,7706.0,525.0,532,138.0,519,2633.0,522,1033.0,658.0
LBB,2026-06,543.0,6.0,124.0,12785.0,8284.0,537.0,543,170.0,527,2821.0,530,1238.0,754.0
LBB,2026-07,550.0,4.0,107.0,9449.0,7902.0,546.0,550,161.0,546,2570.0,546,1220.0,687.0
LBE,2025-08,60.0,0.0,17.0,926.0,689.0,60.0,60,16.0,60,438.0,60,231.0,0.0
LBE,2025-09,46.0,0.0,5.0,288.0,499.0,46.0,46,6.0,46,240.0,46,83.0,267.0
LBE,2025-10,34.0,0.0,7.0,668.0,375.0,34.0,34,9.0,34,200.0,34,106.0,0.0
LBE,2025-11,27.0,1.0,8.0,701.0,292.0,26.0,27,8.0,26,181.0,26,333.0,0.0
LBE,2025-12,27.0,4.0,10.0,923.0,365.0,23.0,27,9.0,23,141.0,23,147.0,0.0
LBE,2026-01,25.0,1.0,9.0,515.0,338.0,24.0,25,9.0,24,121.0,24,281.0,0.0
LBE,2026-02,28.0,3.0,10.0,593.0,353.0,25.0,28,8.0,25,114.0,25,82.0,0.0
LBE,2026-03,31.0,1.0,13.0,880.0,305.0,30.0,31,11.0,30,133.0,30,219.0,0.0
LBE,2026-04,24.0,1.0,7.0,478.0,236.0,23.0,24,6.0,23,106.0,23,143.0,0.0
LBE,2026-05,1.0,0.0,0.0,0.0,8.0,1.0,1,0.0,1,4.0,1,0.0,0.0
LBF,2025-08,54.0,2.0,15.0,2386.0,917.0,52.0,54,16.0,51,362.0,52,65.0,381.0
LBF,2025-09,51.0,0.0,5.0,855.0,887.0,51.0,51,7.0,51,304.0,51,41.0,480.0
LBF,2025-10,53.0,0.0,4.0,325.0,1226.0,53.0,53,9.0,53,305.0,53,69.0,0.0
LBF,2025-11,51.0,1.0,2.0,94.0,946.0,50.0,51,12.0,50,278.0,50,60.0,0.0
LBF,2025-12,54.0,1.0,14.0,1059.0,1167.0,53.0,54,17.0,54,309.0,54,226.0,90.0
LBF,2026-01,53.0,0.0,12.0,1437.0,1192.0,53.0,54,16.0,53,281.0,54,129.0,0.0
LBF,2026-02,48.0,0.0,4.0,449.0,1204.0,48.0,48,8.0,48,257.0,48,23.0,0.0
LBF,2026-03,53.0,2.0,10.0,1565.0,1047.0,51.0,53,11.0,51,338.0,51,124.0,0.0
LBF,2026-04,51.0,0.0,10.0,871.0,1209.0,51.0,51,11.0,51,309.0,51,32.0,22.0
LBF,2026-05,54.0,0.0,13.0,2778.0,985.0,54.0,54,15.0,53,362.0,54,487.0,57.0
LBF,2026-06,51.0,0.0,13.0,1269.0,825.0,51.0,51,17.0,50,336.0,51,286.0,444.0
LBF,2026-07,53.0,0.0,13.0,2407.0,824.0,53.0,53,20.0,53,344.0,53,318.0,525.0
LBL,2025-08,53.0,2.0,13.0,1739.0,761.0,51.0,53,14.0,49,237.0,51,67.0,91.0
LBL,2025-09,51.0,0.0,7.0,355.0,956.0,51.0,51,5.0,51,227.0,51,2.0,0.0
LBL,2025-10,54.0,0.0,6.0,417.0,830.0,54.0,54,9.0,54,237.0,54,64.0,89.0
LBL,2025-11,50.0,0.0,3.0,599.0,758.0,50.0,50,4.0,50,236.0,50,26.0,0.0
LBL,2025-12,55.0,0.0,5.0,765.0,933.0,55.0,55,12.0,54,240.0,55,48.0,10.0
LBL,2026-01,53.0,0.0,6.0,515.0,934.0,53.0,53,11.0,53,236.0,53,79.0,90.0
LBL,2026-02,48.0,5.0,6.0,1617.0,684.0,43.0,48,6.0,43,185.0,43,0.0,0.0
LBL,2026-03,53.0,3.0,8.0,649.0,638.0,50.0,53,6.0,50,211.0,50,87.0,0.0
LBL,2026-04,52.0,1.0,7.0,524.0,789.0,51.0,52,10.0,50,207.0,51,80.0,54.0
LBL,2026-05,53.0,1.0,7.0,731.0,690.0,52.0,53,7.0,51,218.0,52,45.0,63.0
LBL,2026-06,51.0,0.0,9.0,1204.0,785.0,51.0,51,8.0,51,223.0,51,77.0,186.0
LBL,2026-07,54.0,0.0,12.0,830.0,760.0,54.0,54,12.0,54,234.0,54,116.0,98.0
LCH,2025-08,99.0,1.0,25.0,3737.0,1847.0,98.0,99,26.0,98,443.0,98,393.0,241.0
LCH,2025-09,108.0,2.0,16.0,1343.0,1757.0,106.0,108,15.0,107,494.0,107,93.0,167.0
LCH,2025-10,113.0,1.0,19.0,1542.0,1740.0,112.0,113,17.0,112,511.0,112,771.0,214.0
LCH,2025-11,87.0,6.0,11.0,1041.0,1682.0,81.0,87,10.0,80,373.0,81,139.0,5.0
LCH,2025-12,91.0,1.0,19.0,3036.0,1416.0,90.0,91,19.0,88,419.0,90,87.0,647.0
LCH,2026-01,67.0,5.0,10.0,772.0,946.0,62.0,67,11.0,63,284.0,63,92.0,661.0
LCH,2026-02,70.0,1.0,8.0,696.0,994.0,69.0,70,8.0,69,307.0,69,56.0,633.0
LCH,2026-03,93.0,3.0,10.0,866.0,1303.0,90.0,93,8.0,89,399.0,90,126.0,0.0
LCH,2026-04,90.0,2.0,11.0,793.0,1307.0,88.0,90,13.0,88,407.0,88,72.0,148.0
LCH,2026-05,93.0,4.0,18.0,3288.0,1304.0,89.0,93,15.0,88,486.0,89,266.0,216.0
LCH,2026-06,88.0,4.0,13.0,979.0,1295.0,84.0,88,18.0,85,392.0,85,409.0,0.0
LCH,2026-07,90.0,0.0,13.0,921.0,1232.0,90.0,90,13.0,90,416.0,90,233.0,46.0
LCK,2025-08,118.0,0.0,29.0,5544.0,1507.0,118.0,118,25.0,118,722.0,118,71.0,244.0
LCK,2025-09,71.0,0.0,7.0,481.0,924.0,71.0,71,8.0,71,530.0,71,29.0,106.0
LCK,2025-10,90.0,0.0,11.0,790.0,1040.0,90.0,90,10.0,90,661.0,90,81.0,0.0
LCK,2025-11,68.0,0.0,11.0,546.0,869.0,68.0,68,8.0,68,398.0,68,53.0,12.0
LCK,2025-12,81.0,0.0,30.0,1474.0,1293.0,81.0,81,22.0,81,467.0,81,209.0,21.0
LCK,2026-01,63.0,2.0,13.0,1293.0,925.0,61.0,62,10.0,60,373.0,61,196.0,217.0
LCK,2026-02,59.0,0.0,17.0,3114.0,1055.0,59.0,59,12.0,58,398.0,59,350.0,0.0
LCK,2026-03,105.0,1.0,31.0,2756.0,1471.0,104.0,105,26.0,104,604.0,104,172.0,97.0
LCK,2026-04,74.0,0.0,22.0,1418.0,946.0,74.0,74,19.0,74,480.0,74,153.0,61.0
LCK,2026-05,102.0,0.0,28.0,2903.0,1364.0,102.0,102,27.0,102,743.0,102,1560.0,196.0
LCK,2026-06,150.0,0.0,48.0,5103.0,2031.0,150.0,150,34.0,149,1127.0,150,368.0,241.0
LCK,2026-07,154.0,2.0,48.0,4706.0,1943.0,152.0,154,38.0,152,965.0,152,511.0,223.0
LEX,2025-08,865.0,13.0,174.0,17084.0,14436.0,852.0,867,189.0,854,4824.0,855,1453.0,2462.0
LEX,2025-09,855.0,5.0,99.0,8346.0,14542.0,850.0,855,128.0,849,4556.0,850,1205.0,443.0
LEX,2025-10,968.0,1.0,171.0,14255.0,17331.0,967.0,967,179.0,963,5891.0,964,1481.0,300.0
LEX,2025-11,695.0,20.0,139.0,14110.0,12104.0,675.0,693,165.0,664,4237.0,671,1698.0,2590.0
LEX,2025-12,586.0,14.0,166.0,15760.0,12382.0,572.0,582,178.0,570,3671.0,571,2218.0,3504.0
LEX,2026-01,636.0,55.0,97.0,9690.0,11227.0,581.0,640,136.0,584,3669.0,584,1136.0,1153.0
LEX,2026-02,576.0,4.0,97.0,8795.0,11154.0,572.0,574,122.0,569,3450.0,571,1281.0,556.0
LEX,2026-03,638.0,13.0,139.0,15938.0,10712.0,625.0,638,159.0,625,3619.0,625,2958.0,1397.0
LEX,2026-04,786.0,13.0,121.0,8306.0,13097.0,773.0,788,151.0,770,4256.0,774,1718.0,1324.0
LEX,2026-05,853.0,15.0,154.0,14169.0,13849.0,838.0,852,194.0,836,5216.0,837,2279.0,1328.0
LEX,2026-06,859.0,25.0,195.0,20383.0,13074.0,834.0,860,211.0,838,5406.0,838,2681.0,2086.0
LEX,2026-07,925.0,26.0,217.0,20899.0,14905.0,899.0,926,294.0,886,6677.0,893,3726.0,2042.0
LFT,2025-08,245.0,3.0,54.0,5039.0,4091.0,242.0,245,57.0,244,1270.0,244,407.0,798.0
LFT,2025-09,239.0,2.0,36.0,2662.0,3782.0,237.0,239,33.0,236,1177.0,236,308.0,415.0
LFT,2025-10,238.0,5.0,33.0,2358.0,3865.0,233.0,238,54.0,236,1193.0,236,566.0,171.0
LFT,2025-11,218.0,5.0,38.0,4288.0,4523.0,213.0,218,47.0,214,1331.0,214,664.0,675.0
LFT,2025-12,216.0,1.0,65.0,6294.0,4660.0,215.0,215,75.0,214,1338.0,214,487.0,393.0
LFT,2026-01,259.0,25.0,40.0,5373.0,4386.0,234.0,260,46.0,236,1420.0,236,276.0,1274.0
LFT,2026-02,156.0,4.0,27.0,2011.0,2702.0,152.0,156,32.0,153,1056.0,154,79.0,539.0
LFT,2026-03,230.0,14.0,61.0,9706.0,4353.0,216.0,229,70.0,216,1563.0,216,440.0,1029.0
LFT,2026-04,186.0,4.0,36.0,4385.0,3297.0,182.0,186,46.0,181,1263.0,182,398.0,275.0
LFT,2026-05,184.0,9.0,47.0,6350.0,3114.0,175.0,184,57.0,176,1279.0,177,555.0,220.0
LFT,2026-06,176.0,7.0,42.0,4857.0,2904.0,169.0,176,49.0,166,1346.0,167,775.0,1168.0
LFT,2026-07,175.0,2.0,47.0,6584.0,3108.0,173.0,175,61.0,173,1282.0,174,703.0,675.0
LGA,2025-08,11582.0,207.0,2211.0,185090.0,267701.0,11375.0,11583,2436.0,11349,92594.0,11364,51002.0,12142.0
LGA,2025-09,11388.0,101.0,1743.0,145982.0,273979.0,11287.0,11386,1908.0,11223,86712.0,11276,42777.0,8889.0
LGA,2025-10,12002.0,310.0,2701.0,218209.0,360308.0,11693.0,12003,3442.0,11649,94789.0,11687,104245.0,7001.0
LGA,2025-11,11577.0,420.0,2920.0,237321.0,323247.0,11157.0,11580,3598.0,11137,95637.0,11160,148304.0,7471.0
LGA,2025-12,11361.0,546.0,3448.0,278856.0,278245.0,10816.0,11363,3774.0,10763,94792.0,10815,108243.0,17114.0
LGA,2026-01,11099.0,862.0,1923.0,144805.0,235561.0,10238.0,11100,2098.0,10230,87031.0,10252,28640.0,10880.0
LGA,2026-02,10307.0,847.0,1962.0,141244.0,247339.0,9462.0,10307,2179.0,9434,77935.0,9452,35436.0,3937.0
LGA,2026-03,11660.0,1135.0,3514.0,278109.0,244254.0,10526.0,11658,4184.0,10476,87999.0,10514,157261.0,11980.0
LGA,2026-04,11443.0,109.0,2495.0,184204.0,291525.0,11334.0,11444,2944.0,11273,90943.0,11336,74848.0,5343.0
LGA,2026-05,11375.0,208.0,2468.0,186726.0,286017.0,11167.0,11375,2589.0,11091,98616.0,11157,62612.0,8385.0
LGA,2026-06,10877.0,452.0,2504.0,211671.0,270593.0,10425.0,10878,2732.0,10330,94360.0,10412,82464.0,11593.0
LGA,2026-07,11169.0,1111.0,3249.0,312724.0,289960.0,10058.0,11173,3337.0,9881,96928.0,10036,100762.0,16841.0
LGB,2025-08,1414.0,0.0,194.0,11445.0,17308.0,1414.0,1414,213.0,1409,6001.0,1413,1042.0,24.0
LGB,2025-09,1381.0,2.0,177.0,11576.0,17183.0,1379.0,1381,195.0,1377,5508.0,1377,994.0,228.0
LGB,2025-10,1397.0,4.0,255.0,14889.0,17712.0,1394.0,1397,280.0,1395,5660.0,1395,1260.0,254.0
LGB,2025-11,1323.0,6.0,257.0,15022.0,17669.0,1317.0,1323,242.0,1315,5365.0,1315,1817.0,360.0
LGB,2025-12,1357.0,19.0,287.0,17518.0,16944.0,1338.0,1357,307.0,1334,5549.0,1334,4234.0,866.0
LGB,2026-01,1217.0,5.0,130.0,7371.0,14702.0,1212.0,1217,145.0,1213,4699.0,1213,394.0,113.0
LGB,2026-02,1129.0,3.0,159.0,8646.0,13981.0,1126.0,1129,200.0,1127,4384.0,1127,967.0,155.0
LGB,2026-03,1200.0,4.0,200.0,10857.0,15070.0,1196.0,1198,208.0,1188,4569.0,1193,686.0,198.0
LGB,2026-04,1156.0,0.0,226.0,12498.0,14757.0,1156.0,1157,242.0,1154,4396.0,1154,591.0,183.0
LGB,2026-05,1184.0,1.0,220.0,11087.0,14438.0,1183.0,1184,251.0,1182,4574.0,1182,559.0,39.0
LGB,2026-06,1161.0,4.0,264.0,14874.0,14043.0,1157.0,1161,295.0,1155,4470.0,1155,776.0,110.0
LGB,2026-07,1196.0,8.0,242.0,12603.0,14257.0,1188.0,1196,246.0,1186,4674.0,1186,696.0,333.0
LIH,2025-08,1356.0,11.0,141.0,7919.0,13545.0,1345.0,1356,140.0,1344,7955.0,1348,466.0,2.0
LIH,2025-09,1228.0,6.0,104.0,6777.0,12530.0,1222.0,1229,126.0,1220,7867.0,1224,748.0,575.0
LIH,2025-10,1258.0,6.0,110.0,8750.0,12877.0,1252.0,1258,148.0,1254,7948.0,1255,534.0,15.0
LIH,2025-11,1236.0,25.0,138.0,7225.0,12303.0,1211.0,1236,152.0,1214,8001.0,1216,487.0,113.0
LIH,2025-12,1369.0,10.0,253.0,15507.0,15696.0,1359.0,1369,300.0,1357,10418.0,1364,2158.0,925.0
LIH,2026-01,1328.0,13.0,227.0,15570.0,15021.0,1315.0,1328,278.0,1314,10150.0,1318,1296.0,294.0
LIH,2026-02,1163.0,27.0,194.0,11295.0,12239.0,1136.0,1161,240.0,1139,7956.0,1141,1352.0,385.0
LIH,2026-03,1331.0,35.0,272.0,19068.0,14759.0,1296.0,1329,303.0,1289,10703.0,1299,1685.0,2272.0
LIH,2026-04,1292.0,6.0,199.0,10864.0,13646.0,1286.0,1291,273.0,1289,10069.0,1290,1975.0,423.0
LIH,2026-05,1372.0,21.0,224.0,14539.0,13678.0,1351.0,1372,219.0,1348,10610.0,1350,1749.0,309.0
LIH,2026-06,1396.0,12.0,159.0,8219.0,13864.0,1385.0,1397,206.0,1385,9749.0,1387,1042.0,0.0
LIH,2026-07,1485.0,8.0,207.0,11724.0,14846.0,1477.0,1485,247.0,1481,9492.0,1482,1736.0,87.0
LIT,2025-08,1119.0,12.0,235.0,17652.0,18021.0,1107.0,1118,256.0,1102,7406.0,1103,3012.0,1429.0
LIT,2025-09,1058.0,7.0,149.0,12569.0,15708.0,1051.0,1058,164.0,1051,6872.0,1051,2323.0,583.0
LIT,2025-10,1157.0,2.0,178.0,13877.0,18286.0,1155.0,1158,214.0,1152,7558.0,1153,1858.0,997.0
LIT,2025-11,1117.0,34.0,179.0,13915.0,17695.0,1083.0,1116,201.0,1083,7138.0,1083,1970.0,594.0
LIT,2025-12,1088.0,14.0,262.0,25463.0,17372.0,1074.0,1089,274.0,1072,7336.0,1074,2685.0,3525.0
LIT,2026-01,1004.0,79.0,114.0,9494.0,14349.0,925.0,1004,153.0,925,5946.0,927,1510.0,687.0
LIT,2026-02,907.0,8.0,125.0,14191.0,13587.0,899.0,908,140.0,896,5816.0,897,1446.0,1699.0
LIT,2026-03,1105.0,26.0,242.0,20492.0,16684.0,1079.0,1105,259.0,1080,7586.0,1083,3430.0,2934.0
LIT,2026-04,1131.0,9.0,201.0,18070.0,18040.0,1122.0,1131,215.0,1122,7378.0,1122,1687.0,662.0
LIT,2026-05,1215.0,12.0,244.0,20903.0,19404.0,1203.0,1217,287.0,1206,8714.0,1207,3424.0,1171.0
LIT,2026-06,1270.0,19.0,298.0,26605.0,19132.0,1251.0,1268,317.0,1248,9333.0,1250,4057.0,1947.0
LIT,2026-07,1253.0,15.0,266.0,21277.0,18842.0,1238.0,1254,308.0,1236,8129.0,1237,3033.0,2432.0
LNK,2025-08,272.0,4.0,70.0,6034.0,5415.0,268.0,272,85.0,269,1737.0,269,1981.0,1930.0
LNK,2025-09,262.0,0.0,32.0,2538.0,5790.0,262.0,262,49.0,260,1400.0,261,610.0,120.0
LNK,2025-10,272.0,0.0,44.0,2738.0,5740.0,272.0,272,67.0,272,1532.0,272,600.0,113.0
LNK,2025-11,264.0,16.0,42.0,4104.0,5866.0,248.0,264,62.0,249,1352.0,249,1841.0,715.0
LNK,2025-12,244.0,3.0,72.0,10890.0,5933.0,241.0,244,95.0,239,1500.0,241,2216.0,1408.0
LNK,2026-01,242.0,3.0,52.0,6418.0,5916.0,239.0,242,86.0,240,1509.0,240,946.0,588.0
LNK,2026-02,221.0,1.0,42.0,5804.0,5062.0,220.0,221,61.0,216,1344.0,220,738.0,0.0
LNK,2026-03,251.0,16.0,66.0,9070.0,5021.0,235.0,251,85.0,237,1332.0,237,1449.0,498.0
LNK,2026-04,270.0,9.0,61.0,8190.0,5139.0,261.0,270,91.0,254,1456.0,259,1812.0,586.0
LNK,2026-05,283.0,3.0,49.0,4731.0,5779.0,280.0,283,74.0,277,1545.0,281,1379.0,2113.0
LNK,2026-06,344.0,5.0,57.0,4354.0,6628.0,339.0,346,99.0,334,1708.0,337,1365.0,924.0
LNK,2026-07,365.0,8.0,62.0,7088.0,7461.0,357.0,365,107.0,351,1840.0,356,1381.0,432.0
LNS,2026-06,47.0,2.0,10.0,986.0,740.0,45.0,48,15.0,42,234.0,44,107.0,0.0
LNS,2026-07,54.0,3.0,12.0,1181.0,1048.0,51.0,54,19.0,50,277.0,50,149.0,1077.0
LRD,2025-08,138.0,4.0,30.0,2525.0,2059.0,134.0,138,33.0,134,578.0,134,250.0,63.0
LRD,2025-09,129.0,2.0,19.0,1961.0,1819.0,127.0,129,24.0,126,579.0,127,481.0,60.0
LRD,2025-10,132.0,1.0,16.0,1366.0,1923.0,131.0,132,25.0,131,592.0,131,355.0,238.0
LRD,2025-11,129.0,10.0,20.0,2287.0,2100.0,119.0,129,18.0,119,524.0,119,231.0,6.0
LRD,2025-12,143.0,0.0,18.0,1448.0,2083.0,143.0,143,21.0,143,693.0,143,155.0,69.0
LRD,2026-01,131.0,9.0,13.0,673.0,1617.0,122.0,131,13.0,120,523.0,120,143.0,62.0
LRD,2026-02,108.0,0.0,9.0,1610.0,1443.0,108.0,108,11.0,108,463.0,108,86.0,2.0
LRD,2026-03,133.0,4.0,15.0,1586.0,1744.0,129.0,133,15.0,129,554.0,129,166.0,68.0
LRD,2026-04,148.0,0.0,31.0,2196.0,1964.0,148.0,148,25.0,148,644.0,148,209.0,308.0
LRD,2026-05,162.0,7.0,26.0,2738.0,2085.0,155.0,162,27.0,153,648.0,155,227.0,148.0
LRD,2026-06,158.0,12.0,23.0,2300.0,1979.0,146.0,158,29.0,146,593.0,146,447.0,244.0
LRD,2026-07,141.0,2.0,20.0,2174.0,1938.0,139.0,141,18.0,140,598.0,140,226.0,65.0
LSE,2025-08,83.0,2.0,18.0,886.0,809.0,81.0,83,19.0,81,273.0,81,227.0,370.0
LSE,2025-09,83.0,0.0,11.0,553.0,877.0,83.0,83,16.0,83,277.0,83,169.0,81.0
LSE,2025-10,90.0,2.0,14.0,862.0,990.0,88.0,90,19.0,88,315.0,89,159.0,0.0
LSE,2025-11,89.0,11.0,10.0,843.0,1071.0,78.0,89,10.0,77,316.0,77,93.0,34.0
LSE,2025-12,88.0,5.0,23.0,2258.0,1392.0,83.0,88,38.0,83,314.0,83,537.0,469.0
LSE,2026-01,83.0,3.0,14.0,1394.0,1357.0,80.0,83,27.0,81,355.0,81,403.0,213.0
LSE,2026-02,87.0,0.0,18.0,1428.0,1168.0,87.0,87,18.0,87,368.0,87,276.0,84.0
LSE,2026-03,99.0,12.0,18.0,1823.0,1000.0,87.0,99,18.0,87,356.0,87,239.0,66.0
LSE,2026-04,97.0,6.0,20.0,1660.0,1043.0,91.0,97,19.0,91,387.0,91,315.0,59.0
LSE,2026-05,106.0,1.0,16.0,1166.0,1089.0,105.0,106,17.0,105,420.0,105,162.0,0.0
LSE,2026-06,107.0,3.0,23.0,1984.0,1119.0,104.0,107,20.0,102,436.0,103,149.0,145.0
LSE,2026-07,111.0,4.0,28.0,2813.0,1171.0,107.0,111,31.0,107,480.0,108,270.0,279.0
LWB,2026-02,25.0,3.0,6.0,1268.0,576.0,22.0,26,7.0,22,152.0,22,47.0,982.0
LWB,2026-03,45.0,4.0,10.0,2195.0,887.0,41.0,45,18.0,43,203.0,43,66.0,907.0
LWB,2026-04,57.0,1.0,8.0,2112.0,1127.0,56.0,57,13.0,57,244.0,57,69.0,100.0
LWB,2026-05,62.0,0.0,10.0,1169.0,1176.0,62.0,62,12.0,62,263.0,62,23.0,1199.0
LWB,2026-06,60.0,3.0,17.0,4501.0,1197.0,57.0,60,20.0,56,265.0,57,523.0,1186.0
LWB,2026-07,62.0,4.0,17.0,1760.0,1269.0,58.0,62,16.0,59,277.0,59,14.0,941.0
LWS,2025-08,61.0,0.0,5.0,224.0,810.0,61.0,61,7.0,61,261.0,61,3.0,15.0
LWS,2025-09,60.0,0.0,1.0,317.0,818.0,60.0,60,1.0,60,270.0,60,0.0,0.0
LWS,2025-10,62.0,0.0,3.0,252.0,1032.0,62.0,62,2.0,62,251.0,62,0.0,0.0
LWS,2025-11,60.0,0.0,5.0,220.0,1013.0,60.0,60,2.0,60,280.0,60,0.0,0.0
LWS,2025-12,62.0,0.0,9.0,1802.0,1152.0,62.0,62,5.0,61,273.0,62,15.0,789.0
LWS,2026-01,62.0,1.0,7.0,492.0,1159.0,61.0,62,5.0,61,278.0,61,0.0,268.0
LWS,2026-02,56.0,0.0,5.0,799.0,1132.0,56.0,56,5.0,56,246.0,56,0.0,0.0
LWS,2026-03,62.0,0.0,5.0,640.0,815.0,62.0,62,8.0,62,255.0,62,34.0,14.0
LWS,2026-04,60.0,0.0,3.0,356.0,789.0,60.0,60,8.0,60,268.0,60,33.0,42.0
LWS,2026-05,62.0,0.0,1.0,86.0,896.0,62.0,62,4.0,62,295.0,62,0.0,0.0
LWS,2026-06,60.0,0.0,7.0,702.0,1242.0,60.0,60,3.0,60,303.0,60,2.0,0.0
LWS,2026-07,62.0,0.0,4.0,272.0,1238.0,62.0,62,6.0,62,281.0,62,21.0,174.0
LYH,2026-03,16.0,0.0,5.0,1596.0,236.0,16.0,16,4.0,16,112.0,16,44.0,0.0
LYH,2026-04,60.0,1.0,14.0,1897.0,825.0,59.0,60,19.0,59,389.0,59,259.0,261.0
LYH,2026-05,62.0,1.0,17.0,3277.0,1030.0,61.0,62,16.0,61,386.0,61,79.0,253.0
LYH,2026-06,60.0,1.0,17.0,2808.0,951.0,59.0,60,16.0,59,369.0,60,347.0,501.0
LYH,2026-07,62.0,2.0,20.0,3329.0,979.0,60.0,62,20.0,61,314.0,61,415.0,0.0
MAF,2025-08,916.0,9.0,171.0,16755.0,14097.0,907.0,916,222.0,905,4561.0,905,1742.0,2907.0
MAF,2025-09,860.0,2.0,96.0,7331.0,13375.0,858.0,859,133.0,857,3590.0,858,1157.0,577.0
MAF,2025-10,854.0,3.0,145.0,11632.0,13652.0,851.0,854,167.0,849,3755.0,852,1630.0,1878.0
MAF,2025-11,807.0,24.0,107.0,9574.0,12044.0,784.0,807,127.0,786,3318.0,788,1228.0,386.0
MAF,2025-12,763.0,4.0,89.0,7739.0,10963.0,759.0,761,130.0,755,2982.0,758,840.0,310.0
MAF,2026-01,682.0,38.0,68.0,8149.0,9583.0,644.0,683,88.0,643,2985.0,644,373.0,314.0
MAF,2026-02,645.0,6.0,52.0,4262.0,8695.0,639.0,644,77.0,640,2601.0,640,159.0,159.0
MAF,2026-03,736.0,15.0,107.0,11142.0,10843.0,721.0,736,142.0,721,3106.0,722,755.0,448.0
MAF,2026-04,730.0,5.0,104.0,8407.0,10926.0,725.0,730,142.0,727,3139.0,727,859.0,677.0
MAF,2026-05,747.0,13.0,143.0,14835.0,11226.0,734.0,748,186.0,741,4001.0,741,1653.0,1461.0
MAF,2026-06,751.0,20.0,156.0,13084.0,10875.0,731.0,752,230.0,735,3399.0,735,1331.0,1209.0
MAF,2026-07,756.0,3.0,156.0,14165.0,11262.0,753.0,755,203.0,741,3728.0,747,1557.0,570.0
MBS,2025-08,211.0,3.0,34.0,3723.0,3351.0,208.0,211,48.0,209,866.0,210,448.0,326.0
MBS,2025-09,206.0,2.0,28.0,3172.0,3377.0,204.0,206,31.0,205,847.0,205,101.0,106.0
MBS,2025-10,211.0,0.0,33.0,3320.0,3566.0,211.0,211,31.0,211,902.0,211,313.0,0.0
MBS,2025-11,200.0,10.0,32.0,5501.0,4188.0,190.0,200,44.0,188,779.0,189,987.0,1098.0
MBS,2025-12,146.0,8.0,56.0,8598.0,4171.0,138.0,146,57.0,137,658.0,138,902.0,913.0
MBS,2026-01,175.0,1.0,54.0,7127.0,5491.0,174.0,175,72.0,172,797.0,172,944.0,900.0
MBS,2026-02,167.0,4.0,31.0,3285.0,4421.0,163.0,167,57.0,163,716.0,163,620.0,731.0
MBS,2026-03,114.0,8.0,44.0,5569.0,2586.0,106.0,113,46.0,104,470.0,104,1026.0,285.0
MBS,2026-04,124.0,3.0,38.0,4057.0,2210.0,121.0,124,52.0,122,542.0,122,557.0,168.0
MBS,2026-05,161.0,0.0,29.0,3344.0,2621.0,161.0,162,35.0,161,703.0,161,304.0,658.0
MBS,2026-06,167.0,2.0,26.0,2512.0,2742.0,165.0,167,37.0,165,735.0,165,256.0,402.0
MBS,2026-07,179.0,1.0,36.0,4522.0,2985.0,178.0,179,50.0,176,778.0,176,408.0,442.0
MCI,2025-08,4113.0,38.0,763.0,55239.0,64637.0,4075.0,4111,956.0,4075,29911.0,4080,6302.0,3186.0
MCI,2025-09,3928.0,13.0,640.0,44095.0,62767.0,3915.0,3927,695.0,3900,27627.0,3913,6294.0,956.0
MCI,2025-10,4214.0,14.0,746.0,50995.0,65856.0,4200.0,4215,870.0,4196,29462.0,4199,5936.0,875.0
MCI,2025-11,3956.0,72.0,718.0,56383.0,64220.0,3884.0,3956,806.0,3887,27304.0,3889,6960.0,1204.0
MCI,2025-12,3969.0,54.0,1030.0,88299.0,68645.0,3915.0,3971,1107.0,3903,27841.0,3919,10140.0,3320.0
MCI,2026-01,3508.0,119.0,535.0,47834.0,52928.0,3389.0,3509,652.0,3392,20231.0,3393,5716.0,3583.0
MCI,2026-02,3503.0,52.0,622.0,45964.0,48089.0,3451.0,3506,650.0,3457,20028.0,3458,4197.0,2133.0
MCI,2026-03,4227.0,144.0,975.0,77344.0,57691.0,4083.0,4230,1130.0,4071,26058.0,4088,11576.0,2529.0
MCI,2026-04,4184.0,41.0,806.0,59149.0,55880.0,4144.0,4182,874.0,4135,23936.0,4143,8211.0,2138.0
MCI,2026-05,4354.0,48.0,1007.0,68610.0,64715.0,4306.0,4354,1025.0,4282,29354.0,4303,8036.0,3594.0
MCI,2026-06,4581.0,57.0,1197.0,87276.0,63428.0,4524.0,4582,1340.0,4512,26802.0,4520,10446.0,4407.0
MCI,2026-07,4761.0,82.0,1165.0,85701.0,64923.0,4679.0,4762,1325.0,4677,27573.0,4679,9346.0,5559.0
MCO,2025-08,12746.0,101.0,3976.0,340080.0,270840.0,12645.0,12746,3800.0,12493,148127.0,12638,104718.0,9153.0
MCO,2025-09,11256.0,25.0,1755.0,118239.0,207993.0,11231.0,11258,1706.0,11220,108896.0,11234,24537.0,3037.0
MCO,2025-10,13245.0,73.0,2970.0,223904.0,271842.0,13172.0,13244,2846.0,13124,135643.0,13166,62015.0,4623.0
MCO,2025-11,13206.0,253.0,2741.0,211164.0,256792.0,12953.0,13198,2676.0,12922,133501.0,12934,51195.0,3633.0
MCO,2025-12,14287.0,194.0,4235.0,304346.0,260244.0,14093.0,14279,4057.0,14068,157082.0,14091,80010.0,9150.0
MCO,2026-01,13786.0,534.0,3363.0,235129.0,265621.0,13252.0,13795,3155.0,13225,148987.0,13247,46397.0,8164.0
MCO,2026-02,13339.0,348.0,3396.0,241547.0,262543.0,12991.0,13336,2895.0,12958,144799.0,12998,56021.0,5343.0
MCO,2026-03,15497.0,613.0,4794.0,360857.0,304368.0,14884.0,15493,4319.0,14806,169628.0,14870,77831.0,8069.0
MCO,2026-04,14604.0,57.0,3281.0,212671.0,283774.0,14547.0,14619,3012.0,14535,157720.0,14544,33841.0,2392.0
MCO,2026-05,12958.0,91.0,3162.0,205423.0,234743.0,12867.0,12953,2740.0,12841,135277.0,12875,35131.0,4677.0
MCO,2026-06,12541.0,126.0,3603.0,286506.0,223363.0,12415.0,12538,3210.0,12280,138195.0,12397,46666.0,8044.0
MCO,2026-07,13136.0,317.0,4471.0,370937.0,250608.0,12821.0,13137,4175.0,12654,140618.0,12773,65496.0,16840.0
MCW,2025-08,53.0,3.0,15.0,1625.0,756.0,50.0,53,14.0,50,267.0,50,49.0,66.0
MCW,2025-09,51.0,0.0,10.0,1877.0,630.0,51.0,51,11.0,49,283.0,51,59.0,74.0
MCW,2025-10,54.0,0.0,14.0,863.0,841.0,54.0,54,13.0,53,295.0,54,51.0,46.0
MCW,2025-11,50.0,3.0,8.0,682.0,890.0,47.0,50,10.0,45,251.0,45,53.0,72.0
MCW,2025-12,55.0,14.0,11.0,2511.0,707.0,41.0,56,12.0,42,252.0,42,224.0,118.0
MCW,2026-01,53.0,4.0,16.0,1699.0,697.0,49.0,53,18.0,50,285.0,50,110.0,579.0
MCW,2026-02,48.0,0.0,9.0,1148.0,762.0,48.0,48,11.0,47,270.0,48,208.0,0.0
MCW,2026-03,53.0,7.0,11.0,1451.0,637.0,46.0,53,11.0,45,247.0,46,247.0,163.0
MCW,2026-04,52.0,6.0,7.0,780.0,629.0,46.0,52,15.0,47,264.0,48,235.0,113.0
MCW,2026-05,53.0,2.0,13.0,1748.0,741.0,51.0,53,20.0,52,336.0,52,199.0,17.0
MCW,2026-06,51.0,4.0,10.0,972.0,751.0,47.0,51,14.0,48,258.0,48,52.0,187.0
MCW,2026-07,54.0,3.0,9.0,1673.0,863.0,51.0,54,15.0,52,277.0,53,203.0,42.0
MDT,2025-08,410.0,10.0,79.0,7865.0,5477.0,400.0,410,90.0,400,2307.0,400,638.0,1487.0
MDT,2025-09,357.0,0.0,58.0,5288.0,4930.0,357.0,357,65.0,357,2109.0,357,420.0,307.0
MDT,2025-10,475.0,0.0,86.0,7193.0,6825.0,475.0,477,93.0,477,3010.0,477,1437.0,351.0
MDT,2025-11,473.0,11.0,77.0,5947.0,7105.0,462.0,472,96.0,458,3017.0,459,1261.0,657.0
MDT,2025-12,443.0,10.0,138.0,13994.0,8674.0,433.0,442,140.0,433,3033.0,433,1917.0,1711.0
MDT,2026-01,485.0,35.0,95.0,9524.0,8513.0,450.0,485,125.0,450,3255.0,450,1603.0,1197.0
MDT,2026-02,454.0,11.0,99.0,8611.0,7431.0,443.0,452,108.0,443,2850.0,443,1036.0,443.0
MDT,2026-03,474.0,18.0,137.0,16097.0,7106.0,456.0,475,136.0,457,2735.0,458,1978.0,3400.0
MDT,2026-04,537.0,9.0,110.0,13380.0,7537.0,528.0,537,127.0,523,3061.0,524,1396.0,335.0
MDT,2026-05,560.0,11.0,90.0,8642.0,8264.0,549.0,563,113.0,554,3444.0,554,1421.0,343.0
MDT,2026-06,528.0,7.0,104.0,11941.0,7739.0,521.0,526,147.0,514,3513.0,514,1949.0,898.0
MDT,2026-07,571.0,19.0,151.0,17374.0,8287.0,552.0,571,186.0,552,3721.0,554,3001.0,1172.0
MDW,2025-08,6731.0,50.0,1742.0,108000.0,98296.0,6681.0,6734,1372.0,6637,33612.0,6677,21120.0,5090.0
MDW,2025-09,6459.0,4.0,1172.0,62843.0,96164.0,6455.0,6462,919.0,6447,29845.0,6450,8181.0,2240.0
MDW,2025-10,6536.0,11.0,1437.0,74433.0,93940.0,6525.0,6534,1191.0,6521,29452.0,6522,5966.0,981.0
MDW,2025-11,5620.0,279.0,1101.0,69191.0,87225.0,5341.0,5622,988.0,5321,26694.0,5340,11251.0,696.0
MDW,2025-12,5738.0,26.0,1822.0,105925.0,100751.0,5712.0,5736,1541.0,5688,31209.0,5704,16088.0,2251.0
MDW,2026-01,4848.0,104.0,878.0,49070.0,83110.0,4745.0,4854,809.0,4732,24759.0,4747,6898.0,1568.0
MDW,2026-02,4537.0,41.0,954.0,49278.0,71909.0,4496.0,4537,800.0,4461,20549.0,4488,6266.0,1331.0
MDW,2026-03,6508.0,253.0,2355.0,152396.0,96819.0,6255.0,6513,1844.0,6183,29872.0,6245,27061.0,7015.0
MDW,2026-04,6282.0,74.0,1413.0,80856.0,92965.0,6209.0,6281,1252.0,6170,27351.0,6213,13254.0,2162.0
MDW,2026-05,6269.0,22.0,1968.0,108939.0,87820.0,6247.0,6266,1594.0,6214,27053.0,6233,10967.0,1999.0
MDW,2026-06,6937.0,106.0,2708.0,164896.0,102294.0,6831.0,6938,2003.0,6779,33877.0,6820,22651.0,4171.0
MDW,2026-07,7279.0,169.0,2937.0,177934.0,105243.0,7110.0,7279,2068.0,7046,35901.0,7090,24599.0,4765.0
MEI,2025-08,53.0,0.0,12.0,1391.0,726.0,53.0,53,16.0,52,210.0,53,123.0,278.0
MEI,2025-09,51.0,0.0,6.0,312.0,659.0,51.0,51,5.0,51,238.0,51,0.0,0.0
MEI,2025-10,54.0,0.0,2.0,109.0,840.0,54.0,54,5.0,54,238.0,54,7.0,0.0
MEI,2025-11,50.0,0.0,8.0,589.0,958.0,50.0,50,13.0,48,235.0,50,354.0,26.0
MEI,2025-12,55.0,0.0,8.0,453.0,825.0,55.0,55,8.0,55,271.0,55,20.0,0.0
MEI,2026-01,53.0,3.0,6.0,1173.0,811.0,50.0,53,13.0,50,233.0,50,49.0,29.0
MEI,2026-02,48.0,0.0,4.0,305.0,702.0,48.0,48,14.0,48,224.0,48,52.0,56.0
MEI,2026-03,53.0,3.0,5.0,684.0,645.0,50.0,53,11.0,51,246.0,51,63.0,236.0
MEI,2026-04,52.0,0.0,4.0,178.0,788.0,52.0,52,11.0,52,241.0,52,76.0,0.0
MEI,2026-05,53.0,0.0,13.0,1606.0,956.0,53.0,53,20.0,53,258.0,53,66.0,0.0
MEI,2026-06,51.0,1.0,5.0,299.0,695.0,50.0,51,19.0,50,267.0,50,96.0,106.0
MEI,2026-07,54.0,0.0,13.0,1584.0,654.0,54.0,54,19.0,53,264.0,54,114.0,0.0
MEM,2025-08,2191.0,34.0,385.0,35740.0,32492.0,2157.0,2191,532.0,2156,13214.0,2159,5432.0,2492.0
MEM,2025-09,2059.0,4.0,248.0,18606.0,30289.0,2055.0,2058,306.0,2047,12084.0,2050,3189.0,1155.0
MEM,2025-10,2283.0,11.0,370.0,26909.0,34764.0,2272.0,2284,487.0,2269,14371.0,2272,3997.0,1187.0
MEM,2025-11,1991.0,39.0,382.0,29663.0,29238.0,1952.0,1988,422.0,1939,11698.0,1940,3899.0,956.0
MEM,2025-12,1956.0,29.0,458.0,38920.0,28707.0,1927.0,1954,563.0,1927,11364.0,1929,5629.0,2850.0
MEM,2026-01,1727.0,164.0,292.0,32754.0,25359.0,1563.0,1727,373.0,1561,11377.0,1563,3931.0,2173.0
MEM,2026-02,1609.0,28.0,234.0,18833.0,23431.0,1581.0,1609,349.0,1580,9199.0,1581,2510.0,461.0
MEM,2026-03,2053.0,74.0,493.0,48415.0,27719.0,1979.0,2056,592.0,1986,12280.0,1990,6558.0,3289.0
MEM,2026-04,2146.0,21.0,394.0,33861.0,29731.0,2125.0,2146,487.0,2117,12555.0,2123,5723.0,1781.0
MEM,2026-05,2228.0,24.0,488.0,41808.0,31806.0,2204.0,2227,524.0,2195,13911.0,2198,4630.0,2133.0
MEM,2026-06,2221.0,52.0,511.0,47568.0,31196.0,2171.0,2221,624.0,2170,15007.0,2171,6960.0,3084.0
MEM,2026-07,2259.0,68.0,589.0,45009.0,32053.0,2191.0,2259,712.0,2182,14261.0,2187,7739.0,4044.0
MFE,2025-08,365.0,7.0,71.0,7878.0,5108.0,358.0,366,82.0,358,1695.0,359,790.0,1431.0
MFE,2025-09,345.0,5.0,56.0,5327.0,4995.0,340.0,346,70.0,341,1627.0,342,408.0,187.0
MFE,2025-10,391.0,2.0,56.0,4140.0,5875.0,389.0,391,69.0,389,1911.0,389,529.0,375.0
MFE,2025-11,414.0,7.0,67.0,6330.0,6484.0,407.0,414,87.0,407,1844.0,407,651.0,212.0
MFE,2025-12,387.0,1.0,73.0,9922.0,5597.0,386.0,386,106.0,385,1663.0,385,1431.0,32.0
MFE,2026-01,397.0,27.0,52.0,5593.0,5070.0,370.0,398,79.0,372,1604.0,372,472.0,1661.0
MFE,2026-02,338.0,1.0,40.0,8097.0,4571.0,337.0,337,61.0,336,1626.0,336,237.0,307.0
MFE,2026-03,399.0,6.0,76.0,12516.0,5898.0,393.0,399,89.0,392,1739.0,393,243.0,522.0
MFE,2026-04,397.0,4.0,101.0,9175.0,6078.0,393.0,397,112.0,393,1978.0,394,754.0,1232.0
MFE,2026-05,422.0,10.0,91.0,11078.0,5936.0,412.0,422,119.0,409,1971.0,412,931.0,1191.0
MFE,2026-06,436.0,12.0,80.0,10385.0,5708.0,424.0,437,118.0,426,2049.0,426,666.0,942.0
MFE,2026-07,445.0,3.0,81.0,11229.0,6263.0,442.0,445,110.0,442,2053.0,442,636.0,152.0
MFR,2025-08,390.0,0.0,36.0,4501.0,6091.0,390.0,390,53.0,390,2227.0,390,431.0,27.0
MFR,2025-09,369.0,0.0,37.0,2760.0,6342.0,369.0,369,24.0,369,2073.0,369,235.0,112.0
MFR,2025-10,424.0,1.0,64.0,5757.0,7323.0,423.0,424,60.0,422,2273.0,424,765.0,119.0
MFR,2025-11,419.0,9.0,64.0,5151.0,7789.0,410.0,420,66.0,408,1848.0,411,754.0,676.0
MFR,2025-12,407.0,4.0,76.0,8092.0,8286.0,403.0,407,75.0,395,1807.0,403,543.0,1378.0
MFR,2026-01,425.0,15.0,78.0,10040.0,8732.0,410.0,424,74.0,397,1942.0,408,1278.0,4090.0
MFR,2026-02,379.0,2.0,45.0,4590.0,7279.0,377.0,379,51.0,378,1628.0,379,290.0,298.0
MFR,2026-03,452.0,5.0,56.0,5563.0,7305.0,447.0,454,72.0,451,2016.0,451,447.0,690.0
MFR,2026-04,472.0,1.0,70.0,6198.0,8299.0,471.0,472,57.0,469,2071.0,469,410.0,192.0
MFR,2026-05,530.0,3.0,86.0,6049.0,8600.0,527.0,531,115.0,528,3141.0,528,1184.0,232.0
MFR,2026-06,522.0,0.0,95.0,8850.0,8870.0,522.0,521,121.0,521,3199.0,521,1581.0,319.0
MFR,2026-07,519.0,4.0,108.0,9746.0,8892.0,515.0,519,95.0,511,3048.0,514,918.0,531.0
MGM,2025-08,169.0,4.0,48.0,8163.0,2714.0,165.0,169,55.0,167,805.0,167,603.0,651.0
MGM,2025-09,176.0,2.0,21.0,1833.0,3008.0,174.0,176,24.0,174,841.0,175,550.0,212.0
MGM,2025-10,181.0,1.0,28.0,2865.0,3605.0,180.0,181,26.0,180,874.0,180,173.0,93.0
MGM,2025-11,126.0,6.0,30.0,4433.0,2408.0,120.0,125,34.0,120,702.0,120,223.0,179.0
MGM,2025-12,106.0,5.0,45.0,7141.0,1630.0,101.0,106,45.0,102,455.0,102,169.0,0.0
MGM,2026-01,109.0,15.0,22.0,5986.0,1669.0,94.0,109,27.0,96,441.0,96,336.0,493.0
MGM,2026-02,103.0,3.0,31.0,4142.0,1884.0,100.0,103,34.0,100,497.0,100,276.0,3.0
MGM,2026-03,110.0,14.0,32.0,4784.0,1727.0,96.0,110,29.0,98,434.0,98,546.0,34.0
MGM,2026-04,160.0,1.0,38.0,5238.0,2764.0,159.0,160,32.0,159,695.0,159,389.0,104.0
MGM,2026-05,178.0,3.0,70.0,8183.0,3332.0,175.0,178,52.0,175,786.0,175,489.0,852.0
MGM,2026-06,176.0,13.0,54.0,7929.0,2803.0,163.0,176,45.0,162,881.0,164,518.0,218.0
MGM,2026-07,178.0,9.0,72.0,9367.0,2790.0,169.0,178,57.0,168,871.0,170,777.0,777.0
MGW,2025-08,62.0,0.0,12.0,1426.0,918.0,62.0,62,18.0,62,345.0,62,15.0,70.0
MGW,2025-09,60.0,0.0,13.0,3093.0,1054.0,60.0,60,17.0,58,268.0,60,50.0,0.0
MGW,2025-10,62.0,0.0,17.0,2305.0,1188.0,62.0,62,20.0,62,262.0,62,241.0,188.0
MGW,2025-11,59.0,1.0,14.0,2743.0,1155.0,58.0,59,12.0,54,233.0,55,623.0,407.0
MGW,2025-12,60.0,9.0,15.0,5236.0,1475.0,51.0,60,17.0,49,236.0,50,175.0,994.0
MGW,2026-01,61.0,16.0,17.0,2160.0,1092.0,45.0,61,15.0,41,186.0,43,701.0,129.0
MGW,2026-02,56.0,1.0,10.0,1008.0,1381.0,55.0,56,12.0,56,253.0,56,162.0,764.0
MGW,2026-03,62.0,5.0,13.0,3168.0,1096.0,57.0,62,20.0,57,267.0,58,205.0,62.0
MGW,2026-04,52.0,2.0,8.0,835.0,937.0,50.0,52,11.0,51,209.0,51,324.0,0.0
MGW,2026-05,53.0,3.0,11.0,3941.0,843.0,50.0,53,10.0,44,225.0,49,13.0,180.0
MGW,2026-06,51.0,3.0,14.0,2409.0,879.0,48.0,51,20.0,50,250.0,51,62.0,912.0
MGW,2026-07,54.0,3.0,13.0,3057.0,982.0,51.0,54,12.0,50,244.0,50,271.0,1049.0
MHK,2025-08,131.0,5.0,23.0,2390.0,1799.0,126.0,131,33.0,125,628.0,125,120.0,550.0
MHK,2025-09,120.0,2.0,13.0,1709.0,1600.0,118.0,120,24.0,118,502.0,118,326.0,229.0
MHK,2025-10,148.0,0.0,35.0,2761.0,2183.0,148.0,148,54.0,147,656.0,147,479.0,253.0
MHK,2025-11,146.0,8.0,15.0,848.0,2234.0,138.0,146,28.0,137,566.0,137,337.0,212.0
MHK,2025-12,151.0,2.0,36.0,4923.0,2354.0,149.0,151,40.0,146,731.0,149,476.0,1545.0
MHK,2026-01,129.0,8.0,18.0,3096.0,2032.0,121.0,129,25.0,121,530.0,121,312.0,3309.0
MHK,2026-02,129.0,1.0,16.0,1548.0,1904.0,128.0,129,20.0,128,527.0,128,71.0,209.0
MHK,2026-03,155.0,4.0,23.0,1596.0,2274.0,151.0,155,29.0,150,593.0,150,310.0,577.0
MHK,2026-04,150.0,5.0,25.0,1549.0,1884.0,145.0,150,32.0,144,659.0,145,365.0,283.0
MHK,2026-05,155.0,5.0,20.0,1297.0,1858.0,150.0,155,30.0,150,663.0,150,423.0,154.0
MHK,2026-06,124.0,4.0,30.0,3212.0,1655.0,120.0,123,33.0,119,455.0,119,656.0,192.0
MHK,2026-07,123.0,2.0,18.0,1647.0,1826.0,121.0,123,16.0,120,455.0,121,105.0,454.0
MHT,2025-08,573.0,13.0,92.0,8031.0,7873.0,560.0,573,131.0,564,2574.0,564,999.0,200.0
MHT,2025-09,535.0,3.0,56.0,5386.0,7099.0,532.0,534,72.0,531,2320.0,531,306.0,321.0
MHT,2025-10,531.0,1.0,99.0,4879.0,6855.0,530.0,532,110.0,532,2208.0,532,576.0,39.0
MHT,2025-11,451.0,8.0,57.0,6402.0,6563.0,443.0,450,88.0,439,1768.0,440,284.0,0.0
MHT,2025-12,469.0,12.0,96.0,7754.0,8129.0,457.0,469,134.0,454,1843.0,456,841.0,125.0
MHT,2026-01,411.0,31.0,72.0,6563.0,6889.0,380.0,411,85.0,380,1600.0,381,561.0,130.0
MHT,2026-02,394.0,14.0,90.0,7189.0,6551.0,380.0,394,110.0,379,1641.0,379,687.0,257.0
MHT,2026-03,429.0,12.0,81.0,7788.0,6542.0,417.0,428,113.0,410,1630.0,410,548.0,408.0
MHT,2026-04,553.0,3.0,85.0,5361.0,7876.0,550.0,555,97.0,552,2205.0,552,484.0,73.0
MHT,2026-05,582.0,5.0,94.0,7290.0,7941.0,577.0,581,117.0,575,2602.0,577,754.0,913.0
MHT,2026-06,537.0,17.0,102.0,10997.0,7495.0,520.0,536,115.0,522,2253.0,522,691.0,677.0
MHT,2026-07,529.0,20.0,131.0,14762.0,8003.0,509.0,529,136.0,505,2673.0,506,1132.0,1026.0
MIA,2025-08,8731.0,75.0,2722.0,220299.0,183870.0,8657.0,8725,2411.0,8619,81131.0,8657,38616.0,11232.0
MIA,2025-09,7573.0,27.0,1684.0,124481.0,150419.0,7546.0,7564,1381.0,7487,70528.0,7532,23551.0,3107.0
MIA,2025-10,8457.0,31.0,1738.0,130969.0,160535.0,8426.0,8467,1638.0,8431,68238.0,8434,20193.0,3237.0
MIA,2025-11,9270.0,181.0,2054.0,145984.0,186199.0,9090.0,9272,1923.0,9078,81276.0,9089,33967.0,4381.0
MIA,2025-12,10099.0,116.0,2558.0,179412.0,213321.0,9987.0,10122,2464.0,9997,102908.0,10003,35700.0,6280.0
MIA,2026-01,10439.0,523.0,2603.0,205300.0,208922.0,9917.0,10435,2313.0,9894,115333.0,9917,36537.0,21479.0
MIA,2026-02,9304.0,162.0,2067.0,145324.0,212000.0,9142.0,9304,1813.0,9105,99168.0,9118,21578.0,4624.0
MIA,2026-03,10460.0,310.0,3194.0,257577.0,248700.0,10151.0,10448,2605.0,10117,109117.0,10140,48216.0,9907.0
MIA,2026-04,9556.0,29.0,2216.0,152871.0,210132.0,9527.0,9552,1766.0,9489,88152.0,9517,24348.0,2689.0
MIA,2026-05,9296.0,42.0,2240.0,160952.0,193948.0,9254.0,9299,1887.0,9236,84705.0,9254,19963.0,5325.0
MIA,2026-06,8797.0,69.0,2215.0,167477.0,178044.0,8728.0,8797,1927.0,8692,81053.0,8724,17934.0,9105.0
MIA,2026-07,9204.0,191.0,3168.0,274124.0,202962.0,9013.0,9203,2639.0,8963,89022.0,9008,36406.0,12644.0
MKE,2025-08,2498.0,35.0,522.0,45373.0,36062.0,2463.0,2500,611.0,2442,14633.0,2457,5526.0,3793.0
MKE,2025-09,2315.0,13.0,354.0,26088.0,34470.0,2302.0,2313,399.0,2299,13536.0,2300,4077.0,1836.0
MKE,2025-10,2564.0,8.0,474.0,40593.0,38699.0,2556.0,2564,522.0,2558,14378.0,2558,4619.0,1689.0
MKE,2025-11,2230.0,95.0,388.0,33140.0,37905.0,2135.0,2227,454.0,2124,11738.0,2125,5731.0,2746.0
MKE,2025-12,2273.0,43.0,597.0,58067.0,45089.0,2230.0,2276,705.0,2232,13959.0,2234,7956.0,6835.0
MKE,2026-01,2077.0,77.0,442.0,39871.0,46098.0,2000.0,2078,538.0,2002,13190.0,2003,6865.0,5123.0
MKE,2026-02,2033.0,27.0,343.0,29426.0,37911.0,2006.0,2036,487.0,2009,11416.0,2010,3910.0,2642.0
MKE,2026-03,2626.0,164.0,639.0,65351.0,41186.0,2462.0,2624,734.0,2454,14929.0,2464,7877.0,5219.0
MKE,2026-04,2588.0,57.0,442.0,42175.0,39094.0,2531.0,2589,601.0,2510,14687.0,2523,5492.0,4028.0
MKE,2026-05,2735.0,20.0,494.0,35876.0,42364.0,2715.0,2738,638.0,2712,14979.0,2714,4541.0,3199.0
MKE,2026-06,2657.0,56.0,544.0,40253.0,39279.0,2601.0,2657,734.0,2576,14580.0,2592,5787.0,5243.0
MKE,2026-07,2759.0,82.0,668.0,57588.0,40530.0,2677.0,2759,859.0,2657,15289.0,2662,7412.0,4265.0
MLB,2025-08,237.0,1.0,42.0,4530.0,3673.0,236.0,237,49.0,237,1532.0,237,632.0,526.0
MLB,2025-09,235.0,0.0,23.0,2173.0,3756.0,235.0,235,23.0,234,1068.0,234,107.0,71.0
MLB,2025-10,232.0,0.0,39.0,2872.0,3929.0,232.0,232,35.0,231,945.0,232,192.0,0.0
MLB,2025-11,248.0,10.0,24.0,1465.0,3640.0,238.0,248,28.0,238,1003.0,238,226.0,0.0
MLB,2025-12,251.0,3.0,59.0,4270.0,3536.0,248.0,251,61.0,249,1129.0,250,419.0,20.0
MLB,2026-01,270.0,21.0,34.0,2788.0,3620.0,249.0,270,38.0,250,1102.0,250,414.0,192.0
MLB,2026-02,223.0,3.0,36.0,5142.0,3355.0,220.0,223,35.0,219,1070.0,219,367.0,510.0
MLB,2026-03,238.0,6.0,40.0,3673.0,3715.0,232.0,238,51.0,230,1025.0,232,1203.0,65.0
MLB,2026-04,235.0,1.0,33.0,3779.0,4020.0,234.0,235,37.0,233,973.0,234,330.0,0.0
MLB,2026-05,244.0,2.0,38.0,2026.0,4053.0,242.0,244,39.0,242,1035.0,242,255.0,141.0
MLB,2026-06,236.0,3.0,42.0,6051.0,3800.0,233.0,236,30.0,232,1179.0,233,333.0,356.0
MLB,2026-07,241.0,8.0,81.0,7427.0,3786.0,233.0,241,81.0,234,1165.0,234,718.0,164.0
MLI,2025-08,356.0,9.0,66.0,7161.0,5459.0,347.0,358,84.0,350,1660.0,350,1298.0,676.0
MLI,2025-09,352.0,1.0,32.0,4267.0,5534.0,351.0,351,54.0,349,1661.0,349,668.0,138.0
MLI,2025-10,369.0,1.0,52.0,4097.0,6453.0,368.0,368,75.0,368,1862.0,368,606.0,821.0
MLI,2025-11,402.0,31.0,67.0,6219.0,6934.0,371.0,402,78.0,373,2005.0,373,2065.0,1552.0
MLI,2025-12,357.0,13.0,96.0,14211.0,7371.0,344.0,357,110.0,343,2010.0,345,1891.0,2254.0
MLI,2026-01,304.0,15.0,62.0,5680.0,5679.0,289.0,304,76.0,290,1542.0,291,933.0,558.0
MLI,2026-02,275.0,4.0,61.0,8617.0,5094.0,271.0,275,82.0,273,1478.0,273,966.0,1267.0
MLI,2026-03,345.0,24.0,83.0,9567.0,5917.0,321.0,345,103.0,320,1727.0,320,1613.0,731.0
MLI,2026-04,414.0,19.0,80.0,9154.0,6786.0,395.0,414,106.0,391,1985.0,393,1262.0,729.0
MLI,2026-05,420.0,7.0,72.0,8250.0,7679.0,413.0,419,100.0,411,2327.0,413,1212.0,376.0
MLI,2026-06,321.0,18.0,54.0,5701.0,4802.0,303.0,323,62.0,305,1646.0,306,1026.0,1104.0
MLI,2026-07,386.0,14.0,69.0,7682.0,5953.0,372.0,386,87.0,364,1885.0,367,734.0,1183.0
MLU,2025-08,93.0,3.0,20.0,1272.0,1443.0,90.0,93,24.0,90,394.0,90,311.0,1.0
MLU,2025-09,90.0,1.0,12.0,3800.0,1423.0,89.0,90,12.0,88,393.0,89,147.0,547.0
MLU,2025-10,92.0,3.0,12.0,1304.0,1355.0,89.0,92,15.0,89,375.0,89,148.0,183.0
MLU,2025-11,87.0,4.0,14.0,1229.0,1456.0,83.0,87,16.0,82,380.0,83,100.0,7.0
MLU,2025-12,91.0,0.0,13.0,716.0,1461.0,91.0,91,11.0,91,385.0,91,93.0,329.0
MLU,2026-01,66.0,6.0,4.0,1639.0,981.0,60.0,66,5.0,60,269.0,60,40.0,0.0
MLU,2026-02,66.0,1.0,2.0,114.0,932.0,65.0,65,3.0,64,264.0,64,14.0,79.0
MLU,2026-03,92.0,2.0,16.0,1387.0,1389.0,90.0,93,10.0,89,353.0,91,58.0,118.0
MLU,2026-04,103.0,2.0,14.0,1309.0,1615.0,101.0,103,15.0,101,394.0,101,150.0,75.0
MLU,2026-05,113.0,5.0,19.0,3140.0,1702.0,108.0,113,17.0,109,507.0,109,205.0,255.0
MLU,2026-06,119.0,7.0,23.0,1399.0,1664.0,112.0,119,23.0,113,440.0,113,359.0,112.0
MLU,2026-07,123.0,1.0,28.0,2292.0,1782.0,122.0,123,22.0,121,467.0,122,216.0,505.0
MOB,2025-08,188.0,2.0,37.0,3045.0,3256.0,186.0,188,46.0,185,1019.0,186,367.0,575.0
MOB,2025-09,168.0,2.0,26.0,2362.0,2673.0,166.0,168,32.0,165,917.0,166,229.0,124.0
MOB,2025-10,213.0,3.0,21.0,1026.0,3282.0,210.0,213,28.0,211,1018.0,211,204.0,330.0
MOB,2025-11,143.0,8.0,15.0,1793.0,1828.0,135.0,142,15.0,133,701.0,134,76.0,7.0
MOB,2025-12,127.0,1.0,18.0,2634.0,1863.0,126.0,127,20.0,125,697.0,126,199.0,23.0
MOB,2026-01,180.0,12.0,23.0,1771.0,2359.0,168.0,181,26.0,170,760.0,170,214.0,366.0
MOB,2026-02,183.0,3.0,28.0,2935.0,2740.0,180.0,183,33.0,179,898.0,180,1220.0,302.0
MOB,2026-03,185.0,9.0,34.0,3214.0,2898.0,176.0,185,35.0,177,801.0,177,478.0,121.0
MOB,2026-04,200.0,3.0,32.0,2544.0,3107.0,197.0,200,35.0,195,896.0,195,282.0,246.0
MOB,2026-05,160.0,11.0,41.0,2535.0,2358.0,149.0,159,37.0,149,683.0,149,255.0,247.0
MOB,2026-06,153.0,8.0,26.0,3022.0,2199.0,145.0,154,30.0,142,695.0,142,505.0,43.0
MOB,2026-07,171.0,1.0,49.0,4008.0,2449.0,170.0,171,62.0,169,744.0,170,554.0,144.0
MOT,2025-08,260.0,2.0,51.0,5592.0,4892.0,258.0,259,58.0,256,1672.0,258,1384.0,842.0
MOT,2025-09,254.0,0.0,30.0,2134.0,4749.0,254.0,254,38.0,254,1588.0,254,418.0,345.0
MOT,2025-10,227.0,0.0,17.0,940.0,3970.0,227.0,226,17.0,226,1396.0,226,160.0,0.0
MOT,2025-11,221.0,11.0,30.0,2564.0,4946.0,210.0,222,32.0,211,1376.0,211,271.0,382.0
MOT,2025-12,228.0,12.0,82.0,10879.0,5813.0,216.0,227,79.0,213,1443.0,216,957.0,2800.0
MOT,2026-01,158.0,2.0,32.0,4518.0,3895.0,156.0,158,37.0,155,979.0,156,207.0,446.0
MOT,2026-02,184.0,1.0,30.0,5810.0,5124.0,183.0,186,39.0,183,1219.0,184,330.0,1318.0
MOT,2026-03,210.0,8.0,54.0,10005.0,5301.0,202.0,210,59.0,201,1283.0,202,430.0,1201.0
MOT,2026-04,196.0,0.0,42.0,3804.0,4496.0,196.0,197,41.0,197,1030.0,197,291.0,184.0
MOT,2026-05,236.0,2.0,33.0,4559.0,4056.0,234.0,236,49.0,234,1430.0,234,427.0,1012.0
MOT,2026-06,253.0,1.0,45.0,2525.0,4417.0,252.0,253,59.0,249,1553.0,252,520.0,638.0
MOT,2026-07,261.0,1.0,42.0,4997.0,4617.0,260.0,261,64.0,258,1747.0,259,642.0,403.0
MQT,2025-08,147.0,2.0,22.0,1271.0,2010.0,145.0,147,20.0,145,727.0,145,227.0,1002.0
MQT,2025-09,122.0,0.0,22.0,2811.0,1809.0,122.0,122,22.0,121,647.0,122,95.0,2290.0
MQT,2025-10,123.0,0.0,19.0,1303.0,1879.0,123.0,123,26.0,123,631.0,123,158.0,0.0
MQT,2025-11,119.0,5.0,22.0,3874.0,2369.0,114.0,119,18.0,114,645.0,114,260.0,792.0
MQT,2025-12,122.0,15.0,36.0,5313.0,2649.0,107.0,122,43.0,105,626.0,106,981.0,621.0
MQT,2026-01,97.0,7.0,42.0,7052.0,2438.0,90.0,97,38.0,86,644.0,89,598.0,2133.0
MQT,2026-02,101.0,5.0,29.0,4451.0,2561.0,96.0,101,35.0,97,607.0,97,337.0,1129.0
MQT,2026-03,116.0,24.0,34.0,5231.0,1954.0,92.0,116,34.0,91,511.0,93,299.0,743.0
MQT,2026-04,128.0,12.0,26.0,3497.0,2126.0,116.0,128,28.0,114,580.0,115,181.0,366.0
MQT,2026-05,130.0,2.0,17.0,2703.0,1540.0,128.0,130,22.0,127,603.0,128,77.0,910.0
MQT,2026-06,111.0,3.0,24.0,2993.0,1471.0,108.0,111,28.0,105,533.0,108,185.0,740.0
MQT,2026-07,116.0,5.0,34.0,4843.0,1398.0,111.0,116,28.0,109,517.0,110,152.0,501.0
MRY,2025-08,400.0,2.0,62.0,4828.0,7525.0,398.0,401,73.0,399,2041.0,399,781.0,264.0
MRY,2025-09,391.0,5.0,38.0,5243.0,7344.0,386.0,391,58.0,385,2325.0,386,2282.0,742.0
MRY,2025-10,414.0,2.0,59.0,5887.0,7940.0,412.0,414,76.0,408,2276.0,412,793.0,218.0
MRY,2025-11,434.0,13.0,65.0,8850.0,7851.0,421.0,434,75.0,417,2363.0,420,1258.0,192.0
MRY,2025-12,370.0,4.0,59.0,6460.0,6627.0,366.0,368,71.0,360,1957.0,363,764.0,71.0
MRY,2026-01,338.0,4.0,37.0,4283.0,5406.0,334.0,339,56.0,333,1701.0,334,642.0,110.0
MRY,2026-02,308.0,1.0,51.0,5660.0,5401.0,307.0,307,49.0,304,1514.0,306,548.0,103.0
MRY,2026-03,364.0,3.0,46.0,3945.0,6743.0,361.0,366,52.0,364,1581.0,364,499.0,48.0
MRY,2026-04,443.0,1.0,88.0,5133.0,9077.0,442.0,443,73.0,442,2009.0,442,1408.0,117.0
MRY,2026-05,381.0,1.0,81.0,9430.0,7163.0,380.0,380,70.0,376,2147.0,379,1209.0,827.0
MRY,2026-06,405.0,7.0,109.0,8185.0,7791.0,398.0,406,105.0,399,1902.0,399,1462.0,276.0
MRY,2026-07,438.0,5.0,101.0,9409.0,8642.0,433.0,437,95.0,429,1805.0,429,1652.0,983.0
MSN,2025-08,1138.0,14.0,203.0,19732.0,18606.0,1124.0,1138,264.0,1124,5903.0,1124,1851.0,1605.0
MSN,2025-09,1162.0,6.0,145.0,17109.0,18911.0,1156.0,1168,217.0,1160,5511.0,1161,1864.0,1008.0
MSN,2025-10,1306.0,6.0,178.0,18347.0,21271.0,1300.0,1305,268.0,1301,6298.0,1302,2663.0,1004.0
MSN,2025-11,1147.0,53.0,182.0,21101.0,21893.0,1094.0,1145,274.0,1090,5208.0,1092,3175.0,1737.0
MSN,2025-12,1029.0,32.0,257.0,30687.0,20066.0,997.0,1026,365.0,995,5662.0,998,4390.0,3741.0
MSN,2026-01,1022.0,60.0,224.0,25667.0,20960.0,963.0,1026,325.0,972,5529.0,972,3958.0,5183.0
MSN,2026-02,962.0,15.0,172.0,14738.0,16601.0,947.0,962,238.0,945,4553.0,945,2024.0,2727.0
MSN,2026-03,1128.0,77.0,232.0,22207.0,18343.0,1051.0,1128,301.0,1049,5404.0,1054,3524.0,1202.0
MSN,2026-04,1245.0,29.0,218.0,20963.0,19474.0,1216.0,1245,274.0,1215,6138.0,1217,3861.0,1565.0
MSN,2026-05,1305.0,17.0,199.0,21412.0,20858.0,1288.0,1306,260.0,1285,6179.0,1286,2997.0,2057.0
MSN,2026-06,1302.0,45.0,212.0,25704.0,19975.0,1257.0,1303,302.0,1257,6157.0,1263,3094.0,2339.0
MSN,2026-07,1381.0,58.0,250.0,33948.0,21378.0,1323.0,1382,384.0,1317,6483.0,1317,4140.0,2656.0
MSO,2025-08,536.0,2.0,111.0,9457.0,8970.0,534.0,535,104.0,532,3329.0,533,791.0,847.0
MSO,2025-09,359.0,1.0,47.0,4644.0,5594.0,358.0,359,39.0,358,1978.0,358,231.0,0.0
MSO,2025-10,369.0,0.0,45.0,3970.0,6506.0,369.0,369,49.0,368,1910.0,369,529.0,66.0
MSO,2025-11,323.0,12.0,22.0,1697.0,6432.0,311.0,324,42.0,312,1617.0,312,225.0,300.0
MSO,2025-12,356.0,4.0,59.0,4917.0,8483.0,352.0,357,90.0,349,1796.0,354,985.0,566.0
MSO,2026-01,360.0,7.0,45.0,5838.0,7649.0,353.0,360,72.0,351,1686.0,352,829.0,826.0
MSO,2026-02,305.0,0.0,38.0,3921.0,6089.0,305.0,305,55.0,305,1446.0,305,606.0,624.0
MSO,2026-03,376.0,5.0,85.0,8968.0,6847.0,371.0,376,97.0,369,1909.0,371,1188.0,670.0
MSO,2026-04,389.0,1.0,49.0,3793.0,6927.0,388.0,388,55.0,387,2008.0,388,497.0,244.0
MSO,2026-05,432.0,2.0,55.0,5594.0,6704.0,430.0,434,60.0,433,2387.0,434,823.0,71.0
MSO,2026-06,571.0,3.0,118.0,10638.0,9049.0,568.0,571,122.0,566,3247.0,569,1197.0,187.0
MSO,2026-07,627.0,0.0,120.0,10189.0,10460.0,627.0,626,110.0,623,4038.0,626,679.0,662.0
MSP,2025-08,10305.0,48.0,1907.0,139621.0,169140.0,10257.0,10298,1924.0,10237,73880.0,10254,20435.0,14279.0
MSP,2025-09,9559.0,10.0,1345.0,88315.0,168209.0,9549.0,9565,1477.0,9534,67047.0,9553,17232.0,8998.0
MSP,2025-10,9657.0,21.0,1298.0,90916.0,158857.0,9636.0,9662,1192.0,9637,55948.0,9642,6579.0,4623.0
MSP,2025-11,8806.0,190.0,1367.0,110253.0,169406.0,8617.0,8802,1424.0,8616,49389.0,8618,15897.0,13590.0
MSP,2025-12,8854.0,202.0,2613.0,228504.0,247441.0,8656.0,8863,2628.0,8657,59349.0,8664,37705.0,27095.0
MSP,2026-01,8055.0,194.0,1855.0,161921.0,193709.0,7864.0,8067,1706.0,7862,53982.0,7866,16997.0,24452.0
MSP,2026-02,7923.0,89.0,1434.0,109356.0,165067.0,7835.0,7920,1383.0,7812,48724.0,7824,13472.0,12669.0
MSP,2026-03,9608.0,484.0,2014.0,173904.0,173634.0,9132.0,9600,1881.0,9100,56393.0,9109,17985.0,17835.0
MSP,2026-04,9639.0,72.0,1364.0,105682.0,166720.0,9572.0,9637,1359.0,9560,58024.0,9567,10764.0,11715.0
MSP,2026-05,10400.0,56.0,1707.0,134694.0,172616.0,10345.0,10400,1506.0,10325,65130.0,10338,12213.0,8284.0
MSP,2026-06,10491.0,96.0,2135.0,157960.0,183693.0,10399.0,10496,2024.0,10359,68184.0,10388,17985.0,10644.0
MSP,2026-07,10990.0,156.0,2486.0,183988.0,188912.0,10836.0,10990,2389.0,10808,79844.0,10823,23915.0,12177.0
MSY,2025-08,3739.0,41.0,752.0,65081.0,48348.0,3698.0,3737,850.0,3697,18342.0,3702,8119.0,2858.0
MSY,2025-09,3619.0,13.0,489.0,39389.0,47958.0,3606.0,3619,523.0,3607,17272.0,3608,4588.0,1265.0
MSY,2025-10,4699.0,25.0,949.0,60171.0,63836.0,4674.0,4701,931.0,4679,24970.0,4680,8403.0,404.0
MSY,2025-11,4314.0,55.0,844.0,70703.0,58794.0,4259.0,4312,792.0,4260,22218.0,4262,8464.0,1011.0
MSY,2025-12,4152.0,53.0,1015.0,77408.0,53595.0,4099.0,4156,1079.0,4097,21866.0,4109,10012.0,2647.0
MSY,2026-01,3901.0,161.0,648.0,48027.0,47766.0,3740.0,3901,742.0,3742,19475.0,3744,6645.0,2219.0
MSY,2026-02,4111.0,75.0,766.0,55258.0,52298.0,4036.0,4112,720.0,4048,23538.0,4050,6514.0,1666.0
MSY,2026-03,4485.0,125.0,1194.0,87188.0,63591.0,4360.0,4482,1038.0,4354,22558.0,4362,10849.0,2923.0
MSY,2026-04,4428.0,29.0,863.0,59191.0,66492.0,4399.0,4432,864.0,4405,21522.0,4408,7248.0,1055.0
MSY,2026-05,4194.0,35.0,1206.0,86499.0,61243.0,4159.0,4187,1106.0,4132,22632.0,4147,11035.0,4177.0
MSY,2026-06,3709.0,41.0,1125.0,91039.0,51731.0,3668.0,3708,1067.0,3647,20743.0,3657,10327.0,4693.0
MSY,2026-07,3801.0,80.0,1212.0,100188.0,49998.0,3723.0,3803,1199.0,3709,22861.0,3719,11892.0,4612.0
MTJ,2025-08,184.0,3.0,51.0,3870.0,3490.0,181.0,184,52.0,183,1153.0,183,551.0,79.0
MTJ,2025-09,174.0,0.0,37.0,4269.0,3244.0,174.0,174,35.0,174,899.0,174,172.0,69.0
MTJ,2025-10,153.0,1.0,31.0,2922.0,3302.0,152.0,154,30.0,152,764.0,153,239.0,0.0
MTJ,2025-11,119.0,0.0,6.0,337.0,2076.0,119.0,119,9.0,119,434.0,119,81.0,0.0
MTJ,2025-12,244.0,1.0,54.0,5134.0,5184.0,243.0,243,59.0,243,1416.0,243,506.0,387.0
MTJ,2026-01,293.0,13.0,47.0,3829.0,6066.0,280.0,293,52.0,281,1779.0,281,789.0,193.0
MTJ,2026-02,285.0,2.0,86.0,8064.0,5880.0,283.0,285,89.0,280,2054.0,283,2726.0,252.0
MTJ,2026-03,366.0,7.0,93.0,10476.0,7013.0,359.0,367,99.0,362,2342.0,362,1997.0,17.0
MTJ,2026-04,155.0,1.0,17.0,1163.0,2686.0,154.0,155,22.0,154,724.0,154,105.0,0.0
MTJ,2026-05,146.0,1.0,31.0,2633.0,2368.0,145.0,146,48.0,146,722.0,146,300.0,0.0
MTJ,2026-06,192.0,2.0,53.0,9168.0,3487.0,190.0,192,54.0,191,1026.0,191,312.0,129.0
MTJ,2026-07,215.0,0.0,39.0,5585.0,4175.0,215.0,215,47.0,215,1114.0,215,169.0,40.0
MVY,2025-08,387.0,5.0,95.0,7253.0,6609.0,382.0,387,54.0,386,3323.0,386,1000.0,0.0
MVY,2025-09,91.0,1.0,11.0,1780.0,1437.0,90.0,91,10.0,90,538.0,90,130.0,44.0
MVY,2025-10,26.0,0.0,5.0,185.0,421.0,26.0,26,6.0,26,86.0,26,32.0,19.0
MVY,2026-05,33.0,0.0,4.0,240.0,646.0,33.0,33,6.0,33,223.0,33,30.0,0.0
MVY,2026-06,179.0,3.0,42.0,4458.0,3512.0,176.0,179,27.0,177,1047.0,178,274.0,56.0
MVY,2026-07,312.0,29.0,69.0,7460.0,5718.0,283.0,312,54.0,290,1657.0,291,897.0,624.0
MYR,2025-08,1683.0,15.0,377.0,32220.0,22050.0,1668.0,1681,370.0,1660,12430.0,1668,4482.0,1395.0
MYR,2025-09,1284.0,12.0,181.0,14917.0,17338.0,1272.0,1285,178.0,1276,7266.0,1276,1900.0,835.0
MYR,2025-10,1202.0,7.0,212.0,19386.0,17478.0,1195.0,1202,256.0,1196,6710.0,1197,4332.0,266.0
MYR,2025-11,880.0,26.0,156.0,13963.0,12385.0,854.0,877,159.0,859,4105.0,859,2259.0,30.0
MYR,2025-12,823.0,17.0,209.0,19259.0,11584.0,807.0,824,229.0,808,3628.0,809,2779.0,659.0
MYR,2026-01,739.0,67.0,117.0,11549.0,9369.0,672.0,738,124.0,666,2741.0,666,1168.0,944.0
MYR,2026-02,722.0,66.0,128.0,11203.0,8747.0,656.0,721,141.0,661,2763.0,661,1198.0,1981.0
MYR,2026-03,911.0,32.0,224.0,20023.0,12036.0,879.0,911,228.0,878,4117.0,882,2928.0,594.0
MYR,2026-04,1165.0,7.0,194.0,16592.0,15869.0,1158.0,1166,220.0,1160,5632.0,1160,2387.0,203.0
MYR,2026-05,1132.0,11.0,204.0,15980.0,15162.0,1121.0,1132,208.0,1121,6825.0,1121,1937.0,602.0
MYR,2026-06,1319.0,24.0,323.0,35588.0,17058.0,1295.0,1321,334.0,1296,8911.0,1298,2932.0,2886.0
MYR,2026-07,1331.0,39.0,424.0,43123.0,16985.0,1292.0,1333,424.0,1294,8397.0,1301,5253.0,1958.0
OAJ,2025-08,32.0,1.0,3.0,412.0,581.0,31.0,33,7.0,32,134.0,32,18.0,0.0
OAJ,2025-09,30.0,0.0,0.0,0.0,561.0,30.0,30,4.0,30,95.0,30,0.0,0.0
OAJ,2025-10,31.0,0.0,1.0,161.0,646.0,31.0,31,7.0,31,108.0,31,4.0,0.0
OAJ,2025-11,29.0,3.0,5.0,201.0,350.0,26.0,28,5.0,25,90.0,25,34.0,0.0
OAJ,2025-12,17.0,0.0,5.0,579.0,228.0,17.0,17,5.0,17,49.0,17,9.0,0.0
OAJ,2026-01,0.0,0.0,0.0,0.0,0.0,0.0,1,0.0,0,0.0,0,0.0,0.0
OAJ,2026-02,87.0,7.0,18.0,1902.0,1601.0,80.0,87,21.0,82,368.0,82,276.0,147.0
OAJ,2026-03,118.0,2.0,29.0,3141.0,2268.0,116.0,118,36.0,116,490.0,116,280.0,57.0
OAJ,2026-04,116.0,0.0,11.0,1174.0,2217.0,116.0,116,16.0,116,414.0,116,56.0,171.0
OAJ,2026-05,118.0,3.0,33.0,3103.0,2097.0,115.0,118,42.0,116,525.0,116,414.0,1198.0
OAJ,2026-06,92.0,2.0,11.0,1110.0,1463.0,90.0,92,15.0,90,328.0,90,139.0,115.0
OAJ,2026-07,89.0,5.0,21.0,3458.0,1743.0,84.0,89,25.0,84,361.0,84,356.0,1449.0
OAK,2025-08,2850.0,10.0,591.0,37454.0,35202.0,2840.0,2848,518.0,2840,16002.0,2840,1625.0,227.0
OAK,2025-09,2714.0,8.0,573.0,29883.0,33724.0,2707.0,2714,489.0,2707,15448.0,2709,1851.0,35.0
OAK,2025-10,2771.0,7.0,667.0,37308.0,34511.0,2764.0,2767,592.0,2758,15789.0,2761,1531.0,322.0
OAK,2025-11,2618.0,54.0,531.0,32455.0,32403.0,2565.0,2617,465.0,2562,14632.0,2563,1314.0,186.0
OAK,2025-12,2646.0,15.0,712.0,38619.0,33371.0,2632.0,2644,609.0,2629,15410.0,2629,1596.0,149.0
OAK,2026-01,2408.0,11.0,314.0,19121.0,29058.0,2397.0,2406,298.0,2392,14013.0,2392,977.0,143.0
OAK,2026-02,2356.0,6.0,466.0,25677.0,29237.0,2351.0,2356,359.0,2346,13072.0,2347,966.0,513.0
OAK,2026-03,2569.0,25.0,595.0,34644.0,29828.0,2544.0,2566,462.0,2541,14336.0,2542,880.0,640.0
OAK,2026-04,2509.0,7.0,680.0,34913.0,32039.0,2502.0,2508,533.0,2500,13760.0,2501,1954.0,136.0
OAK,2026-05,2683.0,17.0,697.0,38414.0,34225.0,2666.0,2677,648.0,2665,14689.0,2667,1730.0,136.0
OAK,2026-06,2597.0,11.0,908.0,48142.0,32671.0,2586.0,2590,807.0,2584,14991.0,2584,1971.0,251.0
OAK,2026-07,2685.0,9.0,780.0,42482.0,34365.0,2676.0,2682,613.0,2669,14942.0,2669,1479.0,871.0
OGG,2025-08,2145.0,13.0,214.0,14650.0,22031.0,2132.0,2148,224.0,2138,14182.0,2140,609.0,129.0
OGG,2025-09,1956.0,2.0,168.0,9883.0,19836.0,1954.0,1956,164.0,1955,12067.0,1955,1006.0,90.0
OGG,2025-10,2054.0,20.0,279.0,18481.0,21073.0,2034.0,2054,277.0,2039,13664.0,2040,1164.0,174.0
OGG,2025-11,2037.0,26.0,251.0,16645.0,21275.0,2011.0,2037,212.0,2004,14292.0,2011,845.0,238.0
OGG,2025-12,2217.0,17.0,411.0,25685.0,26016.0,2200.0,2216,414.0,2202,16699.0,2210,2121.0,544.0
OGG,2026-01,2169.0,19.0,419.0,25451.0,24830.0,2150.0,2169,404.0,2150,17625.0,2154,1409.0,1459.0
OGG,2026-02,1966.0,15.0,403.0,23218.0,21863.0,1951.0,1965,386.0,1946,16184.0,1953,2754.0,844.0
OGG,2026-03,2287.0,74.0,489.0,36655.0,27002.0,2213.0,2288,446.0,2210,21690.0,2221,3810.0,5681.0
OGG,2026-04,2155.0,8.0,383.0,21118.0,22936.0,2147.0,2156,435.0,2145,15656.0,2146,3907.0,151.0
OGG,2026-05,2178.0,17.0,282.0,15979.0,22188.0,2161.0,2178,303.0,2167,14605.0,2167,1532.0,495.0
OGG,2026-06,2204.0,8.0,252.0,19009.0,23179.0,2196.0,2204,305.0,2200,15088.0,2202,2214.0,103.0
OGG,2026-07,2326.0,13.0,307.0,26148.0,24669.0,2313.0,2326,379.0,2312,15179.0,2315,2716.0,294.0
OKC,2025-08,2092.0,29.0,374.0,29100.0,31603.0,2063.0,2089,505.0,2055,11972.0,2063,4045.0,3235.0
OKC,2025-09,1946.0,12.0,252.0,21377.0,30269.0,1934.0,1947,330.0,1933,10301.0,1933,2732.0,1896.0
OKC,2025-10,2101.0,6.0,341.0,25525.0,32420.0,2095.0,2099,429.0,2086,11457.0,2089,3608.0,2300.0
OKC,2025-11,1948.0,33.0,330.0,26269.0,30337.0,1915.0,1949,406.0,1912,10886.0,1915,3441.0,2495.0
OKC,2025-12,2023.0,14.0,396.0,32950.0,32605.0,2009.0,2023,522.0,2000,10519.0,2006,4397.0,6102.0
OKC,2026-01,1736.0,126.0,218.0,18446.0,26410.0,1610.0,1735,319.0,1607,8258.0,1608,2640.0,3794.0
OKC,2026-02,1678.0,14.0,217.0,19916.0,24574.0,1664.0,1681,299.0,1668,8632.0,1669,2013.0,2061.0
OKC,2026-03,2023.0,40.0,395.0,38663.0,29765.0,1983.0,2024,483.0,1975,9967.0,1979,5100.0,2425.0
OKC,2026-04,1980.0,35.0,311.0,28681.0,29023.0,1945.0,1977,417.0,1930,9764.0,1946,3282.0,2273.0
OKC,2026-05,2102.0,25.0,466.0,32150.0,31012.0,2077.0,2103,515.0,2060,11039.0,2075,3686.0,1882.0
OKC,2026-06,2117.0,34.0,482.0,43547.0,30278.0,2083.0,2118,598.0,2079,11152.0,2085,4443.0,3782.0
OKC,2026-07,2171.0,48.0,504.0,44020.0,30609.0,2123.0,2170,649.0,2123,11609.0,2126,4617.0,3284.0
OMA,2025-08,2116.0,18.0,372.0,32241.0,30555.0,2098.0,2114,508.0,2101,10444.0,2101,3003.0,2551.0
OMA,2025-09,1955.0,11.0,248.0,16937.0,27858.0,1944.0,1954,341.0,1950,9464.0,1950,2625.0,1116.0
OMA,2025-10,2192.0,3.0,317.0,21781.0,31327.0,2189.0,2193,437.0,2190,11532.0,2190,2982.0,748.0
OMA,2025-11,2035.0,39.0,359.0,31761.0,33559.0,1996.0,2035,403.0,2005,11807.0,2007,4500.0,1989.0
OMA,2025-12,2067.0,20.0,488.0,39834.0,37305.0,2047.0,2067,589.0,2049,12308.0,2050,5560.0,3233.0
OMA,2026-01,1945.0,43.0,335.0,25406.0,34411.0,1902.0,1945,423.0,1894,9934.0,1899,3833.0,3079.0
OMA,2026-02,1803.0,5.0,261.0,18636.0,28751.0,1798.0,1803,352.0,1795,9405.0,1796,2521.0,1289.0
OMA,2026-03,2120.0,72.0,465.0,43169.0,31221.0,2048.0,2121,562.0,2050,10742.0,2053,4798.0,2633.0
OMA,2026-04,2053.0,26.0,315.0,26947.0,29754.0,2027.0,2053,423.0,2024,11196.0,2027,4268.0,1192.0
OMA,2026-05,2223.0,13.0,427.0,33069.0,30916.0,2210.0,2224,537.0,2201,12245.0,2211,5782.0,1558.0
OMA,2026-06,2348.0,22.0,605.0,50361.0,32918.0,2326.0,2347,719.0,2323,13425.0,2324,5497.0,3086.0
OMA,2026-07,2401.0,42.0,536.0,49092.0,33785.0,2359.0,2401,711.0,2362,12940.0,2368,5511.0,2792.0
OME,2025-08,30.0,2.0,13.0,579.0,242.0,28.0,30,11.0,28,97.0,28,12.0,3.0
OME,2025-09,30.0,0.0,6.0,210.0,283.0,30.0,30,6.0,30,115.0,30,17.0,0.0
OME,2025-10,31.0,0.0,6.0,538.0,291.0,31.0,31,8.0,31,115.0,31,25.0,0.0
OME,2025-11,29.0,0.0,7.0,333.0,298.0,29.0,28,10.0,28,102.0,28,61.0,15.0
OME,2025-12,28.0,4.0,7.0,426.0,260.0,24.0,28,8.0,24,85.0,24,10.0,0.0
OME,2026-01,30.0,7.0,9.0,860.0,125.0,23.0,30,10.0,24,101.0,24,134.0,121.0
OME,2026-02,28.0,1.0,3.0,199.0,207.0,27.0,28,3.0,27,130.0,27,70.0,0.0
OME,2026-03,33.0,0.0,3.0,215.0,190.0,33.0,33,5.0,33,158.0,33,0.0,0.0
OME,2026-04,35.0,1.0,2.0,120.0,209.0,34.0,35,4.0,34,161.0,34,7.0,14.0
OME,2026-05,38.0,0.0,1.0,53.0,191.0,38.0,38,1.0,38,165.0,38,0.0,0.0
OME,2026-06,30.0,0.0,6.0,226.0,139.0,30.0,30,3.0,30,145.0,30,0.0,0.0
OME,2026-07,30.0,0.0,11.0,489.0,129.0,30.0,30,8.0,30,126.0,30,6.0,0.0
ONT,2025-08,2291.0,18.0,419.0,31704.0,31844.0,2273.0,2291,511.0,2273,12320.0,2273,1945.0,1189.0
ONT,2025-09,2177.0,11.0,329.0,27548.0,31540.0,2167.0,2175,404.0,2167,12133.0,2168,2628.0,551.0
ONT,2025-10,2265.0,11.0,429.0,29742.0,34083.0,2254.0,2267,534.0,2258,11675.0,2260,3260.0,478.0
ONT,2025-11,2184.0,45.0,375.0,26496.0,31918.0,2139.0,2184,440.0,2136,10983.0,2139,3462.0,589.0
ONT,2025-12,2132.0,15.0,437.0,31366.0,29959.0,2117.0,2132,531.0,2116,11519.0,2118,3020.0,835.0
ONT,2026-01,1892.0,32.0,303.0,25268.0,25153.0,1860.0,1888,306.0,1853,9609.0,1854,1374.0,871.0
ONT,2026-02,1734.0,6.0,263.0,18909.0,23278.0,1728.0,1733,291.0,1728,8652.0,1729,1730.0,331.0
ONT,2026-03,2081.0,21.0,319.0,20996.0,29427.0,2060.0,2082,368.0,2064,10366.0,2064,1406.0,1245.0
ONT,2026-04,2119.0,6.0,402.0,26211.0,29823.0,2113.0,2119,438.0,2116,10851.0,2116,2322.0,468.0
ONT,2026-05,2298.0,16.0,475.0,29741.0,32352.0,2282.0,2297,523.0,2278,11395.0,2280,2520.0,837.0
ONT,2026-06,2304.0,23.0,602.0,40801.0,30709.0,2281.0,2306,694.0,2283,12177.0,2284,3687.0,1284.0
ONT,2026-07,2377.0,21.0,531.0,43158.0,31099.0,2356.0,2375,660.0,2357,12507.0,2357,3305.0,1283.0
ORD,2025-08,30090.0,747.0,8015.0,679590.0,744996.0,29345.0,30098,7770.0,29115,623238.0,29310,173761.0,60573.0
ORD,2025-09,28867.0,120.0,6159.0,458906.0,721025.0,28747.0,28858,5852.0,28676,611260.0,28736,97023.0,30036.0
ORD,2025-10,31096.0,70.0,7208.0,525018.0,847391.0,31027.0,31083,8002.0,30952,718573.0,30981,151006.0,12834.0
ORD,2025-11,28703.0,1605.0,6664.0,581974.0,753000.0,27102.0,28717,7447.0,27067,549746.0,27108,300850.0,35502.0
ORD,2025-12,27790.0,702.0,9600.0,905136.0,833236.0,27108.0,27772,9160.0,26955,545176.0,27005,223287.0,59188.0
ORD,2026-01,25131.0,939.0,7156.0,601368.0,709615.0,24199.0,25119,6968.0,24019,441472.0,24127,146411.0,49533.0
ORD,2026-02,25538.0,284.0,5654.0,433515.0,693554.0,25262.0,25535,5599.0,25193,453042.0,25216,74842.0,21717.0
ORD,2026-03,31373.0,1790.0,9217.0,831079.0,838727.0,29595.0,31373,9254.0,29246,571962.0,29541,342498.0,77416.0
ORD,2026-04,33206.0,1176.0,8515.0,700792.0,935401.0,32035.0,33199,8344.0,31726,669516.0,31959,282398.0,79257.0
ORD,2026-05,33733.0,340.0,7803.0,617964.0,929332.0,33398.0,33737,7112.0,33252,724747.0,33370,163207.0,38569.0
ORD,2026-06,31374.0,1001.0,8179.0,696609.0,878351.0,30377.0,31369,7770.0,30143,624970.0,30310,275903.0,76636.0
ORD,2026-07,33010.0,1380.0,8972.0,817082.0,913384.0,31633.0,33007,8147.0,31301,688229.0,31542,254382.0,74825.0
ORF,2025-08,1816.0,25.0,318.0,25902.0,27748.0,1791.0,1816,415.0,1795,10060.0,1796,2959.0,1395.0
ORF,2025-09,1734.0,6.0,212.0,16631.0,27642.0,1728.0,1732,288.0,1723,10092.0,1724,2537.0,528.0
ORF,2025-10,1765.0,8.0,260.0,19440.0,29846.0,1757.0,1765,358.0,1759,9290.0,1760,2966.0,52.0
ORF,2025-11,1648.0,57.0,270.0,23457.0,28258.0,1591.0,1648,367.0,1590,9188.0,1592,3905.0,683.0
ORF,2025-12,1645.0,34.0,414.0,38413.0,28537.0,1611.0,1643,520.0,1608,9895.0,1610,4914.0,1340.0
ORF,2026-01,1390.0,103.0,216.0,21912.0,22234.0,1287.0,1390,298.0,1276,6790.0,1276,2535.0,1634.0
ORF,2026-02,1329.0,52.0,235.0,25197.0,22935.0,1277.0,1330,273.0,1276,6948.0,1288,2352.0,521.0
ORF,2026-03,1561.0,54.0,324.0,29573.0,26716.0,1507.0,1562,445.0,1495,8206.0,1499,3775.0,1946.0
ORF,2026-04,1655.0,17.0,260.0,24138.0,27166.0,1638.0,1656,335.0,1635,9410.0,1638,3871.0,315.0
ORF,2026-05,1790.0,15.0,314.0,27157.0,28143.0,1775.0,1792,391.0,1778,11603.0,1778,3980.0,1411.0
ORF,2026-06,1875.0,52.0,459.0,44331.0,29457.0,1823.0,1874,485.0,1819,12212.0,1825,4313.0,1838.0
ORF,2026-07,1978.0,87.0,596.0,61996.0,31338.0,1891.0,1979,681.0,1893,14363.0,1894,7930.0,7156.0
ORH,2025-08,62.0,1.0,12.0,2412.0,977.0,61.0,62,8.0,62,312.0,62,124.0,0.0
ORH,2025-09,32.0,0.0,6.0,938.0,401.0,32.0,32,3.0,32,165.0,32,40.0,8.0
ORH,2025-10,54.0,1.0,5.0,314.0,640.0,53.0,54,5.0,54,306.0,54,5.0,56.0
ORH,2025-11,63.0,0.0,10.0,880.0,959.0,63.0,63,9.0,63,324.0,63,105.0,0.0
ORH,2025-12,64.0,2.0,18.0,2304.0,1154.0,62.0,64,10.0,60,376.0,62,91.0,0.0
ORH,2026-01,63.0,3.0,26.0,3939.0,1140.0,60.0,63,15.0,60,392.0,60,189.0,0.0
ORH,2026-02,69.0,6.0,18.0,1049.0,1240.0,63.0,69,14.0,63,381.0,64,161.0,0.0
ORH,2026-03,93.0,2.0,32.0,2688.0,1669.0,91.0,93,24.0,91,610.0,91,351.0,68.0
ORH,2026-04,110.0,0.0,15.0,988.0,1768.0,110.0,110,19.0,110,493.0,110,293.0,0.0
ORH,2026-05,62.0,0.0,12.0,972.0,843.0,62.0,62,11.0,62,337.0,62,87.0,0.0
ORH,2026-06,60.0,0.0,8.0,571.0,816.0,60.0,60,6.0,60,314.0,60,27.0,0.0
ORH,2026-07,62.0,0.0,26.0,3910.0,1077.0,62.0,62,20.0,62,321.0,62,234.0,107.0
OTH,2025-08,62.0,0.0,12.0,532.0,1057.0,62.0,62,10.0,62,495.0,62,37.0,0.0
OTH,2025-09,60.0,0.0,6.0,839.0,968.0,60.0,60,6.0,60,416.0,60,75.0,0.0
OTH,2025-10,56.0,0.0,15.0,3354.0,885.0,56.0,56,15.0,54,479.0,56,143.0,0.0
OTH,2025-11,30.0,0.0,7.0,973.0,514.0,30.0,30,3.0,28,151.0,30,51.0,0.0
OTH,2025-12,20.0,0.0,4.0,393.0,381.0,20.0,20,4.0,20,122.0,20,16.0,0.0
OTH,2026-01,17.0,0.0,4.0,463.0,265.0,17.0,17,3.0,17,88.0,17,1.0,54.0
OTH,2026-02,16.0,0.0,5.0,505.0,350.0,16.0,16,5.0,16,91.0,16,115.0,0.0
OTH,2026-03,19.0,0.0,3.0,210.0,315.0,19.0,19,4.0,18,110.0,19,46.0,0.0
OTH,2026-04,30.0,2.0,14.0,819.0,702.0,28.0,30,12.0,27,151.0,28,125.0,34.0
OTH,2026-05,42.0,0.0,17.0,1264.0,744.0,42.0,42,11.0,42,280.0,42,348.0,0.0
OTH,2026-06,60.0,0.0,39.0,3045.0,1103.0,60.0,60,30.0,59,595.0,60,757.0,0.0
OTH,2026-07,62.0,0.0,34.0,1831.0,1286.0,62.0,62,25.0,62,668.0,62,507.0,0.0
OTZ,2025-08,32.0,2.0,9.0,469.0,318.0,30.0,32,6.0,29,104.0,30,5.0,0.0
OTZ,2025-09,30.0,0.0,2.0,64.0,252.0,30.0,30,3.0,30,110.0,30,3.0,0.0
OTZ,2025-10,31.0,3.0,1.0,32.0,320.0,28.0,31,1.0,28,112.0,28,0.0,0.0
OTZ,2025-11,29.0,0.0,2.0,91.0,253.0,29.0,29,3.0,29,109.0,29,0.0,104.0
OTZ,2025-12,27.0,0.0,3.0,737.0,241.0,27.0,27,2.0,26,109.0,27,1.0,0.0
OTZ,2026-01,30.0,2.0,11.0,716.0,154.0,28.0,30,10.0,28,118.0,28,63.0,223.0
OTZ,2026-02,28.0,3.0,7.0,479.0,131.0,25.0,28,8.0,25,148.0,25,68.0,249.0
OTZ,2026-03,33.0,0.0,5.0,258.0,161.0,33.0,33,3.0,33,125.0,33,0.0,0.0
OTZ,2026-04,30.0,0.0,6.0,546.0,151.0,30.0,30,4.0,30,126.0,30,2.0,342.0
OTZ,2026-05,31.0,2.0,3.0,161.0,142.0,29.0,31,2.0,29,103.0,29,0.0,0.0
OTZ,2026-06,30.0,1.0,7.0,470.0,182.0,29.0,30,4.0,29,99.0,29,27.0,214.0
OTZ,2026-07,30.0,1.0,4.0,194.0,150.0,29.0,30,2.0,29,104.0,29,18.0,0.0
PAE,2025-08,81.0,3.0,16.0,1574.0,1123.0,78.0,81,14.0,79,512.0,79,113.0,0.0
PAE,2025-09,24.0,0.0,7.0,1024.0,345.0,24.0,24,3.0,23,208.0,24,62.0,0.0
PAE,2025-10,81.0,1.0,10.0,532.0,1223.0,80.0,83,10.0,82,526.0,82,81.0,0.0
PAE,2025-11,111.0,0.0,23.0,1776.0,1849.0,111.0,110,20.0,108,679.0,108,108.0,0.0
PAE,2025-12,111.0,0.0,19.0,1081.0,1805.0,111.0,113,23.0,113,712.0,113,183.0,0.0
PAE,2026-01,154.0,4.0,23.0,1973.0,2268.0,150.0,154,14.0,146,939.0,146,131.0,37.0
PAE,2026-02,158.0,0.0,16.0,1170.0,2073.0,158.0,158,18.0,158,888.0,158,134.0,0.0
PAE,2026-03,172.0,2.0,23.0,1192.0,2375.0,170.0,172,20.0,168,866.0,168,189.0,208.0
PAE,2026-04,133.0,0.0,8.0,531.0,1689.0,133.0,132,11.0,132,734.0,132,75.0,0.0
PAE,2026-05,76.0,0.0,5.0,407.0,902.0,76.0,76,5.0,76,377.0,76,56.0,0.0
PAE,2026-06,60.0,0.0,6.0,267.0,715.0,60.0,60,5.0,60,319.0,60,1.0,0.0
PAE,2026-07,105.0,2.0,9.0,638.0,1317.0,103.0,105,10.0,102,471.0,102,77.0,0.0
PAH,2026-02,9.0,0.0,3.0,645.0,123.0,9.0,10,1.0,10,41.0,10,0.0,0.0
PAH,2026-03,63.0,1.0,31.0,5034.0,857.0,62.0,63,27.0,62,286.0,62,503.0,248.0
PAH,2026-04,52.0,0.0,8.0,1936.0,754.0,52.0,52,15.0,52,257.0,52,73.0,230.0
PAH,2026-05,56.0,0.0,8.0,1220.0,906.0,56.0,56,13.0,56,276.0,56,31.0,173.0
PAH,2026-06,60.0,0.0,10.0,720.0,679.0,60.0,60,18.0,60,279.0,60,128.0,287.0
PAH,2026-07,62.0,0.0,8.0,1405.0,777.0,62.0,62,17.0,62,342.0,62,203.0,356.0
PBG,2025-08,34.0,0.0,10.0,536.0,670.0,34.0,34,6.0,34,309.0,34,84.0,0.0
PBG,2025-09,9.0,0.0,1.0,38.0,116.0,9.0,9,1.0,9,66.0,9,0.0,0.0
PBG,2025-10,27.0,0.0,5.0,260.0,352.0,27.0,27,3.0,27,155.0,27,87.0,0.0
PBG,2025-11,27.0,0.0,8.0,821.0,494.0,27.0,27,3.0,26,157.0,27,7.0,0.0
PBG,2025-12,51.0,2.0,24.0,1539.0,1056.0,49.0,51,15.0,49,485.0,49,324.0,113.0
PBG,2026-01,39.0,1.0,18.0,2167.0,752.0,38.0,39,10.0,38,295.0,38,192.0,0.0
PBG,2026-02,44.0,2.0,17.0,1278.0,811.0,42.0,44,12.0,44,313.0,44,205.0,75.0
PBG,2026-03,44.0,0.0,26.0,1836.0,739.0,44.0,44,22.0,44,317.0,44,433.0,227.0
PBG,2026-04,42.0,0.0,13.0,732.0,640.0,42.0,42,11.0,42,274.0,42,156.0,13.0
PBG,2026-05,29.0,0.0,17.0,1038.0,409.0,29.0,29,11.0,29,234.0,29,57.0,0.0
PBG,2026-06,25.0,0.0,5.0,339.0,368.0,25.0,25,5.0,25,175.0,25,94.0,125.0
PBG,2026-07,34.0,0.0,17.0,1416.0,555.0,34.0,34,15.0,34,234.0,34,218.0,396.0
PBI,2025-08,2008.0,23.0,492.0,46906.0,29545.0,1985.0,2009,540.0,1980,10424.0,1989,6321.0,1584.0
PBI,2025-09,1818.0,8.0,347.0,27211.0,26380.0,1810.0,1816,348.0,1805,10921.0,1809,5935.0,199.0
PBI,2025-10,2268.0,20.0,488.0,38852.0,35465.0,2248.0,2272,541.0,2238,12568.0,2249,8995.0,915.0
PBI,2025-11,2792.0,59.0,685.0,61853.0,43361.0,2733.0,2794,686.0,2727,15739.0,2734,18854.0,486.0
PBI,2025-12,3186.0,62.0,993.0,79059.0,48159.0,3124.0,3191,1097.0,3130,19698.0,3134,23388.0,3395.0
PBI,2026-01,3108.0,171.0,792.0,63386.0,49116.0,2937.0,3109,865.0,2932,17780.0,2936,14420.0,3375.0
PBI,2026-02,2973.0,142.0,725.0,59105.0,49991.0,2832.0,2970,768.0,2824,18044.0,2831,11271.0,1471.0
PBI,2026-03,3385.0,118.0,1022.0,85604.0,60974.0,3267.0,3380,898.0,3266,20434.0,3270,18808.0,1104.0
PBI,2026-04,3067.0,19.0,757.0,63078.0,60486.0,3048.0,3068,715.0,3038,16560.0,3050,13678.0,191.0
PBI,2026-05,2545.0,25.0,470.0,38586.0,39373.0,2520.0,2539,480.0,2515,12842.0,2519,5796.0,1061.0
PBI,2026-06,2154.0,39.0,475.0,44330.0,30823.0,2115.0,2155,436.0,2104,10694.0,2119,5377.0,1309.0
PBI,2026-07,2102.0,112.0,579.0,59117.0,29641.0,1991.0,2102,625.0,1976,10853.0,1985,12886.0,5537.0
PDX,2025-08,5685.0,38.0,927.0,66631.0,94005.0,5647.0,5687,1079.0,5647,28347.0,5653,6729.0,3967.0
PDX,2025-09,5269.0,9.0,676.0,43296.0,96580.0,5260.0,5275,725.0,5262,27078.0,5267,5229.0,865.0
PDX,2025-10,5493.0,35.0,807.0,54459.0,95444.0,5458.0,5489,1033.0,5451,30384.0,5454,9178.0,1228.0
PDX,2025-11,4976.0,75.0,701.0,50091.0,84171.0,4903.0,4978,882.0,4898,26364.0,4899,7843.0,2222.0
PDX,2025-12,5124.0,31.0,1087.0,70684.0,87056.0,5096.0,5118,1297.0,5081,27186.0,5087,12506.0,3135.0
PDX,2026-01,4537.0,64.0,666.0,49230.0,69767.0,4475.0,4543,723.0,4464,22900.0,4468,6107.0,2893.0
PDX,2026-02,4182.0,29.0,567.0,37215.0,63607.0,4153.0,4177,616.0,4145,20817.0,4149,5714.0,2119.0
PDX,2026-03,5113.0,48.0,811.0,59697.0,76893.0,5065.0,5111,985.0,5045,25471.0,5053,10652.0,3292.0
PDX,2026-04,5040.0,24.0,730.0,50402.0,79192.0,5017.0,5037,772.0,5005,24405.0,5008,5103.0,1297.0
PDX,2026-05,5535.0,23.0,881.0,62780.0,91268.0,5512.0,5534,961.0,5503,27075.0,5507,7016.0,2994.0
PDX,2026-06,6024.0,37.0,1319.0,94008.0,96485.0,5987.0,6019,1416.0,5980,31199.0,5985,13524.0,3028.0
PDX,2026-07,6304.0,58.0,1294.0,91361.0,99291.0,6247.0,6306,1371.0,6248,31969.0,6252,10946.0,5471.0
PGD,2025-08,408.0,1.0,73.0,5397.0,5294.0,407.0,407,91.0,407,3531.0,407,1259.0,1242.0
PGD,2025-09,297.0,0.0,43.0,2156.0,3527.0,297.0,297,42.0,297,2490.0,297,383.0,349.0
PGD,2025-10,578.0,0.0,86.0,4505.0,6832.0,578.0,578,84.0,573,5373.0,578,820.0,230.0
PGD,2025-11,605.0,4.0,87.0,4319.0,7166.0,601.0,605,127.0,601,5511.0,601,3238.0,950.0
PGD,2025-12,817.0,4.0,212.0,15711.0,9799.0,813.0,818,263.0,805,7572.0,813,4996.0,1607.0
PGD,2026-01,682.0,10.0,169.0,11755.0,9032.0,672.0,685,192.0,671,5842.0,672,3621.0,2969.0
PGD,2026-02,710.0,5.0,111.0,6579.0,9219.0,706.0,710,126.0,704,5246.0,704,2155.0,2225.0
PGD,2026-03,939.0,19.0,245.0,25690.0,11532.0,920.0,942,286.0,916,9937.0,919,10906.0,6364.0
PGD,2026-04,667.0,1.0,128.0,7625.0,8054.0,666.0,667,130.0,666,4852.0,666,1950.0,456.0
PGD,2026-05,550.0,0.0,122.0,8926.0,6752.0,550.0,550,120.0,547,3877.0,549,1210.0,640.0
PGD,2026-06,555.0,3.0,150.0,15396.0,6795.0,552.0,554,158.0,549,5919.0,552,1884.0,2829.0
PGD,2026-07,566.0,0.0,123.0,9222.0,7253.0,566.0,566,118.0,562,4606.0,564,1033.0,777.0
PHF,2025-12,3.0,0.0,0.0,10.0,48.0,3.0,3,0.0,3,10.0,3,0.0,0.0
PHL,2025-08,9120.0,119.0,2533.0,211251.0,197179.0,9001.0,9122,2280.0,8969,87213.0,8988,31654.0,10992.0
PHL,2025-09,8225.0,44.0,1526.0,109363.0,180603.0,8181.0,8217,1492.0,8172,72439.0,8177,17160.0,5416.0
PHL,2025-10,9306.0,41.0,1986.0,155164.0,202359.0,9265.0,9304,1990.0,9251,79306.0,9265,21618.0,2523.0
PHL,2025-11,7499.0,150.0,1502.0,130839.0,147109.0,7349.0,7489,1471.0,7326,52280.0,7339,15376.0,2817.0
PHL,2025-12,7468.0,176.0,2162.0,191083.0,164834.0,7292.0,7477,2009.0,7294,56748.0,7303,17904.0,5096.0
PHL,2026-01,7049.0,554.0,1446.0,129129.0,141853.0,6499.0,7042,1489.0,6479,49842.0,6486,19409.0,11368.0
PHL,2026-02,6686.0,407.0,1252.0,96890.0,130855.0,6279.0,6687,1346.0,6268,47062.0,6274,12691.0,3351.0
PHL,2026-03,7778.0,245.0,1810.0,162193.0,148994.0,7534.0,7782,1978.0,7538,55087.0,7544,22048.0,6768.0
PHL,2026-04,8692.0,59.0,1679.0,133999.0,173900.0,8634.0,8693,1569.0,8612,68299.0,8627,12706.0,2136.0
PHL,2026-05,9251.0,101.0,1765.0,138948.0,187322.0,9151.0,9255,1672.0,9135,68890.0,9155,16127.0,6312.0
PHL,2026-06,9707.0,265.0,2481.0,217105.0,208210.0,9442.0,9704,2142.0,9419,77267.0,9430,32251.0,15278.0
PHL,2026-07,10012.0,570.0,3350.0,316839.0,240006.0,9444.0,10011,3031.0,9396,82570.0,9430,64904.0,20488.0
PHX,2025-08,14380.0,56.0,2913.0,208616.0,219669.0,14324.0,14390,2638.0,14230,99760.0,14318,18097.0,8325.0
PHX,2025-09,13772.0,150.0,2553.0,197012.0,218998.0,13623.0,13785,2312.0,13504,97893.0,13617,22477.0,17729.0
PHX,2025-10,16620.0,35.0,3879.0,248376.0,283311.0,16586.0,16621,3546.0,16549,117801.0,16581,40543.0,7734.0
PHX,2025-11,16887.0,373.0,3819.0,262403.0,281984.0,16515.0,16912,3955.0,16525,124555.0,16540,106881.0,10197.0
PHX,2025-12,17689.0,89.0,4221.0,270463.0,296174.0,17601.0,17668,3705.0,17560,129884.0,17568,29090.0,9303.0
PHX,2026-01,16564.0,388.0,3189.0,226057.0,271853.0,16182.0,16565,2985.0,16145,127323.0,16159,32919.0,17680.0
PHX,2026-02,15656.0,111.0,3003.0,189750.0,254883.0,15548.0,15649,2552.0,15513,125138.0,15518,19468.0,8514.0
PHX,2026-03,19277.0,177.0,4322.0,315469.0,320643.0,19103.0,19268,3355.0,19043,172050.0,19068,22842.0,13644.0
PHX,2026-04,17679.0,51.0,3852.0,238157.0,289961.0,17628.0,17675,3217.0,17610,139501.0,17614,23152.0,7209.0
PHX,2026-05,17337.0,52.0,4363.0,275291.0,277460.0,17285.0,17335,3441.0,17255,135693.0,17263,18331.0,7916.0
PHX,2026-06,15685.0,68.0,4767.0,325600.0,243845.0,15617.0,15687,4069.0,15596,114604.0,15599,22876.0,11793.0
PHX,2026-07,16096.0,144.0,4741.0,351771.0,266484.0,15953.0,16092,3990.0,15835,118788.0,15937,28996.0,13992.0
PIA,2025-08,470.0,13.0,110.0,12156.0,7332.0,457.0,470,121.0,458,3015.0,459,1713.0,1454.0
PIA,2025-09,425.0,1.0,62.0,4809.0,6323.0,424.0,426,83.0,423,2616.0,423,710.0,525.0
PIA,2025-10,483.0,2.0,77.0,6232.0,7922.0,481.0,481,95.0,478,2786.0,478,663.0,203.0
PIA,2025-11,446.0,37.0,79.0,8404.0,7087.0,409.0,446,84.0,409,2450.0,414,1566.0,536.0
PIA,2025-12,459.0,20.0,145.0,14544.0,9452.0,439.0,459,137.0,438,3328.0,439,1615.0,1122.0
PIA,2026-01,440.0,19.0,90.0,7699.0,9378.0,421.0,441,115.0,424,2515.0,425,1498.0,1467.0
PIA,2026-02,405.0,5.0,91.0,7102.0,7977.0,400.0,404,105.0,401,2286.0,401,997.0,985.0
PIA,2026-03,459.0,21.0,119.0,13018.0,8382.0,438.0,460,144.0,437,2452.0,438,2915.0,492.0
PIA,2026-04,551.0,26.0,118.0,14870.0,9312.0,525.0,551,132.0,521,2954.0,522,1333.0,1852.0
PIA,2026-05,447.0,9.0,77.0,8087.0,7643.0,438.0,447,103.0,439,2381.0,439,1173.0,926.0
PIA,2026-06,466.0,18.0,109.0,11363.0,7534.0,448.0,466,112.0,447,2605.0,448,1426.0,2170.0
PIA,2026-07,472.0,13.0,109.0,13796.0,7522.0,459.0,471,116.0,459,2518.0,460,1156.0,1106.0
PIB,2025-08,53.0,0.0,9.0,1069.0,672.0,53.0,53,15.0,52,241.0,53,41.0,0.0
PIB,2025-09,51.0,0.0,5.0,383.0,654.0,51.0,51,8.0,51,254.0,51,7.0,0.0
PIB,2025-10,54.0,0.0,9.0,1033.0,719.0,54.0,54,9.0,52,251.0,54,11.0,98.0
PIB,2025-11,50.0,0.0,9.0,2154.0,677.0,50.0,50,10.0,49,223.0,50,15.0,155.0
PIB,2025-12,55.0,0.0,16.0,2414.0,799.0,55.0,55,16.0,55,241.0,55,81.0,446.0
PIB,2026-01,53.0,3.0,7.0,698.0,704.0,50.0,53,11.0,50,232.0,50,70.0,201.0
PIB,2026-02,48.0,0.0,6.0,348.0,586.0,48.0,48,11.0,48,226.0,48,8.0,168.0
PIB,2026-03,53.0,2.0,9.0,1251.0,685.0,51.0,53,19.0,50,225.0,51,79.0,0.0
PIB,2026-04,52.0,0.0,3.0,149.0,762.0,52.0,52,15.0,52,245.0,52,65.0,205.0
PIB,2026-05,53.0,0.0,10.0,1087.0,882.0,53.0,53,17.0,53,249.0,53,131.0,81.0
PIB,2026-06,51.0,0.0,15.0,1737.0,797.0,51.0,51,18.0,51,238.0,51,131.0,530.0
PIB,2026-07,54.0,1.0,13.0,954.0,768.0,53.0,54,15.0,53,248.0,53,15.0,0.0
PIE,2025-08,749.0,0.0,170.0,11620.0,10727.0,749.0,749,248.0,744,5020.0,749,3527.0,1279.0
PIE,2025-09,501.0,0.0,79.0,5071.0,6994.0,501.0,501,124.0,501,3129.0,501,1107.0,619.0
PIE,2025-10,716.0,0.0,125.0,8181.0,10115.0,716.0,716,198.0,711,4323.0,715,1540.0,496.0
PIE,2025-11,661.0,2.0,135.0,9146.0,9727.0,659.0,661,203.0,654,3932.0,659,4078.0,616.0
PIE,2025-12,786.0,12.0,217.0,14967.0,10849.0,774.0,786,319.0,764,4753.0,774,5463.0,2558.0
PIE,2026-01,633.0,17.0,101.0,8017.0,8456.0,616.0,633,152.0,607,3561.0,614,2257.0,2637.0
PIE,2026-02,661.0,4.0,102.0,8281.0,9594.0,657.0,662,153.0,651,3932.0,656,2497.0,2747.0
PIE,2026-03,906.0,16.0,216.0,15180.0,13552.0,890.0,907,303.0,887,5536.0,888,9441.0,2760.0
PIE,2026-04,752.0,1.0,124.0,7032.0,10889.0,751.0,752,187.0,749,4647.0,751,2435.0,408.0
PIE,2026-05,790.0,0.0,144.0,12059.0,10990.0,790.0,790,211.0,789,4873.0,790,4272.0,2151.0
PIE,2026-06,926.0,5.0,207.0,17003.0,13212.0,921.0,926,293.0,918,5983.0,920,3521.0,1435.0
PIE,2026-07,969.0,0.0,255.0,22493.0,14627.0,969.0,969,328.0,960,7136.0,969,4182.0,1229.0
PIH,2025-08,31.0,0.0,2.0,63.0,332.0,31.0,31,2.0,31,86.0,31,0.0,0.0
PIH,2025-09,30.0,0.0,2.0,126.0,377.0,30.0,30,2.0,30,110.0,30,0.0,0.0
PIH,2025-10,31.0,0.0,1.0,30.0,390.0,31.0,31,1.0,31,100.0,31,0.0,0.0
PIH,2025-11,30.0,1.0,1.0,144.0,358.0,29.0,30,1.0,29,81.0,29,0.0,0.0
PIH,2025-12,31.0,0.0,1.0,54.0,340.0,31.0,31,1.0,31,91.0,31,0.0,72.0
PIH,2026-01,31.0,0.0,3.0,320.0,316.0,31.0,31,3.0,30,93.0,31,12.0,0.0
PIH,2026-02,28.0,0.0,0.0,16.0,393.0,28.0,28,1.0,28,83.0,28,0.0,0.0
PIH,2026-03,31.0,0.0,2.0,316.0,447.0,31.0,31,3.0,31,89.0,31,39.0,0.0
PIH,2026-04,30.0,0.0,4.0,257.0,352.0,30.0,30,6.0,30,90.0,30,20.0,90.0
PIH,2026-05,54.0,0.0,0.0,3.0,703.0,54.0,54,0.0,54,164.0,54,0.0,0.0
PIH,2026-06,60.0,0.0,3.0,179.0,830.0,60.0,60,3.0,60,182.0,60,0.0,31.0
PIH,2026-07,61.0,0.0,6.0,713.0,909.0,61.0,61,9.0,61,208.0,61,0.0,276.0
PIR,2025-08,53.0,1.0,13.0,1674.0,814.0,52.0,54,21.0,52,235.0,54,396.0,364.0
PIR,2025-09,51.0,2.0,10.0,1295.0,840.0,49.0,51,7.0,49,214.0,49,103.0,0.0
PIR,2025-10,70.0,0.0,10.0,586.0,1188.0,70.0,70,10.0,70,310.0,70,44.0,84.0
PIR,2025-11,68.0,2.0,9.0,650.0,1367.0,66.0,68,6.0,66,347.0,66,0.0,0.0
PIR,2025-12,55.0,1.0,5.0,1970.0,1458.0,54.0,55,10.0,54,232.0,54,133.0,0.0
PIR,2026-01,53.0,1.0,11.0,2001.0,1293.0,52.0,53,9.0,52,210.0,52,74.0,186.0
PIR,2026-02,48.0,0.0,9.0,1134.0,971.0,48.0,48,8.0,48,185.0,48,0.0,168.0
PIR,2026-03,53.0,4.0,8.0,1020.0,1072.0,49.0,53,7.0,49,225.0,49,92.0,0.0
PIR,2026-04,51.0,0.0,7.0,656.0,1044.0,51.0,51,4.0,51,238.0,51,31.0,44.0
PIR,2026-05,54.0,1.0,7.0,584.0,817.0,53.0,54,9.0,54,250.0,54,75.0,0.0
PIR,2026-06,51.0,0.0,5.0,331.0,726.0,51.0,51,15.0,51,250.0,51,83.0,223.0
PIR,2026-07,53.0,0.0,12.0,1908.0,954.0,53.0,53,13.0,51,296.0,52,328.0,168.0
PIT,2025-08,3841.0,46.0,648.0,52080.0,52960.0,3795.0,3839,841.0,3792,24620.0,3795,7247.0,4843.0
PIT,2025-09,3672.0,24.0,478.0,37176.0,51071.0,3648.0,3671,566.0,3642,22305.0,3642,6991.0,2440.0
PIT,2025-10,3850.0,31.0,599.0,41559.0,54020.0,3819.0,3851,774.0,3818,22711.0,3820,6722.0,1095.0
PIT,2025-11,3510.0,62.0,524.0,42568.0,51435.0,3448.0,3504,676.0,3431,20316.0,3435,6982.0,1163.0
PIT,2025-12,3474.0,52.0,750.0,56734.0,75523.0,3422.0,3475,944.0,3429,22111.0,3430,7397.0,1890.0
PIT,2026-01,3099.0,187.0,501.0,47275.0,62530.0,2912.0,3102,626.0,2913,18682.0,2916,5711.0,4414.0
PIT,2026-02,2943.0,79.0,419.0,30580.0,56774.0,2864.0,2943,601.0,2862,16891.0,2866,5874.0,1776.0
PIT,2026-03,3434.0,99.0,742.0,64336.0,51133.0,3335.0,3434,1009.0,3316,20580.0,3326,10449.0,3810.0
PIT,2026-04,3531.0,18.0,509.0,39973.0,49656.0,3513.0,3530,648.0,3512,20105.0,3513,4535.0,1226.0
PIT,2026-05,3778.0,30.0,597.0,44183.0,57811.0,3748.0,3779,748.0,3744,26249.0,3746,5542.0,3273.0
PIT,2026-06,3815.0,64.0,749.0,68656.0,59509.0,3751.0,3816,938.0,3740,26670.0,3750,8322.0,4919.0
PIT,2026-07,3910.0,151.0,921.0,80557.0,59717.0,3760.0,3910,1199.0,3738,27786.0,3744,12402.0,6685.0
PLN,2025-08,126.0,1.0,24.0,4470.0,1949.0,125.0,126,24.0,125,653.0,126,186.0,238.0
PLN,2025-09,98.0,1.0,14.0,848.0,1355.0,97.0,98,14.0,97,524.0,97,36.0,54.0
PLN,2025-10,54.0,0.0,5.0,490.0,679.0,54.0,54,5.0,54,284.0,54,24.0,18.0
PLN,2025-11,52.0,2.0,7.0,800.0,780.0,50.0,52,8.0,50,259.0,50,382.0,345.0
PLN,2025-12,53.0,11.0,13.0,1646.0,787.0,42.0,53,19.0,42,280.0,42,194.0,202.0
PLN,2026-01,53.0,15.0,12.0,1163.0,706.0,38.0,53,13.0,38,206.0,38,90.0,180.0
PLN,2026-02,48.0,9.0,14.0,3553.0,678.0,39.0,48,14.0,37,213.0,39,54.0,322.0
PLN,2026-03,53.0,10.0,14.0,1532.0,597.0,43.0,53,18.0,42,220.0,43,55.0,478.0
PLN,2026-04,51.0,36.0,4.0,96.0,194.0,15.0,51,5.0,15,70.0,15,0.0,0.0
PLN,2026-05,70.0,8.0,6.0,729.0,758.0,62.0,71,9.0,63,309.0,63,22.0,23.0
PLN,2026-06,102.0,4.0,16.0,1176.0,1386.0,98.0,102,26.0,96,477.0,97,179.0,1283.0
PLN,2026-07,114.0,4.0,19.0,1681.0,1944.0,110.0,114,28.0,110,582.0,110,242.0,128.0
PNS,2025-08,1287.0,17.0,264.0,30994.0,18650.0,1270.0,1285,296.0,1267,7998.0,1270,2948.0,2002.0
PNS,2025-09,1091.0,4.0,132.0,17843.0,14350.0,1087.0,1090,157.0,1085,6356.0,1086,1824.0,674.0
PNS,2025-10,1164.0,6.0,170.0,18838.0,15886.0,1158.0,1164,206.0,1158,6740.0,1159,1831.0,79.0
PNS,2025-11,1021.0,24.0,192.0,20328.0,15047.0,997.0,1021,214.0,996,5354.0,1001,1796.0,925.0
PNS,2025-12,991.0,28.0,245.0,31577.0,13799.0,963.0,991,281.0,953,5554.0,965,2811.0,990.0
PNS,2026-01,924.0,54.0,163.0,19117.0,13159.0,870.0,923,190.0,858,3957.0,866,1691.0,2264.0
PNS,2026-02,933.0,17.0,133.0,9304.0,12778.0,916.0,933,169.0,920,4456.0,921,1406.0,1027.0
PNS,2026-03,1263.0,38.0,265.0,20366.0,17470.0,1226.0,1265,341.0,1227,6502.0,1230,3746.0,2335.0
PNS,2026-04,1282.0,10.0,228.0,19792.0,17808.0,1272.0,1283,255.0,1277,7283.0,1277,2404.0,774.0
PNS,2026-05,1320.0,17.0,314.0,23926.0,17713.0,1303.0,1320,362.0,1301,12092.0,1303,7272.0,1381.0
PNS,2026-06,1307.0,41.0,328.0,25272.0,17542.0,1266.0,1306,361.0,1269,8376.0,1272,4060.0,2297.0
PNS,2026-07,1358.0,27.0,416.0,38264.0,18706.0,1331.0,1358,423.0,1317,9506.0,1334,5614.0,1327.0
PPG,2025-08,12.0,0.0,2.0,44.0,144.0,12.0,12,3.0,12,81.0,12,0.0,0.0
PPG,2025-09,14.0,0.0,1.0,70.0,178.0,14.0,14,2.0,14,99.0,14,0.0,0.0
PPG,2025-10,13.0,0.0,2.0,33.0,168.0,13.0,13,1.0,13,107.0,13,0.0,0.0
PPG,2025-11,12.0,0.0,0.0,19.0,152.0,12.0,12,0.0,12,100.0,12,0.0,0.0
PPG,2025-12,14.0,0.0,2.0,117.0,183.0,14.0,14,6.0,14,124.0,14,0.0,82.0
PPG,2026-01,14.0,1.0,2.0,93.0,149.0,13.0,14,4.0,13,148.0,13,0.0,0.0
PPG,2026-02,12.0,0.0,1.0,38.0,146.0,12.0,12,3.0,12,92.0,12,0.0,0.0
PPG,2026-03,14.0,0.0,0.0,1.0,177.0,14.0,14,2.0,14,102.0,14,0.0,0.0
PPG,2026-04,8.0,0.0,2.0,78.0,102.0,8.0,8,1.0,8,49.0,8,0.0,0.0
PQI,2025-08,31.0,0.0,0.0,8.0,208.0,31.0,31,4.0,31,194.0,31,47.0,0.0
PQI,2025-09,30.0,0.0,1.0,41.0,271.0,30.0,30,13.0,30,125.0,30,0.0,272.0
PQI,2025-10,31.0,0.0,3.0,127.0,383.0,31.0,31,10.0,31,127.0,31,0.0,0.0
PQI,2025-11,30.0,0.0,0.0,19.0,545.0,30.0,30,9.0,30,132.0,30,26.0,0.0
PQI,2025-12,31.0,0.0,2.0,602.0,1034.0,31.0,31,12.0,31,140.0,31,47.0,0.0
PQI,2026-01,31.0,3.0,0.0,22.0,914.0,28.0,31,7.0,29,141.0,29,76.0,96.0
PQI,2026-02,28.0,3.0,4.0,255.0,658.0,25.0,28,6.0,25,101.0,25,45.0,210.0
PQI,2026-03,31.0,0.0,1.0,30.0,559.0,31.0,31,11.0,31,132.0,31,58.0,0.0
PQI,2026-04,30.0,0.0,4.0,190.0,606.0,30.0,30,10.0,30,137.0,30,7.0,0.0
PQI,2026-05,31.0,1.0,1.0,46.0,260.0,30.0,31,12.0,30,131.0,30,21.0,0.0
PQI,2026-06,30.0,1.0,1.0,122.0,241.0,29.0,30,10.0,29,119.0,29,12.0,0.0
PQI,2026-07,31.0,2.0,2.0,153.0,200.0,29.0,31,20.0,29,130.0,29,296.0,0.0
PRC,2025-08,62.0,0.0,15.0,1245.0,1045.0,62.0,62,17.0,62,211.0,62,250.0,14.0
PRC,2025-09,60.0,0.0,8.0,771.0,1122.0,60.0,60,9.0,60,193.0,60,7.0,45.0
PRC,2025-10,68.0,0.0,8.0,703.0,1331.0,68.0,68,8.0,68,239.0,68,62.0,0.0
PRC,2025-11,88.0,0.0,5.0,747.0,1702.0,88.0,88,7.0,87,285.0,88,57.0,20.0
PRC,2025-12,92.0,0.0,11.0,1225.0,1785.0,92.0,92,20.0,91,319.0,92,26.0,0.0
PRC,2026-01,93.0,1.0,13.0,1738.0,1733.0,92.0,93,24.0,91,335.0,92,109.0,0.0
PRC,2026-02,84.0,0.0,14.0,3007.0,1674.0,84.0,84,13.0,84,283.0,84,82.0,0.0
PRC,2026-03,93.0,3.0,10.0,1062.0,1878.0,90.0,93,8.0,89,315.0,89,73.0,136.0
PRC,2026-04,82.0,0.0,15.0,4975.0,1684.0,82.0,82,11.0,79,281.0,82,19.0,33.0
PRC,2026-05,84.0,0.0,9.0,611.0,1652.0,84.0,84,12.0,83,289.0,83,269.0,0.0
PRC,2026-06,81.0,0.0,10.0,1154.0,1561.0,81.0,81,12.0,80,264.0,81,153.0,149.0
PRC,2026-07,85.0,1.0,17.0,1989.0,1795.0,84.0,85,16.0,85,289.0,85,122.0,182.0
PSC,2025-08,559.0,3.0,35.0,3183.0,8977.0,556.0,558,80.0,556,3335.0,556,602.0,154.0
PSC,2025-09,488.0,0.0,42.0,4572.0,7905.0,488.0,489,59.0,489,3005.0,489,434.0,77.0
PSC,2025-10,566.0,2.0,49.0,4564.0,9984.0,564.0,566,82.0,564,3413.0,564,639.0,313.0
PSC,2025-11,542.0,9.0,59.0,7663.0,9816.0,533.0,542,65.0,528,3298.0,532,408.0,1520.0
PSC,2025-12,567.0,3.0,69.0,6988.0,10279.0,564.0,568,107.0,563,3584.0,565,1229.0,537.0
PSC,2026-01,518.0,2.0,74.0,9498.0,11477.0,516.0,517,103.0,513,3251.0,514,538.0,2731.0
PSC,2026-02,476.0,3.0,59.0,6199.0,9540.0,473.0,476,80.0,471,2995.0,474,765.0,1163.0
PSC,2026-03,507.0,4.0,52.0,5315.0,8648.0,503.0,505,89.0,499,3060.0,499,935.0,720.0
PSC,2026-04,466.0,0.0,62.0,6894.0,8144.0,466.0,466,73.0,466,2797.0,466,783.0,469.0
PSC,2026-05,497.0,0.0,77.0,8288.0,8045.0,497.0,498,104.0,498,3066.0,498,958.0,264.0
PSC,2026-06,499.0,0.0,74.0,6843.0,8489.0,499.0,499,97.0,499,2932.0,499,2237.0,405.0
PSC,2026-07,505.0,4.0,64.0,5409.0,8713.0,501.0,505,105.0,501,2962.0,502,781.0,308.0
PSE,2025-08,82.0,1.0,14.0,1052.0,1071.0,81.0,82,19.0,81,435.0,81,254.0,0.0
PSE,2025-09,48.0,0.0,1.0,47.0,617.0,48.0,48,9.0,48,260.0,48,40.0,0.0
PSE,2025-10,42.0,0.0,2.0,95.0,559.0,42.0,42,13.0,42,210.0,42,142.0,0.0
PSE,2025-11,56.0,0.0,5.0,313.0,726.0,56.0,56,9.0,56,300.0,56,33.0,0.0
PSE,2025-12,84.0,2.0,11.0,684.0,1084.0,82.0,85,29.0,83,464.0,83,116.0,0.0
PSE,2026-01,59.0,4.0,14.0,1175.0,752.0,55.0,57,18.0,54,293.0,54,213.0,0.0
PSE,2026-02,31.0,1.0,6.0,539.0,454.0,30.0,32,12.0,32,205.0,32,29.0,0.0
PSE,2026-03,42.0,2.0,3.0,326.0,564.0,40.0,41,3.0,39,243.0,39,233.0,0.0
PSE,2026-04,43.0,0.0,5.0,366.0,602.0,43.0,43,4.0,43,296.0,43,55.0,108.0
PSE,2026-05,60.0,0.0,2.0,92.0,796.0,60.0,61,3.0,61,484.0,61,17.0,0.0
PSE,2026-06,61.0,0.0,4.0,372.0,768.0,61.0,60,4.0,59,374.0,60,6.0,4.0
PSE,2026-07,84.0,3.0,4.0,293.0,1043.0,81.0,85,20.0,83,470.0,83,93.0,45.0
PSG,2025-08,62.0,1.0,14.0,963.0,645.0,61.0,62,13.0,61,246.0,61,0.0,0.0
PSG,2025-09,60.0,3.0,12.0,760.0,682.0,57.0,60,10.0,55,233.0,55,111.0,0.0
PSG,2025-10,62.0,2.0,2.0,216.0,671.0,60.0,62,6.0,59,231.0,59,33.0,51.0
PSG,2025-11,58.0,2.0,4.0,187.0,709.0,56.0,58,8.0,56,247.0,56,102.0,0.0
PSG,2025-12,60.0,9.0,16.0,1258.0,649.0,51.0,60,17.0,52,216.0,52,171.0,194.0
PSG,2026-01,60.0,8.0,10.0,1316.0,539.0,52.0,60,14.0,51,218.0,51,62.0,109.0
PSG,2026-02,56.0,3.0,8.0,517.0,512.0,53.0,56,13.0,54,219.0,54,44.0,12.0
PSG,2026-03,62.0,2.0,9.0,732.0,729.0,60.0,62,14.0,60,233.0,60,46.0,4.0
PSG,2026-04,60.0,0.0,10.0,934.0,539.0,60.0,60,11.0,60,249.0,60,23.0,0.0
PSG,2026-05,62.0,1.0,6.0,255.0,454.0,61.0,62,6.0,61,215.0,61,0.0,0.0
PSG,2026-06,60.0,0.0,2.0,111.0,479.0,60.0,60,4.0,60,202.0,60,3.0,0.0
PSG,2026-07,62.0,1.0,3.0,187.0,470.0,61.0,62,5.0,61,217.0,61,3.0,0.0
PSM,2025-08,38.0,0.0,6.0,328.0,651.0,38.0,38,4.0,37,204.0,38,4.0,29.0
PSM,2025-09,21.0,0.0,2.0,209.0,290.0,21.0,21,2.0,21,124.0,21,0.0,0.0
PSM,2025-10,40.0,0.0,10.0,773.0,607.0,40.0,40,4.0,40,232.0,40,29.0,22.0
PSM,2025-11,35.0,0.0,5.0,172.0,505.0,35.0,35,4.0,35,192.0,35,71.0,0.0
PSM,2025-12,32.0,0.0,6.0,549.0,561.0,32.0,32,5.0,32,200.0,32,37.0,0.0
PSM,2026-01,25.0,1.0,7.0,354.0,498.0,24.0,25,3.0,24,141.0,24,26.0,13.0
PSM,2026-02,37.0,1.0,7.0,391.0,777.0,36.0,37,8.0,36,219.0,36,37.0,0.0
PSM,2026-03,36.0,0.0,14.0,2592.0,623.0,36.0,36,11.0,35,223.0,36,139.0,270.0
PSM,2026-04,50.0,0.0,8.0,262.0,890.0,50.0,50,7.0,50,274.0,50,108.0,0.0
PSM,2026-05,47.0,1.0,11.0,2190.0,660.0,46.0,47,9.0,45,290.0,47,80.0,397.0
PSM,2026-06,33.0,0.0,12.0,1711.0,453.0,33.0,33,8.0,33,182.0,33,90.0,29.0
PSM,2026-07,36.0,0.0,12.0,952.0,621.0,36.0,36,9.0,36,210.0,36,84.0,241.0
PSP,2025-08,738.0,2.0,131.0,12099.0,12635.0,736.0,741,167.0,737,3994.0,738,1276.0,331.0
PSP,2025-09,805.0,4.0,117.0,8541.0,14259.0,801.0,805,128.0,800,4526.0,801,840.0,70.0
PSP,2025-10,1266.0,6.0,213.0,17450.0,21328.0,1260.0,1266,241.0,1261,7538.0,1261,1949.0,104.0
PSP,2025-11,1413.0,22.0,254.0,19680.0,25143.0,1391.0,1415,261.0,1390,9412.0,1391,5036.0,903.0
PSP,2025-12,1477.0,13.0,307.0,29141.0,24987.0,1464.0,1479,338.0,1465,9697.0,1466,4653.0,1789.0
PSP,2026-01,1560.0,82.0,264.0,29978.0,22621.0,1478.0,1562,272.0,1480,10257.0,1481,6492.0,1880.0
PSP,2026-02,1492.0,13.0,295.0,30305.0,24941.0,1479.0,1493,285.0,1471,11731.0,1481,3287.0,836.0
PSP,2026-03,1826.0,22.0,362.0,28740.0,31975.0,1804.0,1826,318.0,1798,14744.0,1801,2683.0,959.0
PSP,2026-04,1680.0,8.0,314.0,23168.0,30982.0,1672.0,1679,324.0,1667,12420.0,1673,3323.0,476.0
PSP,2026-05,1215.0,10.0,280.0,22766.0,20736.0,1205.0,1213,283.0,1202,7426.0,1203,5624.0,424.0
PSP,2026-06,804.0,7.0,186.0,13750.0,13833.0,797.0,802,215.0,796,4369.0,796,4082.0,337.0
PSP,2026-07,791.0,3.0,174.0,13669.0,14339.0,788.0,791,227.0,784,4273.0,786,3873.0,1368.0
PVD,2025-08,1382.0,15.0,238.0,20141.0,19125.0,1367.0,1386,369.0,1372,7806.0,1376,2796.0,1652.0
PVD,2025-09,1318.0,6.0,174.0,13842.0,19018.0,1312.0,1316,232.0,1312,7111.0,1312,1711.0,949.0
PVD,2025-10,1404.0,4.0,238.0,21598.0,19750.0,1400.0,1405,303.0,1403,7438.0,1403,2372.0,108.0
PVD,2025-11,1351.0,26.0,263.0,20442.0,20280.0,1325.0,1351,292.0,1323,7672.0,1325,3066.0,667.0
PVD,2025-12,1252.0,21.0,305.0,25189.0,19531.0,1231.0,1249,392.0,1229,6876.0,1230,3018.0,2622.0
PVD,2026-01,1098.0,81.0,203.0,16661.0,18565.0,1017.0,1099,268.0,1018,6050.0,1018,2216.0,2661.0
PVD,2026-02,1138.0,99.0,221.0,16752.0,19566.0,1039.0,1136,295.0,1042,5771.0,1042,2594.0,1354.0
PVD,2026-03,1261.0,44.0,254.0,23531.0,19029.0,1217.0,1263,361.0,1213,6211.0,1215,3136.0,1891.0
PVD,2026-04,1349.0,5.0,194.0,14747.0,19756.0,1344.0,1350,284.0,1344,7196.0,1344,2626.0,802.0
PVD,2026-05,1366.0,8.0,243.0,15633.0,18737.0,1358.0,1363,301.0,1357,7842.0,1357,2105.0,824.0
PVD,2026-06,1315.0,40.0,276.0,28875.0,18497.0,1275.0,1314,302.0,1271,7161.0,1274,2380.0,1431.0
PVD,2026-07,1361.0,88.0,349.0,34838.0,20392.0,1273.0,1361,391.0,1268,6685.0,1275,4216.0,3341.0
PVU,2025-08,236.0,1.0,31.0,2328.0,4556.0,235.0,235,55.0,233,1377.0,233,254.0,992.0
PVU,2025-09,184.0,1.0,18.0,1824.0,3405.0,183.0,184,31.0,184,1045.0,184,337.0,380.0
PVU,2025-10,197.0,0.0,23.0,2781.0,3753.0,197.0,197,40.0,197,1120.0,197,139.0,770.0
PVU,2025-11,206.0,2.0,23.0,3284.0,3697.0,204.0,205,37.0,199,1124.0,201,316.0,413.0
PVU,2025-12,221.0,0.0,32.0,3366.0,4222.0,221.0,221,49.0,221,1262.0,221,284.0,124.0
PVU,2026-01,200.0,4.0,31.0,5200.0,4043.0,196.0,200,46.0,196,1078.0,196,136.0,484.0
PVU,2026-02,189.0,0.0,24.0,2264.0,3863.0,189.0,189,31.0,189,1035.0,189,207.0,505.0
PVU,2026-03,249.0,2.0,30.0,2457.0,4533.0,247.0,249,60.0,247,1449.0,248,361.0,182.0
PVU,2026-04,225.0,2.0,35.0,4418.0,4012.0,223.0,225,59.0,222,1297.0,223,339.0,155.0
PVU,2026-05,228.0,2.0,36.0,3591.0,4032.0,226.0,228,56.0,226,1307.0,226,437.0,338.0
PVU,2026-06,246.0,2.0,44.0,5076.0,4505.0,244.0,246,81.0,243,1534.0,243,524.0,278.0
PVU,2026-07,250.0,2.0,36.0,3411.0,4598.0,248.0,250,66.0,246,1553.0,247,515.0,95.0
PWM,2025-08,1309.0,17.0,227.0,17940.0,20339.0,1292.0,1310,261.0,1294,9103.0,1294,2148.0,1118.0
PWM,2025-09,1202.0,7.0,140.0,13483.0,18398.0,1195.0,1202,183.0,1197,8143.0,1197,2402.0,258.0
PWM,2025-10,1266.0,8.0,204.0,17326.0,19170.0,1258.0,1264,250.0,1255,7513.0,1257,2434.0,196.0
PWM,2025-11,656.0,20.0,118.0,8846.0,10590.0,636.0,651,128.0,635,3171.0,637,1045.0,183.0
PWM,2025-12,546.0,12.0,126.0,11137.0,10894.0,534.0,547,166.0,535,3030.0,535,1935.0,858.0
PWM,2026-01,556.0,43.0,97.0,9676.0,10779.0,513.0,556,110.0,516,2774.0,516,727.0,384.0
PWM,2026-02,521.0,33.0,84.0,6968.0,9429.0,488.0,520,107.0,491,2612.0,492,753.0,1102.0
PWM,2026-03,641.0,28.0,122.0,16581.0,11688.0,613.0,642,173.0,608,3022.0,609,1208.0,1238.0
PWM,2026-04,720.0,10.0,115.0,11981.0,10998.0,710.0,723,157.0,715,3893.0,716,1219.0,79.0
PWM,2026-05,1056.0,10.0,141.0,10671.0,15773.0,1046.0,1057,197.0,1047,6151.0,1047,1926.0,857.0
PWM,2026-06,1201.0,26.0,224.0,27967.0,18569.0,1175.0,1199,232.0,1167,7161.0,1170,2785.0,906.0
PWM,2026-07,1251.0,71.0,316.0,33173.0,18932.0,1180.0,1253,349.0,1173,7783.0,1175,3333.0,2508.0
RAP,2025-08,560.0,7.0,124.0,10989.0,11687.0,553.0,559,142.0,550,3720.0,551,1626.0,783.0
RAP,2025-09,496.0,2.0,66.0,4800.0,8616.0,494.0,496,72.0,493,3436.0,494,1191.0,159.0
RAP,2025-10,428.0,1.0,47.0,4177.0,7939.0,427.0,428,55.0,427,2329.0,427,476.0,43.0
RAP,2025-11,343.0,8.0,45.0,4287.0,6914.0,335.0,342,48.0,332,1876.0,334,477.0,99.0
RAP,2025-12,330.0,0.0,66.0,8302.0,8155.0,330.0,331,78.0,329,1902.0,331,804.0,219.0
RAP,2026-01,308.0,14.0,43.0,5029.0,7277.0,294.0,309,63.0,296,1713.0,297,460.0,849.0
RAP,2026-02,321.0,2.0,38.0,3057.0,6992.0,319.0,322,51.0,321,1754.0,321,944.0,130.0
RAP,2026-03,364.0,8.0,64.0,6677.0,7765.0,356.0,364,76.0,352,2194.0,354,640.0,819.0
RAP,2026-04,465.0,8.0,69.0,7664.0,10132.0,457.0,466,103.0,459,3214.0,460,1134.0,624.0
RAP,2026-05,624.0,8.0,107.0,10982.0,10931.0,616.0,623,136.0,614,4278.0,616,1241.0,886.0
RAP,2026-06,703.0,8.0,166.0,16448.0,11343.0,695.0,703,170.0,691,5164.0,695,1595.0,1028.0
RAP,2026-07,727.0,5.0,154.0,14281.0,12105.0,722.0,727,174.0,723,5648.0,724,2283.0,731.0
RDD,2025-08,181.0,0.0,30.0,3365.0,3280.0,181.0,181,34.0,181,877.0,181,1158.0,17.0
RDD,2025-09,129.0,0.0,13.0,1268.0,2283.0,129.0,128,18.0,128,582.0,128,290.0,70.0
RDD,2025-10,49.0,0.0,6.0,510.0,964.0,49.0,50,12.0,50,266.0,50,199.0,0.0
RDD,2025-11,149.0,6.0,21.0,3235.0,2875.0,143.0,149,31.0,143,797.0,143,761.0,1794.0
RDD,2025-12,166.0,9.0,40.0,7135.0,2883.0,157.0,166,53.0,156,829.0,157,1866.0,7389.0
RDD,2026-01,148.0,0.0,18.0,2832.0,2667.0,148.0,149,23.0,147,825.0,148,456.0,167.0
RDD,2026-02,133.0,0.0,21.0,2596.0,2472.0,133.0,133,26.0,132,755.0,133,623.0,168.0
RDD,2026-03,141.0,0.0,14.0,1611.0,2435.0,141.0,141,16.0,141,783.0,141,76.0,0.0
RDD,2026-04,141.0,0.0,31.0,2002.0,3128.0,141.0,141,30.0,140,773.0,140,382.0,0.0
RDD,2026-05,134.0,1.0,30.0,2878.0,2647.0,133.0,133,25.0,132,737.0,132,379.0,0.0
RDD,2026-06,141.0,1.0,42.0,4667.0,2822.0,140.0,141,51.0,139,761.0,141,1103.0,0.0
RDD,2026-07,144.0,0.0,35.0,3121.0,2855.0,144.0,144,40.0,143,739.0,144,393.0,86.0
RDM,2025-08,599.0,3.0,93.0,6755.0,10002.0,596.0,600,109.0,598,4105.0,598,857.0,354.0
RDM,2025-09,595.0,2.0,77.0,4174.0,11008.0,593.0,595,80.0,593,3764.0,593,527.0,71.0
RDM,2025-10,556.0,2.0,60.0,3572.0,10569.0,554.0,555,67.0,553,3201.0,553,475.0,210.0
RDM,2025-11,518.0,16.0,80.0,8283.0,10115.0,502.0,518,66.0,496,3029.0,504,583.0,168.0
RDM,2025-12,506.0,3.0,85.0,6659.0,10288.0,503.0,507,95.0,504,3312.0,505,1786.0,971.0
RDM,2026-01,487.0,10.0,80.0,9505.0,10187.0,477.0,487,80.0,469,2982.0,478,900.0,1689.0
RDM,2026-02,473.0,24.0,72.0,7095.0,9283.0,449.0,473,65.0,443,2870.0,448,600.0,1116.0
RDM,2026-03,596.0,8.0,76.0,6102.0,10486.0,588.0,596,80.0,590,3523.0,590,478.0,453.0
RDM,2026-04,591.0,3.0,85.0,5589.0,11010.0,588.0,591,66.0,589,4258.0,589,531.0,110.0
RDM,2026-05,583.0,2.0,99.0,6524.0,10097.0,581.0,582,110.0,580,4649.0,580,1111.0,436.0
RDM,2026-06,580.0,1.0,136.0,9689.0,9921.0,579.0,581,140.0,580,4769.0,580,2027.0,205.0
RDM,2026-07,596.0,1.0,134.0,10135.0,10987.0,595.0,596,127.0,594,4453.0,595,2044.0,184.0
RDU,2025-08,4640.0,62.0,985.0,84879.0,73903.0,4578.0,4634,1081.0,4569,33142.0,4580,9513.0,4468.0
RDU,2025-09,4484.0,23.0,644.0,58193.0,74417.0,4461.0,4485,731.0,4464,34137.0,4465,5919.0,2386.0
RDU,2025-10,4929.0,31.0,937.0,69512.0,90285.0,4898.0,4932,1068.0,4901,36738.0,4903,10860.0,1479.0
RDU,2025-11,4796.0,98.0,875.0,75489.0,86731.0,4698.0,4794,990.0,4699,34746.0,4700,12289.0,1510.0
RDU,2025-12,4803.0,82.0,1195.0,97728.0,88455.0,4721.0,4801,1319.0,4726,34601.0,4728,12370.0,2562.0
RDU,2026-01,4163.0,340.0,680.0,57176.0,68915.0,3823.0,4161,776.0,3790,25980.0,3791,7218.0,6005.0
RDU,2026-02,3954.0,146.0,701.0,56776.0,67593.0,3808.0,3955,844.0,3835,27332.0,3835,8597.0,1985.0
RDU,2026-03,4658.0,131.0,1115.0,92282.0,79093.0,4528.0,4660,1256.0,4526,30540.0,4528,13781.0,2761.0
RDU,2026-04,4748.0,30.0,794.0,61551.0,83759.0,4719.0,4750,950.0,4720,33977.0,4723,8991.0,1979.0
RDU,2026-05,4884.0,42.0,881.0,66563.0,84257.0,4842.0,4887,947.0,4848,34951.0,4851,7329.0,1907.0
RDU,2026-06,4615.0,96.0,974.0,89655.0,78830.0,4519.0,4615,1113.0,4518,36381.0,4525,10886.0,3369.0
RDU,2026-07,4787.0,194.0,1415.0,147217.0,80770.0,4593.0,4787,1577.0,4549,44978.0,4599,24701.0,7441.0
RFD,2025-08,77.0,0.0,15.0,1775.0,884.0,77.0,77,11.0,76,1723.0,77,143.0,92.0
RFD,2025-09,60.0,0.0,9.0,500.0,734.0,60.0,60,5.0,60,385.0,60,28.0,20.0
RFD,2025-10,83.0,0.0,25.0,2959.0,938.0,83.0,83,23.0,83,524.0,83,57.0,91.0
RFD,2025-11,69.0,0.0,18.0,1386.0,959.0,69.0,69,11.0,69,425.0,69,244.0,0.0
RFD,2025-12,84.0,1.0,31.0,2191.0,1340.0,83.0,84,18.0,82,476.0,83,233.0,152.0
RFD,2026-01,70.0,0.0,25.0,2998.0,872.0,70.0,70,13.0,70,473.0,70,230.0,5.0
RFD,2026-02,70.0,0.0,22.0,1932.0,905.0,70.0,70,10.0,70,394.0,70,168.0,8.0
RFD,2026-03,100.0,2.0,29.0,3477.0,1326.0,98.0,100,20.0,98,753.0,98,525.0,520.0
RFD,2026-04,88.0,0.0,21.0,1518.0,1027.0,88.0,88,12.0,87,535.0,88,45.0,147.0
RFD,2026-05,90.0,0.0,20.0,2252.0,1093.0,90.0,90,12.0,90,541.0,90,1219.0,0.0
RFD,2026-06,96.0,0.0,28.0,2982.0,1126.0,96.0,96,17.0,96,708.0,96,211.0,129.0
RFD,2026-07,98.0,0.0,26.0,2088.0,1178.0,98.0,98,22.0,98,683.0,98,234.0,462.0
RHI,2025-08,123.0,4.0,16.0,2178.0,1409.0,119.0,123,19.0,118,501.0,119,72.0,316.0
RHI,2025-09,95.0,0.0,5.0,379.0,1157.0,95.0,95,8.0,94,360.0,94,8.0,0.0
RHI,2025-10,62.0,0.0,4.0,577.0,453.0,62.0,62,4.0,62,208.0,62,0.0,116.0
RHI,2025-11,58.0,5.0,8.0,1172.0,609.0,53.0,58,8.0,53,201.0,53,130.0,487.0
RHI,2025-12,59.0,3.0,8.0,889.0,738.0,56.0,59,12.0,56,243.0,57,123.0,0.0
RHI,2026-01,61.0,4.0,9.0,1639.0,834.0,57.0,61,11.0,57,230.0,58,43.0,176.0
RHI,2026-02,56.0,1.0,11.0,1750.0,889.0,55.0,56,11.0,54,208.0,55,71.0,198.0
RHI,2026-03,62.0,3.0,8.0,1207.0,978.0,59.0,62,10.0,58,229.0,58,42.0,351.0
RHI,2026-04,60.0,2.0,9.0,509.0,937.0,58.0,60,9.0,58,228.0,58,22.0,342.0
RHI,2026-05,68.0,0.0,3.0,142.0,916.0,68.0,68,4.0,68,293.0,68,2.0,0.0
RHI,2026-06,79.0,0.0,7.0,307.0,1101.0,79.0,79,9.0,79,346.0,79,27.0,143.0
RHI,2026-07,93.0,2.0,16.0,1500.0,1368.0,91.0,93,17.0,91,431.0,91,113.0,141.0
RIC,2025-08,1543.0,21.0,328.0,25238.0,25040.0,1522.0,1543,380.0,1517,11595.0,1522,3357.0,2248.0
RIC,2025-09,1488.0,8.0,240.0,17722.0,24413.0,1480.0,1487,282.0,1477,10675.0,1478,1959.0,1016.0
RIC,2025-10,1691.0,17.0,359.0,28160.0,28611.0,1674.0,1693,408.0,1680,11781.0,1680,3794.0,1731.0
RIC,2025-11,1649.0,58.0,303.0,25663.0,28540.0,1591.0,1648,350.0,1597,12035.0,1597,4703.0,851.0
RIC,2025-12,1616.0,42.0,441.0,41863.0,33961.0,1574.0,1615,503.0,1583,13116.0,1586,5487.0,3743.0
RIC,2026-01,1495.0,134.0,263.0,23171.0,24123.0,1361.0,1494,340.0,1358,10585.0,1359,3275.0,1313.0
RIC,2026-02,1458.0,57.0,232.0,18117.0,25885.0,1401.0,1458,297.0,1405,9930.0,1406,3036.0,740.0
RIC,2026-03,1684.0,73.0,397.0,37419.0,27821.0,1611.0,1684,457.0,1597,12158.0,1610,6184.0,1703.0
RIC,2026-04,1643.0,17.0,284.0,22294.0,26984.0,1626.0,1644,351.0,1629,11771.0,1629,2964.0,634.0
RIC,2026-05,1623.0,13.0,297.0,22205.0,26516.0,1610.0,1623,350.0,1611,12099.0,1612,2180.0,1301.0
RIC,2026-06,1655.0,38.0,361.0,32474.0,26447.0,1617.0,1655,383.0,1610,13171.0,1616,3390.0,1161.0
RIC,2026-07,1696.0,78.0,511.0,45098.0,26095.0,1618.0,1695,551.0,1616,13469.0,1623,6226.0,4178.0
RIW,2025-08,62.0,1.0,6.0,732.0,1055.0,61.0,62,18.0,61,305.0,61,236.0,0.0
RIW,2025-09,60.0,0.0,1.0,40.0,802.0,60.0,60,5.0,60,290.0,60,132.0,0.0
RIW,2025-10,62.0,0.0,14.0,2647.0,984.0,62.0,62,7.0,62,325.0,62,45.0,0.0
RIW,2025-11,59.0,0.0,8.0,1240.0,1120.0,59.0,59,4.0,59,294.0,59,15.0,0.0
RIW,2025-12,62.0,0.0,10.0,1061.0,1003.0,62.0,62,12.0,62,288.0,62,123.0,169.0
RIW,2026-01,63.0,0.0,8.0,1401.0,1272.0,63.0,62,12.0,62,290.0,62,57.0,0.0
RIW,2026-02,55.0,0.0,5.0,1207.0,1143.0,55.0,55,9.0,54,248.0,54,86.0,0.0
RIW,2026-03,62.0,0.0,13.0,1641.0,1222.0,62.0,62,11.0,60,283.0,60,125.0,34.0
RIW,2026-04,60.0,0.0,12.0,2275.0,1018.0,60.0,60,10.0,58,292.0,60,10.0,426.0
RIW,2026-05,62.0,1.0,11.0,1565.0,1201.0,61.0,62,11.0,62,285.0,62,64.0,0.0
RIW,2026-06,60.0,0.0,12.0,1785.0,1033.0,60.0,60,15.0,60,287.0,60,504.0,4.0
RIW,2026-07,62.0,0.0,11.0,2499.0,925.0,62.0,62,17.0,61,300.0,61,193.0,19.0
RKS,2025-08,62.0,0.0,13.0,4230.0,1045.0,62.0,62,17.0,59,235.0,59,367.0,73.0
RKS,2025-09,60.0,0.0,9.0,1218.0,1031.0,60.0,60,13.0,60,231.0,60,363.0,16.0
RKS,2025-10,62.0,0.0,11.0,2840.0,1119.0,62.0,62,7.0,60,223.0,62,22.0,111.0
RKS,2025-11,59.0,0.0,2.0,218.0,1232.0,59.0,59,2.0,58,183.0,59,13.0,0.0
RKS,2025-12,62.0,0.0,12.0,1759.0,1532.0,62.0,62,18.0,62,212.0,62,134.0,0.0
RKS,2026-01,62.0,0.0,15.0,3402.0,1407.0,62.0,62,16.0,62,212.0,62,53.0,34.0
RKS,2026-02,55.0,0.0,9.0,1168.0,1304.0,55.0,55,11.0,54,179.0,54,255.0,28.0
RKS,2026-03,62.0,1.0,14.0,2306.0,1481.0,61.0,62,15.0,61,221.0,61,411.0,327.0
RKS,2026-04,60.0,0.0,8.0,1090.0,1228.0,60.0,60,8.0,60,212.0,60,4.0,16.0
RKS,2026-05,62.0,1.0,11.0,1811.0,1358.0,61.0,62,13.0,61,254.0,62,100.0,29.0
RKS,2026-06,60.0,0.0,10.0,1302.0,986.0,60.0,60,15.0,60,222.0,60,316.0,21.0
RKS,2026-07,62.0,0.0,14.0,1827.0,1095.0,62.0,62,22.0,62,249.0,62,329.0,55.0
RNO,2025-08,1925.0,13.0,333.0,27771.0,30710.0,1912.0,1926,415.0,1908,9656.0,1913,2062.0,545.0
RNO,2025-09,1655.0,13.0,221.0,15463.0,26302.0,1642.0,1652,254.0,1638,8295.0,1638,1830.0,157.0
RNO,2025-10,1616.0,3.0,298.0,25096.0,27099.0,1613.0,1615,336.0,1609,8021.0,1612,2357.0,494.0
RNO,2025-11,1615.0,30.0,244.0,17789.0,27848.0,1585.0,1617,262.0,1586,8087.0,1588,2105.0,448.0
RNO,2025-12,1695.0,30.0,339.0,29240.0,31027.0,1665.0,1697,392.0,1661,8830.0,1672,2175.0,1329.0
RNO,2026-01,1664.0,22.0,194.0,16761.0,29985.0,1642.0,1661,251.0,1638,8552.0,1638,2176.0,1278.0
RNO,2026-02,1619.0,19.0,304.0,30800.0,31236.0,1600.0,1621,289.0,1595,9103.0,1600,3583.0,2800.0
RNO,2026-03,1830.0,13.0,313.0,22795.0,29774.0,1817.0,1825,329.0,1811,9537.0,1814,1360.0,417.0
RNO,2026-04,1631.0,7.0,299.0,18684.0,28493.0,1624.0,1633,351.0,1629,8380.0,1630,2035.0,378.0
RNO,2026-05,1708.0,12.0,341.0,23966.0,28982.0,1696.0,1709,386.0,1697,8554.0,1697,1882.0,386.0
RNO,2026-06,1946.0,19.0,506.0,31975.0,32115.0,1927.0,1949,558.0,1929,9740.0,1931,3167.0,1800.0
RNO,2026-07,2124.0,17.0,491.0,33597.0,34905.0,2107.0,2124,529.0,2102,10989.0,2105,3692.0,286.0
ROA,2025-08,183.0,6.0,43.0,7556.0,2959.0,177.0,184,53.0,180,1591.0,180,829.0,369.0
ROA,2025-09,202.0,2.0,37.0,4002.0,3199.0,200.0,202,38.0,199,1531.0,202,444.0,125.0
ROA,2025-10,210.0,1.0,46.0,4815.0,3632.0,209.0,209,58.0,208,1551.0,208,539.0,127.0
ROA,2025-11,151.0,6.0,39.0,3159.0,2830.0,145.0,151,38.0,142,1020.0,142,506.0,0.0
ROA,2025-12,160.0,8.0,55.0,6819.0,3257.0,152.0,161,61.0,151,1043.0,155,565.0,208.0
ROA,2026-01,129.0,9.0,23.0,2189.0,2192.0,120.0,127,27.0,118,840.0,118,220.0,67.0
ROA,2026-02,119.0,3.0,30.0,2946.0,2234.0,116.0,120,28.0,116,884.0,117,397.0,2.0
ROA,2026-03,167.0,10.0,48.0,5217.0,2858.0,157.0,167,53.0,159,1122.0,159,502.0,118.0
ROA,2026-04,154.0,0.0,37.0,3763.0,2814.0,154.0,154,35.0,151,955.0,151,454.0,99.0
ROA,2026-05,156.0,2.0,40.0,4060.0,3126.0,154.0,157,40.0,156,1121.0,156,271.0,50.0
ROA,2026-06,213.0,9.0,59.0,5944.0,4270.0,204.0,214,60.0,201,1600.0,202,640.0,319.0
ROA,2026-07,222.0,10.0,81.0,7777.0,4033.0,212.0,222,92.0,208,1743.0,209,1493.0,305.0
ROC,2025-08,897.0,14.0,173.0,13730.0,11712.0,883.0,898,215.0,884,5022.0,885,1915.0,1070.0
ROC,2025-09,811.0,4.0,103.0,7164.0,10740.0,807.0,808,129.0,804,4540.0,804,777.0,0.0
ROC,2025-10,802.0,3.0,146.0,10811.0,10905.0,799.0,803,159.0,799,4637.0,801,1309.0,560.0
ROC,2025-11,844.0,31.0,173.0,16032.0,14725.0,813.0,844,197.0,813,5705.0,815,2311.0,640.0
ROC,2025-12,808.0,25.0,270.0,27126.0,19506.0,783.0,805,279.0,775,6483.0,778,3058.0,2045.0
ROC,2026-01,754.0,51.0,195.0,18607.0,16904.0,703.0,759,187.0,705,6396.0,710,2097.0,992.0
ROC,2026-02,792.0,26.0,209.0,16531.0,19216.0,766.0,792,221.0,759,6560.0,765,2598.0,473.0
ROC,2026-03,845.0,27.0,197.0,17707.0,14297.0,819.0,844,243.0,820,5274.0,821,2086.0,917.0
ROC,2026-04,907.0,11.0,161.0,14143.0,13708.0,896.0,907,203.0,895,5192.0,896,1624.0,172.0
ROC,2026-05,930.0,9.0,167.0,16842.0,12869.0,922.0,930,179.0,917,5651.0,921,1563.0,1039.0
ROC,2026-06,925.0,21.0,198.0,19381.0,12579.0,904.0,926,221.0,899,5602.0,900,1295.0,1280.0
ROC,2026-07,966.0,56.0,274.0,21855.0,13441.0,910.0,966,328.0,902,5410.0,904,2799.0,3077.0
ROW,2025-08,93.0,1.0,22.0,3083.0,1596.0,92.0,93,23.0,92,483.0,92,125.0,644.0
ROW,2025-09,68.0,1.0,10.0,1282.0,1052.0,67.0,68,9.0,66,294.0,66,161.0,50.0
ROW,2025-10,62.0,0.0,7.0,1385.0,925.0,62.0,62,12.0,61,314.0,61,24.0,149.0
ROW,2025-11,59.0,2.0,10.0,1826.0,1062.0,57.0,59,9.0,58,283.0,59,28.0,195.0
ROW,2025-12,62.0,0.0,8.0,422.0,1085.0,62.0,62,12.0,62,311.0,62,7.0,0.0
ROW,2026-01,61.0,6.0,9.0,911.0,996.0,55.0,61,11.0,55,293.0,55,32.0,435.0
ROW,2026-02,71.0,1.0,10.0,777.0,1125.0,70.0,71,10.0,70,371.0,70,0.0,0.0
ROW,2026-03,124.0,1.0,23.0,2231.0,1751.0,123.0,124,16.0,123,613.0,123,145.0,88.0
ROW,2026-04,120.0,0.0,31.0,4340.0,1694.0,120.0,120,27.0,120,661.0,120,281.0,115.0
ROW,2026-05,133.0,4.0,29.0,4211.0,2149.0,129.0,133,30.0,128,741.0,128,523.0,87.0
ROW,2026-06,150.0,6.0,39.0,3722.0,2469.0,144.0,150,49.0,146,792.0,146,337.0,385.0
ROW,2026-07,154.0,1.0,35.0,2514.0,2525.0,153.0,154,31.0,154,879.0,154,265.0,210.0
RST,2025-08,100.0,4.0,28.0,2189.0,1715.0,96.0,100,37.0,98,390.0,98,395.0,747.0
RST,2025-09,120.0,1.0,15.0,1127.0,2378.0,119.0,121,19.0,119,458.0,120,67.0,133.0
RST,2025-10,96.0,0.0,29.0,3685.0,1661.0,96.0,95,39.0,95,406.0,95,483.0,156.0
RST,2025-11,89.0,7.0,20.0,1512.0,1675.0,82.0,89,19.0,82,370.0,82,192.0,405.0
RST,2025-12,99.0,9.0,51.0,5347.0,1941.0,90.0,99,49.0,90,443.0,90,823.0,3873.0
RST,2026-01,105.0,3.0,37.0,5142.0,2401.0,102.0,105,44.0,102,534.0,102,609.0,1126.0
RST,2026-02,113.0,0.0,27.0,2479.0,2287.0,113.0,113,31.0,113,473.0,113,371.0,1455.0
RST,2026-03,121.0,12.0,33.0,2524.0,2134.0,109.0,121,35.0,109,400.0,109,227.0,99.0
RST,2026-04,100.0,4.0,20.0,1905.0,1706.0,96.0,100,32.0,95,375.0,96,378.0,148.0
RST,2026-05,168.0,5.0,19.0,2307.0,2633.0,163.0,169,19.0,163,603.0,164,76.0,650.0
RST,2026-06,131.0,4.0,42.0,3596.0,2222.0,127.0,130,41.0,123,509.0,124,528.0,1001.0
RST,2026-07,123.0,5.0,31.0,4794.0,2333.0,118.0,123,31.0,117,542.0,117,365.0,164.0
RSW,2025-08,2060.0,23.0,385.0,30546.0,30801.0,2037.0,2058,434.0,2035,9902.0,2038,4832.0,1481.0
RSW,2025-09,1847.0,3.0,249.0,22405.0,24052.0,1844.0,1848,253.0,1843,8840.0,1846,2465.0,436.0
RSW,2025-10,2369.0,14.0,450.0,34617.0,32348.0,2355.0,2375,456.0,2344,11190.0,2365,4337.0,604.0
RSW,2025-11,2991.0,41.0,499.0,51683.0,45352.0,2950.0,2991,566.0,2942,15112.0,2944,10313.0,1344.0
RSW,2025-12,3480.0,67.0,879.0,77058.0,57149.0,3413.0,3488,1042.0,3417,19291.0,3425,19361.0,2529.0
RSW,2026-01,3454.0,142.0,763.0,61650.0,52676.0,3312.0,3452,847.0,3291,20216.0,3316,14217.0,3422.0
RSW,2026-02,3551.0,102.0,786.0,58015.0,64178.0,3449.0,3555,784.0,3439,22528.0,3454,10130.0,1436.0
RSW,2026-03,4504.0,145.0,1220.0,109557.0,81588.0,4359.0,4504,1268.0,4345,30995.0,4362,23608.0,1796.0
RSW,2026-04,3632.0,25.0,682.0,56845.0,59316.0,3607.0,3627,737.0,3582,22170.0,3602,9982.0,740.0
RSW,2026-05,2802.0,15.0,518.0,43072.0,43677.0,2787.0,2795,565.0,2770,14461.0,2782,5806.0,1479.0
RSW,2026-06,2087.0,19.0,445.0,35190.0,30625.0,2068.0,2083,476.0,2048,11168.0,2063,4405.0,1336.0
RSW,2026-07,2054.0,61.0,490.0,45964.0,29859.0,1993.0,2056,589.0,1983,10190.0,1994,7612.0,1334.0
SAF,2025-08,340.0,6.0,62.0,4992.0,6474.0,334.0,340,69.0,334,1795.0,335,521.0,1439.0
SAF,2025-09,330.0,5.0,48.0,3920.0,5905.0,325.0,330,56.0,325,1762.0,325,506.0,375.0
SAF,2025-10,378.0,2.0,63.0,4540.0,7555.0,376.0,378,80.0,375,2301.0,375,315.0,531.0
SAF,2025-11,302.0,9.0,51.0,4125.0,6438.0,293.0,301,51.0,290,1667.0,291,569.0,912.0
SAF,2025-12,339.0,1.0,78.0,6541.0,7314.0,338.0,339,81.0,337,2279.0,338,598.0,56.0
SAF,2026-01,363.0,13.0,64.0,5506.0,7953.0,350.0,363,67.0,350,2089.0,350,393.0,1297.0
SAF,2026-02,323.0,4.0,81.0,8425.0,6566.0,319.0,323,79.0,319,2108.0,320,408.0,727.0
SAF,2026-03,391.0,10.0,94.0,11575.0,7322.0,381.0,391,103.0,382,3087.0,382,1438.0,1850.0
SAF,2026-04,385.0,3.0,74.0,7204.0,7272.0,382.0,385,62.0,382,2968.0,382,626.0,1144.0
SAF,2026-05,390.0,8.0,70.0,6897.0,7409.0,382.0,391,55.0,384,2449.0,385,554.0,777.0
SAF,2026-06,390.0,10.0,106.0,9207.0,7950.0,380.0,391,93.0,380,2397.0,382,1400.0,759.0
SAF,2026-07,407.0,5.0,74.0,8046.0,8169.0,402.0,407,100.0,403,2429.0,403,1057.0,3864.0
SAN,2025-08,8406.0,63.0,1941.0,123239.0,194510.0,8344.0,8407,2014.0,8351,52756.0,8357,19428.0,5094.0
SAN,2025-09,7875.0,108.0,1616.0,122608.0,171746.0,7767.0,7875,1642.0,7725,52483.0,7760,29180.0,3603.0
SAN,2025-10,8687.0,80.0,2264.0,144507.0,189119.0,8609.0,8689,2236.0,8545,60989.0,8597,31305.0,5797.0
SAN,2025-11,8246.0,232.0,2026.0,136756.0,180131.0,8015.0,8241,2124.0,7994,56786.0,8014,44117.0,3880.0
SAN,2025-12,8228.0,117.0,2393.0,158863.0,175894.0,8114.0,8229,2452.0,8078,56634.0,8108,40690.0,6012.0
SAN,2026-01,7406.0,201.0,1427.0,116715.0,141537.0,7208.0,7407,1562.0,7153,48243.0,7215,33931.0,5882.0
SAN,2026-02,7008.0,68.0,1414.0,95013.0,133390.0,6941.0,7008,1415.0,6922,43241.0,6942,16999.0,2000.0
SAN,2026-03,8547.0,88.0,1869.0,132224.0,176490.0,8459.0,8544,1733.0,8447,56335.0,8455,20989.0,5139.0
SAN,2026-04,8505.0,28.0,1972.0,113768.0,174590.0,8477.0,8507,2011.0,8476,52367.0,8480,25111.0,1666.0
SAN,2026-05,8947.0,59.0,2285.0,133552.0,184510.0,8889.0,8946,2351.0,8879,59214.0,8892,31852.0,4845.0
SAN,2026-06,8996.0,90.0,3036.0,177885.0,190372.0,8906.0,8996,3079.0,8909,62206.0,8914,41711.0,4892.0
SAN,2026-07,9345.0,121.0,3135.0,194354.0,206903.0,9224.0,9345,3202.0,9207,60268.0,9232,54915.0,7052.0
SAT,2025-08,3444.0,41.0,597.0,52031.0,43822.0,3403.0,3443,823.0,3395,15085.0,3406,5307.0,2735.0
SAT,2025-09,3334.0,21.0,452.0,36442.0,42454.0,3313.0,3335,541.0,3312,15777.0,3315,4219.0,822.0
SAT,2025-10,3656.0,14.0,549.0,42846.0,48646.0,3642.0,3656,656.0,3641,17185.0,3642,3478.0,1315.0
SAT,2025-11,3440.0,41.0,533.0,38656.0,45152.0,3399.0,3441,677.0,3399,16068.0,3402,4680.0,891.0
SAT,2025-12,3588.0,26.0,686.0,47170.0,44020.0,3563.0,3587,829.0,3561,17414.0,3563,5635.0,1661.0
SAT,2026-01,2921.0,108.0,451.0,43695.0,37503.0,2813.0,2916,588.0,2802,15892.0,2806,5556.0,3437.0
SAT,2026-02,2671.0,34.0,377.0,27476.0,34351.0,2638.0,2671,458.0,2635,13467.0,2641,2758.0,1176.0
SAT,2026-03,3439.0,47.0,659.0,51726.0,47391.0,3392.0,3441,768.0,3395,15936.0,3395,5392.0,2553.0
SAT,2026-04,3384.0,25.0,569.0,41204.0,45336.0,3359.0,3385,705.0,3361,16333.0,3363,6203.0,1432.0
SAT,2026-05,3485.0,48.0,778.0,61218.0,45825.0,3438.0,3488,913.0,3429,18439.0,3445,9495.0,2169.0
SAT,2026-06,3393.0,56.0,955.0,79272.0,45560.0,3338.0,3394,1081.0,3322,15445.0,3341,7504.0,3524.0
SAT,2026-07,3471.0,35.0,840.0,64530.0,45958.0,3437.0,3471,1077.0,3433,15567.0,3436,7291.0,3092.0
SAV,2025-08,1638.0,17.0,323.0,28656.0,24468.0,1621.0,1639,340.0,1617,11192.0,1624,3085.0,1223.0
SAV,2025-09,1553.0,12.0,260.0,20216.0,23460.0,1541.0,1553,239.0,1542,9182.0,1542,1774.0,788.0
SAV,2025-10,1764.0,7.0,308.0,25443.0,29085.0,1757.0,1764,337.0,1754,10472.0,1758,2669.0,263.0
SAV,2025-11,1616.0,30.0,296.0,31663.0,26013.0,1586.0,1614,310.0,1584,9534.0,1585,3400.0,912.0
SAV,2025-12,1515.0,27.0,307.0,29074.0,24069.0,1488.0,1517,407.0,1490,8841.0,1491,4612.0,1690.0
SAV,2026-01,1257.0,85.0,188.0,18225.0,19720.0,1172.0,1253,248.0,1160,6432.0,1163,2742.0,1561.0
SAV,2026-02,1216.0,47.0,191.0,17515.0,19301.0,1169.0,1220,235.0,1181,6444.0,1186,1579.0,435.0
SAV,2026-03,1675.0,53.0,370.0,35612.0,26450.0,1622.0,1677,416.0,1628,10535.0,1628,4358.0,1810.0
SAV,2026-04,1764.0,14.0,316.0,23094.0,28094.0,1750.0,1763,352.0,1750,11953.0,1750,3059.0,261.0
SAV,2026-05,1803.0,19.0,344.0,27392.0,27284.0,1784.0,1802,370.0,1785,14116.0,1789,5178.0,1094.0
SAV,2026-06,1656.0,30.0,368.0,34146.0,24752.0,1626.0,1655,380.0,1619,11036.0,1622,4509.0,943.0
SAV,2026-07,1680.0,58.0,504.0,44361.0,25057.0,1622.0,1681,561.0,1622,13113.0,1626,5975.0,3693.0
SBA,2025-08,704.0,4.0,136.0,10460.0,11122.0,700.0,703,127.0,701,4004.0,701,998.0,141.0
SBA,2025-09,671.0,4.0,120.0,8656.0,10614.0,667.0,671,124.0,661,3678.0,666,1033.0,213.0
SBA,2025-10,747.0,0.0,134.0,9695.0,12261.0,747.0,748,135.0,745,3850.0,748,1352.0,92.0
SBA,2025-11,717.0,19.0,130.0,10242.0,12132.0,698.0,717,121.0,694,3556.0,698,760.0,1268.0
SBA,2025-12,683.0,17.0,138.0,15946.0,10444.0,666.0,682,131.0,660,3327.0,663,1427.0,1557.0
SBA,2026-01,664.0,26.0,84.0,7293.0,9244.0,638.0,663,87.0,636,3247.0,638,842.0,189.0
SBA,2026-02,616.0,2.0,99.0,9923.0,9528.0,614.0,617,93.0,615,2825.0,616,763.0,187.0
SBA,2026-03,734.0,2.0,99.0,9256.0,11460.0,732.0,735,102.0,732,3153.0,733,633.0,1794.0
SBA,2026-04,733.0,3.0,134.0,11807.0,13141.0,730.0,734,125.0,730,3253.0,730,861.0,33.0
SBA,2026-05,816.0,4.0,153.0,9226.0,14778.0,812.0,815,149.0,808,3627.0,810,1069.0,0.0
SBA,2026-06,752.0,1.0,158.0,13529.0,13057.0,751.0,751,172.0,748,3289.0,749,1361.0,188.0
SBA,2026-07,745.0,1.0,154.0,12042.0,13067.0,744.0,745,169.0,743,3409.0,743,803.0,256.0
SBN,2025-08,642.0,12.0,131.0,12030.0,11290.0,630.0,643,170.0,630,3533.0,631,1200.0,2695.0
SBN,2025-09,661.0,2.0,86.0,7922.0,11490.0,659.0,661,107.0,657,3364.0,657,540.0,459.0
SBN,2025-10,741.0,1.0,116.0,9219.0,13589.0,740.0,741,140.0,741,3647.0,741,1009.0,984.0
SBN,2025-11,675.0,41.0,150.0,17087.0,16499.0,634.0,675,154.0,632,3636.0,633,3030.0,1578.0
SBN,2025-12,676.0,14.0,233.0,32465.0,19937.0,662.0,676,236.0,659,4265.0,662,4793.0,2932.0
SBN,2026-01,648.0,34.0,203.0,26418.0,21589.0,614.0,648,218.0,612,4925.0,614,2915.0,4350.0
SBN,2026-02,620.0,4.0,163.0,17179.0,16701.0,616.0,621,196.0,615,3813.0,617,2282.0,1605.0
SBN,2026-03,711.0,38.0,206.0,28692.0,13703.0,673.0,710,247.0,660,3835.0,671,4582.0,1980.0
SBN,2026-04,682.0,16.0,159.0,14061.0,12037.0,666.0,682,205.0,664,3395.0,665,1663.0,1809.0
SBN,2026-05,710.0,9.0,159.0,17225.0,12395.0,701.0,710,180.0,702,3723.0,703,1679.0,3132.0
SBN,2026-06,654.0,22.0,124.0,13237.0,10667.0,632.0,654,168.0,632,3379.0,633,1597.0,2324.0
SBN,2026-07,676.0,10.0,174.0,20276.0,11461.0,666.0,676,205.0,662,3677.0,663,2884.0,3860.0
SBP,2025-08,420.0,3.0,76.0,6592.0,8002.0,417.0,419,70.0,415,2431.0,416,1779.0,598.0
SBP,2025-09,358.0,4.0,66.0,10540.0,7455.0,354.0,358,60.0,354,2545.0,355,632.0,0.0
SBP,2025-10,486.0,6.0,102.0,8623.0,9743.0,480.0,488,101.0,474,2622.0,480,677.0,3040.0
SBP,2025-11,488.0,18.0,100.0,9992.0,9883.0,470.0,488,82.0,464,2360.0,469,2956.0,2385.0
SBP,2025-12,460.0,8.0,98.0,10651.0,8731.0,452.0,460,100.0,447,2282.0,451,2524.0,1654.0
SBP,2026-01,470.0,8.0,68.0,5202.0,8636.0,462.0,470,80.0,460,2404.0,462,1111.0,222.0
SBP,2026-02,372.0,2.0,64.0,6714.0,7177.0,370.0,371,63.0,367,1921.0,369,671.0,1055.0
SBP,2026-03,412.0,5.0,60.0,6995.0,7532.0,407.0,414,68.0,407,2138.0,409,380.0,283.0
SBP,2026-04,406.0,1.0,77.0,7700.0,7893.0,405.0,404,76.0,402,2046.0,403,655.0,1016.0
SBP,2026-05,424.0,2.0,102.0,11037.0,8284.0,422.0,424,86.0,422,2364.0,422,1208.0,52.0
SBP,2026-06,357.0,1.0,94.0,8065.0,6690.0,356.0,356,78.0,353,1852.0,355,527.0,14.0
SBP,2026-07,357.0,3.0,96.0,11192.0,7195.0,354.0,357,80.0,354,1837.0,354,385.0,76.0
SCC,2025-08,42.0,0.0,7.0,342.0,427.0,42.0,42,6.0,42,187.0,42,30.0,91.0
SCC,2025-09,44.0,0.0,1.0,47.0,440.0,44.0,44,3.0,44,176.0,44,7.0,0.0
SCC,2025-10,45.0,2.0,4.0,685.0,556.0,43.0,45,5.0,43,172.0,43,24.0,537.0
SCC,2025-11,37.0,0.0,3.0,191.0,454.0,37.0,37,4.0,37,143.0,37,28.0,157.0
SCC,2025-12,44.0,1.0,7.0,563.0,499.0,43.0,44,5.0,42,181.0,43,0.0,0.0
SCC,2026-01,42.0,6.0,6.0,446.0,365.0,36.0,42,7.0,36,174.0,36,107.0,195.0
SCC,2026-02,40.0,1.0,6.0,373.0,354.0,39.0,40,7.0,39,220.0,39,49.0,110.0
SCC,2026-03,44.0,1.0,10.0,535.0,422.0,43.0,44,7.0,43,163.0,43,56.0,0.0
SCC,2026-04,44.0,1.0,3.0,78.0,350.0,43.0,44,1.0,43,164.0,43,19.0,0.0
SCC,2026-05,42.0,0.0,2.0,462.0,347.0,42.0,42,3.0,42,165.0,42,164.0,285.0
SCC,2026-06,44.0,0.0,1.0,28.0,339.0,44.0,44,1.0,44,157.0,44,1.0,0.0
SCC,2026-07,45.0,1.0,8.0,840.0,364.0,44.0,45,8.0,41,187.0,44,3.0,166.0
SCE,2025-08,36.0,0.0,6.0,847.0,511.0,36.0,36,6.0,36,205.0,36,47.0,435.0
SCE,2025-09,53.0,0.0,12.0,894.0,846.0,53.0,53,13.0,53,227.0,53,114.0,48.0
SCE,2025-10,50.0,0.0,11.0,1046.0,802.0,50.0,51,10.0,50,221.0,51,82.0,0.0
SCE,2025-11,69.0,3.0,15.0,1690.0,1222.0,66.0,69,22.0,67,326.0,67,393.0,65.0
SCE,2025-12,29.0,1.0,11.0,1225.0,664.0,28.0,28,10.0,27,119.0,27,161.0,0.0
SCE,2026-01,39.0,1.0,7.0,229.0,955.0,38.0,39,6.0,38,157.0,38,17.0,0.0
SCE,2026-02,27.0,0.0,6.0,293.0,574.0,27.0,27,7.0,26,105.0,27,17.0,0.0
SCE,2026-03,29.0,1.0,10.0,846.0,554.0,28.0,30,11.0,29,120.0,30,69.0,0.0
SCE,2026-04,61.0,1.0,20.0,2845.0,1220.0,60.0,60,29.0,57,268.0,58,547.0,233.0
SCE,2026-05,83.0,3.0,15.0,2342.0,1205.0,80.0,84,21.0,81,400.0,82,273.0,56.0
SCE,2026-06,82.0,2.0,9.0,1136.0,1467.0,80.0,81,22.0,77,326.0,77,155.0,122.0
SCE,2026-07,31.0,0.0,2.0,127.0,449.0,31.0,31,9.0,31,156.0,31,25.0,43.0
SCK,2025-08,50.0,0.0,13.0,2353.0,538.0,50.0,50,7.0,50,319.0,50,14.0,0.0
SCK,2025-09,42.0,0.0,20.0,2500.0,437.0,42.0,42,13.0,42,313.0,42,104.0,69.0
SCK,2025-10,54.0,0.0,22.0,3401.0,585.0,54.0,54,12.0,54,363.0,54,121.0,34.0
SCK,2025-11,48.0,1.0,19.0,2294.0,553.0,47.0,48,12.0,47,283.0,47,91.0,30.0
SCK,2025-12,62.0,0.0,17.0,3019.0,613.0,62.0,62,8.0,58,407.0,62,30.0,313.0
SCK,2026-01,43.0,0.0,14.0,2747.0,540.0,43.0,43,9.0,43,303.0,43,58.0,1781.0
SCK,2026-02,34.0,0.0,8.0,1386.0,345.0,34.0,34,5.0,34,196.0,34,24.0,0.0
SCK,2026-03,36.0,0.0,6.0,419.0,468.0,36.0,36,2.0,36,210.0,36,0.0,107.0
SCK,2026-04,33.0,0.0,12.0,741.0,455.0,33.0,33,8.0,33,207.0,33,57.0,21.0
SCK,2026-05,39.0,0.0,18.0,1157.0,483.0,39.0,39,12.0,39,247.0,39,23.0,74.0
SCK,2026-06,40.0,0.0,11.0,1071.0,543.0,40.0,40,8.0,40,252.0,40,53.0,13.0
SCK,2026-07,45.0,0.0,10.0,457.0,518.0,45.0,45,6.0,45,286.0,45,55.0,86.0
SDF,2025-08,2061.0,28.0,327.0,30613.0,31540.0,2033.0,2062,429.0,2023,13809.0,2032,3220.0,2948.0
SDF,2025-09,1929.0,14.0,246.0,23263.0,28990.0,1915.0,1928,258.0,1916,12806.0,1917,2057.0,770.0
SDF,2025-10,2089.0,12.0,334.0,23474.0,31347.0,2077.0,2088,388.0,2077,13661.0,2078,3005.0,1418.0
SDF,2025-11,1731.0,65.0,301.0,27132.0,27646.0,1666.0,1732,347.0,1661,11345.0,1661,6005.0,1775.0
SDF,2025-12,1686.0,31.0,384.0,33148.0,31616.0,1655.0,1684,495.0,1651,11598.0,1652,4710.0,3536.0
SDF,2026-01,1578.0,110.0,236.0,22606.0,25876.0,1468.0,1577,303.0,1465,10267.0,1465,3021.0,1115.0
SDF,2026-02,1594.0,41.0,246.0,20516.0,28290.0,1553.0,1599,339.0,1559,10572.0,1559,2580.0,1350.0
SDF,2026-03,2009.0,77.0,446.0,43799.0,30398.0,1932.0,2009,526.0,1930,13786.0,1930,4950.0,1928.0
SDF,2026-04,2136.0,24.0,336.0,30951.0,34168.0,2113.0,2141,408.0,2113,14931.0,2117,4131.0,1323.0
SDF,2026-05,2304.0,20.0,386.0,30874.0,35683.0,2285.0,2297,479.0,2274,16386.0,2275,5864.0,2660.0
SDF,2026-06,2012.0,42.0,454.0,39645.0,30507.0,1970.0,2011,499.0,1954,14423.0,1959,5755.0,2851.0
SDF,2026-07,2015.0,52.0,428.0,35389.0,29259.0,1963.0,2015,554.0,1951,13614.0,1954,4694.0,3765.0
SEA,2025-08,15970.0,106.0,3935.0,229045.0,371198.0,15865.0,15976,3837.0,15843,214142.0,15849,44602.0,9806.0
SEA,2025-09,14552.0,42.0,2406.0,139927.0,336010.0,14512.0,14563,2281.0,14489,191187.0,14505,28293.0,5658.0
SEA,2025-10,13859.0,161.0,2427.0,158035.0,308589.0,13703.0,13857,2506.0,13663,169483.0,13680,31179.0,4022.0
SEA,2025-11,12616.0,213.0,2050.0,138647.0,294061.0,12406.0,12610,2222.0,12356,151830.0,12368,27268.0,8458.0
SEA,2025-12,13023.0,133.0,3524.0,225178.0,303018.0,12898.0,13016,3859.0,12797,155779.0,12851,57983.0,10505.0
SEA,2026-01,11927.0,228.0,2335.0,156087.0,238075.0,11709.0,11933,2164.0,11659,127135.0,11669,24833.0,15334.0
SEA,2026-02,11000.0,86.0,1751.0,114001.0,209848.0,10920.0,10997,1632.0,10881,118772.0,10889,17974.0,7732.0
SEA,2026-03,12830.0,286.0,2912.0,189552.0,254669.0,12545.0,12832,2845.0,12482,147902.0,12527,53201.0,15273.0
SEA,2026-04,12864.0,22.0,1985.0,125569.0,251161.0,12843.0,12867,1862.0,12814,150511.0,12820,20008.0,4209.0
SEA,2026-05,14564.0,60.0,2877.0,169378.0,305486.0,14505.0,14569,2546.0,14480,187517.0,14488,25723.0,8366.0
SEA,2026-06,15402.0,74.0,3940.0,238164.0,332015.0,15330.0,15394,3457.0,15288,200866.0,15299,40598.0,10025.0
SEA,2026-07,16214.0,124.0,4261.0,271471.0,369801.0,16090.0,16216,3727.0,16047,225966.0,16074,39861.0,13833.0
SFB,2025-08,788.0,1.0,254.0,25470.0,14814.0,787.0,788,325.0,785,8300.0,787,5204.0,4659.0
SFB,2025-09,537.0,0.0,108.0,8061.0,8390.0,537.0,537,147.0,535,4663.0,537,2722.0,1683.0
SFB,2025-10,859.0,0.0,220.0,15862.0,14195.0,859.0,859,294.0,858,6672.0,859,3708.0,1311.0
SFB,2025-11,773.0,2.0,196.0,14294.0,13281.0,771.0,773,260.0,770,5264.0,771,3180.0,1628.0
SFB,2025-12,968.0,8.0,263.0,22817.0,15497.0,961.0,968,366.0,960,6304.0,960,5508.0,2919.0
SFB,2026-01,767.0,22.0,186.0,13803.0,12177.0,745.0,767,229.0,742,4634.0,745,2410.0,2495.0
SFB,2026-02,767.0,3.0,182.0,17433.0,14016.0,764.0,768,208.0,763,6279.0,764,3228.0,1439.0
SFB,2026-03,989.0,21.0,247.0,25887.0,17789.0,968.0,990,313.0,958,8066.0,967,5458.0,2876.0
SFB,2026-04,799.0,0.0,171.0,13987.0,13640.0,799.0,799,214.0,798,5519.0,799,2702.0,518.0
SFB,2026-05,842.0,1.0,247.0,18818.0,13717.0,841.0,844,327.0,841,8686.0,841,6233.0,5542.0
SFB,2026-06,1001.0,4.0,320.0,37116.0,17376.0,997.0,1001,436.0,993,13635.0,994,9114.0,5612.0
SFB,2026-07,1025.0,4.0,335.0,36616.0,18294.0,1021.0,1026,487.0,1015,16205.0,1022,8631.0,10616.0
SFO,2025-08,12594.0,81.0,2332.0,179145.0,264349.0,12516.0,12611,2836.0,12507,99799.0,12521,35714.0,9695.0
SFO,2025-09,11830.0,30.0,1838.0,127913.0,255302.0,11800.0,11829,2526.0,11787,87822.0,11789,44381.0,5703.0
SFO,2025-10,12774.0,46.0,2503.0,172988.0,274887.0,12729.0,12768,3463.0,12699,101103.0,12710,82515.0,6274.0
SFO,2025-11,12022.0,224.0,2384.0,178517.0,252538.0,11799.0,12032,3133.0,11785,98648.0,11796,109418.0,8096.0
SFO,2025-12,11975.0,128.0,2999.0,256195.0,247151.0,11849.0,11983,3597.0,11815,105425.0,11831,122543.0,16433.0
SFO,2026-01,11113.0,270.0,2001.0,181879.0,213490.0,10846.0,11113,2287.0,10818,100893.0,10829,86838.0,15965.0
SFO,2026-02,10316.0,125.0,2115.0,171547.0,210310.0,10194.0,10320,2590.0,10163,89960.0,10184,78202.0,7551.0
SFO,2026-03,12171.0,124.0,1998.0,155141.0,239673.0,12049.0,12174,2034.0,12028,107366.0,12037,23221.0,8135.0
SFO,2026-04,12401.0,87.0,3272.0,222756.0,318054.0,12316.0,12413,4936.0,12294,116999.0,12303,170966.0,4057.0
SFO,2026-05,13114.0,103.0,4131.0,283211.0,328511.0,13011.0,13147,5984.0,12993,119963.0,13006,238791.0,6300.0
SFO,2026-06,13415.0,94.0,4831.0,342018.0,334162.0,13328.0,13452,6793.0,13287,115288.0,13299,234320.0,10695.0
SFO,2026-07,13841.0,159.0,4854.0,339298.0,342751.0,13683.0,13874,6452.0,13655,116623.0,13667,207720.0,13556.0
SGF,2025-08,911.0,10.0,178.0,19009.0,15204.0,901.0,909,202.0,901,6611.0,903,1979.0,1915.0
SGF,2025-09,799.0,1.0,127.0,8583.0,13407.0,798.0,799,142.0,799,6077.0,799,2263.0,551.0
SGF,2025-10,786.0,1.0,150.0,13421.0,13366.0,785.0,785,149.0,777,5929.0,784,1558.0,336.0
SGF,2025-11,674.0,24.0,110.0,10278.0,11819.0,650.0,673,103.0,648,5305.0,652,1412.0,1943.0
SGF,2025-12,656.0,10.0,146.0,11146.0,11931.0,646.0,656,150.0,643,5071.0,645,1665.0,1441.0
SGF,2026-01,571.0,34.0,79.0,5414.0,10349.0,537.0,571,87.0,534,3835.0,537,935.0,667.0
SGF,2026-02,500.0,2.0,72.0,7205.0,8286.0,498.0,500,81.0,498,2870.0,498,663.0,206.0
SGF,2026-03,597.0,11.0,133.0,12364.0,10055.0,586.0,597,106.0,582,3718.0,583,1289.0,954.0
SGF,2026-04,647.0,10.0,106.0,13474.0,10607.0,637.0,648,121.0,632,4722.0,638,1395.0,364.0
SGF,2026-05,739.0,17.0,172.0,13562.0,11621.0,722.0,739,137.0,718,5488.0,720,1254.0,990.0
SGF,2026-06,830.0,25.0,216.0,22677.0,13029.0,805.0,831,202.0,806,6878.0,808,3462.0,2230.0
SGF,2026-07,859.0,18.0,198.0,16498.0,13052.0,841.0,858,209.0,844,6955.0,846,2457.0,804.0
SGU,2025-08,376.0,0.0,40.0,3844.0,6613.0,376.0,376,55.0,375,1450.0,375,366.0,834.0
SGU,2025-09,369.0,1.0,32.0,2011.0,6992.0,368.0,369,40.0,366,1387.0,368,734.0,8.0
SGU,2025-10,448.0,0.0,52.0,4151.0,8754.0,448.0,448,58.0,447,1596.0,448,200.0,456.0
SGU,2025-11,406.0,3.0,35.0,2962.0,8025.0,403.0,406,41.0,403,1441.0,403,869.0,169.0
SGU,2025-12,382.0,0.0,29.0,3082.0,7891.0,382.0,381,43.0,381,1328.0,381,110.0,0.0
SGU,2026-01,387.0,2.0,56.0,7714.0,7525.0,385.0,387,68.0,383,1323.0,385,496.0,1844.0
SGU,2026-02,367.0,1.0,52.0,5247.0,7931.0,366.0,368,51.0,365,1359.0,367,496.0,581.0
SGU,2026-03,430.0,1.0,41.0,4486.0,9239.0,429.0,430,53.0,428,1596.0,429,235.0,113.0
SGU,2026-04,405.0,0.0,53.0,5616.0,8993.0,405.0,405,58.0,402,1484.0,405,309.0,1068.0
SGU,2026-05,416.0,0.0,58.0,7238.0,9070.0,416.0,416,70.0,412,2001.0,415,315.0,574.0
SGU,2026-06,391.0,0.0,84.0,8074.0,7774.0,391.0,391,105.0,387,2632.0,391,884.0,404.0
SGU,2026-07,332.0,0.0,45.0,4532.0,6500.0,332.0,327,68.0,326,1544.0,327,274.0,165.0
SHD,2026-02,51.0,2.0,10.0,1001.0,881.0,49.0,52,18.0,50,274.0,50,46.0,58.0
SHD,2026-03,62.0,2.0,18.0,4019.0,1111.0,60.0,62,26.0,58,295.0,58,429.0,2212.0
SHD,2026-04,52.0,0.0,5.0,499.0,855.0,52.0,52,12.0,51,253.0,51,71.0,75.0
SHD,2026-05,56.0,0.0,9.0,1996.0,989.0,56.0,56,12.0,56,259.0,56,85.0,56.0
SHD,2026-06,60.0,3.0,10.0,1847.0,850.0,57.0,60,27.0,58,338.0,58,171.0,316.0
SHD,2026-07,62.0,0.0,14.0,2636.0,1133.0,62.0,62,25.0,60,299.0,60,256.0,303.0
SHR,2025-08,62.0,0.0,7.0,1065.0,1051.0,62.0,62,17.0,62,333.0,62,26.0,0.0
SHR,2025-09,60.0,0.0,8.0,1810.0,1127.0,60.0,60,8.0,60,303.0,60,180.0,260.0
SHR,2025-10,62.0,0.0,3.0,563.0,1364.0,62.0,62,2.0,62,376.0,62,0.0,279.0
SHR,2025-11,64.0,0.0,6.0,450.0,1518.0,64.0,64,6.0,64,333.0,64,32.0,0.0
SHR,2025-12,63.0,2.0,16.0,1922.0,1820.0,61.0,63,13.0,61,337.0,61,167.0,79.0
SHR,2026-01,62.0,1.0,12.0,2007.0,1594.0,61.0,62,13.0,61,319.0,61,64.0,20.0
SHR,2026-02,55.0,0.0,9.0,668.0,1442.0,55.0,55,10.0,55,293.0,55,490.0,18.0
SHR,2026-03,62.0,0.0,12.0,1813.0,1618.0,62.0,62,11.0,61,323.0,61,123.0,102.0
SHR,2026-04,78.0,1.0,15.0,1902.0,1966.0,77.0,78,14.0,76,408.0,77,245.0,96.0
SHR,2026-05,76.0,1.0,9.0,584.0,1692.0,75.0,76,14.0,76,406.0,76,187.0,96.0
SHR,2026-06,60.0,0.0,7.0,659.0,1142.0,60.0,60,15.0,60,327.0,60,117.0,81.0
SHR,2026-07,62.0,2.0,12.0,1288.0,1133.0,60.0,62,21.0,61,371.0,61,1068.0,0.0
SHV,2025-08,546.0,2.0,124.0,10744.0,9447.0,544.0,546,146.0,544,3508.0,544,1808.0,3939.0
SHV,2025-09,556.0,6.0,72.0,9448.0,9740.0,550.0,556,78.0,550,3516.0,550,416.0,527.0
SHV,2025-10,529.0,4.0,92.0,12126.0,9792.0,525.0,529,104.0,525,3368.0,525,787.0,667.0
SHV,2025-11,516.0,20.0,89.0,8801.0,8652.0,496.0,516,106.0,494,3461.0,494,1081.0,1744.0
SHV,2025-12,521.0,3.0,122.0,13907.0,8903.0,518.0,520,146.0,516,3745.0,517,921.0,1117.0
SHV,2026-01,442.0,59.0,82.0,8662.0,6595.0,383.0,443,83.0,385,2213.0,385,422.0,975.0
SHV,2026-02,406.0,7.0,72.0,7783.0,6859.0,399.0,406,89.0,399,2493.0,399,928.0,909.0
SHV,2026-03,466.0,11.0,104.0,14000.0,8175.0,455.0,466,118.0,452,3170.0,453,777.0,1308.0
SHV,2026-04,454.0,8.0,80.0,9132.0,7218.0,446.0,454,102.0,446,2923.0,446,1690.0,1376.0
SHV,2026-05,524.0,11.0,120.0,14203.0,9016.0,513.0,525,150.0,513,3892.0,514,1298.0,1137.0
SHV,2026-06,619.0,18.0,165.0,18483.0,10079.0,601.0,619,185.0,603,5256.0,603,3539.0,2388.0
SHV,2026-07,633.0,9.0,155.0,18082.0,10241.0,624.0,633,189.0,621,4971.0,624,2428.0,4050.0
SIT,2025-08,143.0,1.0,38.0,1794.0,1944.0,142.0,142,43.0,140,567.0,140,261.0,0.0
SIT,2025-09,120.0,1.0,17.0,1115.0,1627.0,119.0,120,16.0,118,524.0,118,111.0,275.0
SIT,2025-10,96.0,5.0,10.0,806.0,1273.0,91.0,96,9.0,91,408.0,91,37.0,0.0
SIT,2025-11,89.0,1.0,12.0,606.0,1125.0,88.0,89,15.0,88,394.0,88,60.0,0.0
SIT,2025-12,90.0,6.0,25.0,1762.0,1175.0,84.0,90,31.0,81,361.0,81,275.0,329.0
SIT,2026-01,92.0,6.0,20.0,1820.0,1004.0,86.0,92,30.0,81,357.0,81,191.0,267.0
SIT,2026-02,84.0,4.0,13.0,681.0,986.0,80.0,84,15.0,78,355.0,78,227.0,167.0
SIT,2026-03,93.0,3.0,23.0,1992.0,1497.0,90.0,93,30.0,91,416.0,91,183.0,158.0
SIT,2026-04,90.0,0.0,11.0,858.0,938.0,90.0,90,9.0,89,367.0,89,0.0,0.0
SIT,2026-05,131.0,1.0,10.0,687.0,1162.0,130.0,132,20.0,131,554.0,131,62.0,0.0
SIT,2026-06,150.0,5.0,19.0,1681.0,1285.0,145.0,150,31.0,148,621.0,148,248.0,0.0
SIT,2026-07,155.0,1.0,13.0,890.0,1438.0,154.0,155,21.0,155,632.0,155,66.0,30.0
SJC,2025-08,3885.0,14.0,666.0,40751.0,54589.0,3871.0,3887,703.0,3875,16809.0,3875,2945.0,1130.0
SJC,2025-09,3777.0,19.0,583.0,33970.0,53499.0,3759.0,3777,579.0,3758,16164.0,3761,3241.0,275.0
SJC,2025-10,3865.0,16.0,750.0,43185.0,57201.0,3849.0,3860,788.0,3837,16025.0,3843,3566.0,1339.0
SJC,2025-11,3659.0,41.0,634.0,40013.0,54450.0,3620.0,3654,598.0,3612,15920.0,3613,2800.0,1563.0
SJC,2025-12,3622.0,31.0,736.0,46657.0,50884.0,3591.0,3618,777.0,3589,15354.0,3593,3526.0,1821.0
SJC,2026-01,3099.0,37.0,359.0,23736.0,41144.0,3063.0,3095,395.0,3060,12949.0,3061,1756.0,1399.0
SJC,2026-02,3088.0,18.0,446.0,26485.0,41154.0,3070.0,3089,482.0,3078,13008.0,3078,2060.0,667.0
SJC,2026-03,3438.0,33.0,528.0,34207.0,44465.0,3405.0,3437,585.0,3399,14172.0,3401,2107.0,1435.0
SJC,2026-04,3423.0,17.0,611.0,31706.0,47906.0,3406.0,3406,660.0,3387,14518.0,3389,2682.0,622.0
SJC,2026-05,3686.0,14.0,711.0,38243.0,51835.0,3672.0,3655,753.0,3639,15975.0,3639,2120.0,1158.0
SJC,2026-06,3816.0,22.0,1022.0,57469.0,53588.0,3794.0,3782,1080.0,3754,16259.0,3755,3391.0,2026.0
SJC,2026-07,3980.0,25.0,938.0,55841.0,59091.0,3955.0,3957,969.0,3937,17228.0,3937,4119.0,1545.0
SJT,2025-08,93.0,4.0,15.0,1456.0,1414.0,89.0,93,17.0,89,358.0,90,96.0,137.0
SJT,2025-09,90.0,3.0,12.0,1550.0,1413.0,87.0,90,14.0,87,347.0,88,71.0,605.0
SJT,2025-10,92.0,3.0,16.0,2095.0,1651.0,89.0,92,18.0,89,406.0,89,0.0,770.0
SJT,2025-11,87.0,5.0,13.0,1435.0,1593.0,82.0,87,15.0,80,330.0,82,202.0,8.0
SJT,2025-12,91.0,0.0,10.0,954.0,1704.0,91.0,91,15.0,91,367.0,91,24.0,90.0
SJT,2026-01,92.0,12.0,11.0,1045.0,1264.0,80.0,92,9.0,80,316.0,80,4.0,93.0
SJT,2026-02,74.0,1.0,16.0,2019.0,1119.0,73.0,74,17.0,73,302.0,73,564.0,0.0
SJT,2026-03,93.0,2.0,21.0,2746.0,1509.0,91.0,93,21.0,90,335.0,90,20.0,648.0
SJT,2026-04,90.0,3.0,20.0,1989.0,1567.0,87.0,90,20.0,86,342.0,86,116.0,327.0
SJT,2026-05,93.0,6.0,17.0,2036.0,1362.0,87.0,93,18.0,87,345.0,87,161.0,201.0
SJT,2026-06,90.0,5.0,16.0,1409.0,1290.0,85.0,90,21.0,85,330.0,85,122.0,136.0
SJT,2026-07,92.0,0.0,14.0,1357.0,1550.0,92.0,92,19.0,92,405.0,92,103.0,662.0
SJU,2025-08,2975.0,23.0,868.0,72477.0,46067.0,2952.0,2963,969.0,2923,18262.0,2935,16256.0,3536.0
SJU,2025-09,1965.0,0.0,383.0,29475.0,27922.0,1965.0,1959,433.0,1957,10927.0,1959,6779.0,1178.0
SJU,2025-10,2186.0,10.0,449.0,35953.0,31634.0,2176.0,2193,585.0,2180,12719.0,2186,10077.0,547.0
SJU,2025-11,2715.0,29.0,535.0,48181.0,38729.0,2686.0,2725,681.0,2693,15541.0,2699,10972.0,622.0
SJU,2025-12,3393.0,60.0,830.0,65796.0,49065.0,3334.0,3401,1072.0,3343,20149.0,3345,16101.0,2287.0
SJU,2026-01,3306.0,263.0,906.0,83786.0,49951.0,3043.0,3289,976.0,3031,19645.0,3035,17123.0,3442.0
SJU,2026-02,2835.0,90.0,706.0,59689.0,42301.0,2745.0,2841,807.0,2748,16972.0,2749,13713.0,1710.0
SJU,2026-03,3441.0,71.0,983.0,72460.0,52607.0,3370.0,3442,1094.0,3366,20106.0,3372,18132.0,1350.0
SJU,2026-04,3190.0,24.0,619.0,48664.0,49590.0,3166.0,3187,780.0,3158,20069.0,3164,9533.0,625.0
SJU,2026-05,2875.0,6.0,484.0,34358.0,45189.0,2869.0,2878,584.0,2868,17837.0,2872,6566.0,1545.0
SJU,2026-06,3095.0,19.0,559.0,44982.0,46132.0,3076.0,3100,740.0,3081,19518.0,3085,6506.0,4357.0
SJU,2026-07,3326.0,109.0,992.0,86128.0,48067.0,3217.0,3325,1173.0,3214,20415.0,3218,14963.0,5545.0
SLC,2025-08,9985.0,39.0,1482.0,106852.0,170843.0,9946.0,9959,1502.0,9906,71381.0,9913,10743.0,6755.0
SLC,2025-09,9344.0,18.0,1051.0,75815.0,159408.0,9326.0,9319,1024.0,9303,67366.0,9304,8853.0,3481.0
SLC,2025-10,9841.0,11.0,1298.0,91666.0,170239.0,9830.0,9807,1283.0,9776,70095.0,9793,10506.0,2539.0
SLC,2025-11,9197.0,158.0,1192.0,93550.0,162776.0,9041.0,9164,1158.0,9011,60633.0,9014,10336.0,7309.0
SLC,2025-12,9740.0,82.0,1777.0,121711.0,178289.0,9664.0,9733,1828.0,9638,65436.0,9644,16625.0,9459.0
SLC,2026-01,9515.0,170.0,1414.0,104633.0,190364.0,9351.0,9511,1458.0,9327,68194.0,9340,12093.0,11524.0
SLC,2026-02,9167.0,91.0,1448.0,109359.0,169817.0,9079.0,9172,1329.0,9054,65594.0,9082,11488.0,11600.0
SLC,2026-03,10632.0,129.0,1597.0,116473.0,181566.0,10506.0,10626,1627.0,10488,77051.0,10496,14389.0,6309.0
SLC,2026-04,9877.0,38.0,1366.0,96162.0,180092.0,9839.0,9876,1341.0,9826,70337.0,9842,9360.0,4945.0
SLC,2026-05,10146.0,43.0,1494.0,95754.0,176560.0,10104.0,10146,1412.0,10079,69810.0,10097,10401.0,5781.0
SLC,2026-06,10084.0,48.0,1844.0,126433.0,175468.0,10037.0,10080,1754.0,10034,73475.0,10036,13696.0,6974.0
SLC,2026-07,10368.0,87.0,1976.0,150568.0,193560.0,10283.0,10374,1831.0,10251,70322.0,10284,13638.0,11033.0
SLN,2025-08,93.0,1.0,19.0,1749.0,1489.0,92.0,93,38.0,92,488.0,92,999.0,302.0
SLN,2025-09,90.0,0.0,7.0,991.0,1570.0,90.0,90,16.0,90,471.0,90,247.0,64.0
SLN,2025-10,93.0,0.0,14.0,1146.0,1739.0,93.0,93,20.0,93,509.0,93,197.0,77.0
SLN,2025-11,88.0,1.0,18.0,1949.0,1511.0,87.0,88,22.0,86,501.0,86,432.0,0.0
SLN,2025-12,90.0,2.0,33.0,4835.0,2028.0,88.0,90,31.0,87,545.0,89,506.0,915.0
SLN,2026-01,91.0,3.0,14.0,1525.0,1666.0,89.0,91,20.0,88,512.0,88,263.0,20.0
SLN,2026-02,84.0,0.0,7.0,1118.0,1248.0,84.0,84,18.0,84,455.0,84,254.0,43.0
SLN,2026-03,93.0,5.0,15.0,2772.0,1190.0,88.0,93,26.0,89,485.0,90,910.0,1642.0
SLN,2026-04,81.0,1.0,8.0,1204.0,1077.0,80.0,81,26.0,77,425.0,79,636.0,0.0
SLN,2026-05,85.0,0.0,9.0,1426.0,1156.0,85.0,85,30.0,84,455.0,85,193.0,926.0
SLN,2026-06,82.0,1.0,4.0,361.0,1204.0,81.0,81,33.0,78,432.0,79,435.0,289.0
SLN,2026-07,83.0,0.0,12.0,1743.0,1091.0,83.0,84,39.0,82,416.0,83,882.0,334.0
SMF,2025-08,5089.0,27.0,890.0,57392.0,71131.0,5062.0,5088,965.0,5065,27715.0,5067,4792.0,2108.0
SMF,2025-09,4804.0,17.0,769.0,48286.0,66775.0,4787.0,4805,767.0,4784,24500.0,4788,4301.0,979.0
SMF,2025-10,4937.0,19.0,948.0,56428.0,70477.0,4919.0,4933,999.0,4915,26146.0,4920,5170.0,977.0
SMF,2025-11,4662.0,83.0,847.0,52274.0,67631.0,4579.0,4659,813.0,4572,24454.0,4583,4688.0,873.0
SMF,2025-12,4531.0,34.0,1012.0,64227.0,65033.0,4498.0,4533,1009.0,4492,24540.0,4497,4563.0,2936.0
SMF,2026-01,4130.0,55.0,622.0,46248.0,58733.0,4075.0,4134,655.0,4061,22070.0,4082,6104.0,5370.0
SMF,2026-02,3935.0,10.0,655.0,41133.0,54875.0,3925.0,3934,647.0,3921,19713.0,3924,3695.0,1466.0
SMF,2026-03,4630.0,42.0,830.0,54595.0,61207.0,4588.0,4628,864.0,4579,23131.0,4582,3822.0,2255.0
SMF,2026-04,4672.0,19.0,827.0,47772.0,66301.0,4653.0,4673,895.0,4654,25383.0,4656,4524.0,844.0
SMF,2026-05,4945.0,18.0,1016.0,61471.0,68319.0,4927.0,4943,1014.0,4920,25764.0,4924,4779.0,1903.0
SMF,2026-06,4900.0,25.0,1255.0,70582.0,67841.0,4875.0,4901,1319.0,4874,25618.0,4876,6211.0,2227.0
SMF,2026-07,5071.0,48.0,1181.0,77678.0,69404.0,5023.0,5071,1183.0,5015,26998.0,5015,4398.0,3477.0
SMX,2025-08,9.0,0.0,1.0,98.0,153.0,9.0,9,1.0,9,58.0,9,20.0,0.0
SMX,2025-09,8.0,0.0,4.0,195.0,67.0,8.0,8,3.0,8,46.0,8,31.0,0.0
SMX,2025-10,40.0,0.0,6.0,493.0,580.0,40.0,41,6.0,40,189.0,41,58.0,0.0
SMX,2025-11,69.0,1.0,14.0,1889.0,1100.0,68.0,69,10.0,67,308.0,68,18.0,1971.0
SMX,2025-12,71.0,2.0,12.0,2199.0,1113.0,69.0,71,9.0,69,312.0,69,0.0,0.0
SMX,2026-01,70.0,0.0,14.0,1549.0,1003.0,70.0,70,16.0,70,306.0,70,182.0,764.0
SMX,2026-02,64.0,0.0,15.0,2263.0,1021.0,64.0,64,13.0,64,285.0,64,42.0,166.0
SMX,2026-03,71.0,2.0,10.0,813.0,1056.0,69.0,71,8.0,69,310.0,69,1.0,0.0
SMX,2026-04,69.0,0.0,7.0,969.0,776.0,69.0,69,7.0,67,285.0,69,42.0,0.0
SMX,2026-05,21.0,0.0,4.0,395.0,242.0,21.0,20,5.0,20,94.0,20,46.0,45.0
SMX,2026-06,8.0,0.0,1.0,39.0,80.0,8.0,8,1.0,8,43.0,8,0.0,25.0
SMX,2026-07,9.0,0.0,3.0,145.0,106.0,9.0,9,3.0,9,46.0,9,43.0,0.0
SNA,2025-08,3918.0,40.0,763.0,61429.0,63626.0,3878.0,3917,726.0,3863,28165.0,3877,5578.0,2567.0
SNA,2025-09,3751.0,22.0,620.0,42294.0,62065.0,3729.0,3752,633.0,3723,26307.0,3727,5573.0,648.0
SNA,2025-10,3871.0,23.0,766.0,57034.0,61737.0,3848.0,3871,745.0,3841,26197.0,3848,7066.0,1333.0
SNA,2025-11,3756.0,55.0,743.0,59508.0,61462.0,3701.0,3758,666.0,3701,24959.0,3704,7303.0,850.0
SNA,2025-12,3825.0,44.0,890.0,67939.0,58977.0,3781.0,3822,822.0,3754,25901.0,3781,9536.0,3046.0
SNA,2026-01,3611.0,77.0,537.0,43052.0,54655.0,3534.0,3611,503.0,3538,22364.0,3542,4656.0,2307.0
SNA,2026-02,3343.0,31.0,575.0,42395.0,51399.0,3312.0,3342,497.0,3313,22568.0,3320,5336.0,2065.0
SNA,2026-03,3821.0,46.0,622.0,44719.0,59439.0,3775.0,3823,539.0,3774,26688.0,3777,3471.0,700.0
SNA,2026-04,3686.0,30.0,734.0,51140.0,59107.0,3656.0,3686,651.0,3657,24236.0,3659,5919.0,503.0
SNA,2026-05,3835.0,30.0,760.0,53563.0,60434.0,3805.0,3835,657.0,3796,25937.0,3801,7058.0,1154.0
SNA,2026-06,3822.0,40.0,1013.0,79603.0,61032.0,3782.0,3821,936.0,3777,29239.0,3781,7987.0,2416.0
SNA,2026-07,3992.0,45.0,1025.0,79655.0,66120.0,3947.0,3993,922.0,3944,30121.0,3947,8719.0,1309.0
SPI,2025-08,64.0,3.0,12.0,1426.0,838.0,61.0,64,17.0,62,260.0,62,89.0,60.0
SPI,2025-09,57.0,1.0,11.0,1097.0,643.0,56.0,57,11.0,56,222.0,56,7.0,0.0
SPI,2025-10,70.0,0.0,7.0,306.0,850.0,70.0,71,11.0,71,281.0,71,29.0,0.0
SPI,2025-11,68.0,4.0,14.0,691.0,928.0,64.0,68,15.0,65,287.0,65,256.0,494.0
SPI,2025-12,73.0,4.0,18.0,2025.0,1005.0,69.0,73,23.0,69,316.0,70,500.0,193.0
SPI,2026-01,69.0,0.0,15.0,984.0,1093.0,69.0,69,22.0,69,296.0,69,311.0,186.0
SPI,2026-02,65.0,0.0,15.0,901.0,873.0,65.0,65,19.0,65,281.0,65,237.0,76.0
SPI,2026-03,76.0,8.0,12.0,874.0,909.0,68.0,75,14.0,66,285.0,67,175.0,61.0
SPI,2026-04,68.0,3.0,16.0,1986.0,737.0,65.0,68,18.0,64,257.0,64,299.0,471.0
SPI,2026-05,71.0,0.0,14.0,1146.0,797.0,71.0,71,11.0,71,320.0,71,37.0,68.0
SPI,2026-06,69.0,1.0,12.0,1839.0,872.0,68.0,69,15.0,68,275.0,68,449.0,506.0
SPI,2026-07,71.0,2.0,13.0,1705.0,882.0,69.0,71,14.0,67,280.0,68,180.0,248.0
SPN,2025-08,31.0,0.0,2.0,202.0,390.0,31.0,31,0.0,31,117.0,31,0.0,0.0
SPN,2025-09,30.0,0.0,1.0,26.0,304.0,30.0,30,1.0,30,114.0,30,0.0,0.0
SPN,2025-10,31.0,1.0,1.0,50.0,299.0,30.0,31,0.0,30,126.0,30,0.0,0.0
SPN,2025-11,30.0,0.0,2.0,109.0,306.0,30.0,30,6.0,30,114.0,30,0.0,0.0
SPN,2025-12,31.0,0.0,3.0,195.0,340.0,31.0,31,5.0,31,113.0,31,9.0,0.0
SPN,2026-01,31.0,0.0,5.0,142.0,376.0,31.0,31,3.0,31,119.0,31,11.0,0.0
SPN,2026-02,28.0,0.0,1.0,169.0,311.0,28.0,28,3.0,28,107.0,28,3.0,0.0
SPN,2026-03,31.0,0.0,6.0,889.0,372.0,31.0,31,6.0,31,128.0,31,8.0,147.0
SPN,2026-04,30.0,6.0,8.0,1468.0,286.0,24.0,30,4.0,24,105.0,24,26.0,0.0
SPN,2026-05,31.0,0.0,7.0,311.0,381.0,31.0,31,3.0,31,138.0,31,53.0,0.0
SPN,2026-06,30.0,0.0,2.0,111.0,386.0,30.0,30,0.0,30,130.0,30,0.0,0.0
SPN,2026-07,31.0,3.0,9.0,351.0,390.0,28.0,31,4.0,28,125.0,28,76.0,0.0
SPS,2025-08,62.0,0.0,13.0,928.0,1151.0,62.0,62,13.0,61,446.0,61,46.0,152.0
SPS,2025-09,60.0,3.0,7.0,871.0,1082.0,57.0,60,7.0,57,367.0,57,17.0,280.0
SPS,2025-10,62.0,0.0,10.0,1795.0,1281.0,62.0,62,9.0,61,379.0,61,375.0,133.0
SPS,2025-11,59.0,5.0,4.0,314.0,920.0,54.0,59,6.0,54,381.0,54,69.0,75.0
SPS,2025-12,62.0,0.0,5.0,1587.0,1099.0,62.0,62,4.0,62,407.0,62,9.0,1.0
SPS,2026-01,62.0,11.0,6.0,768.0,801.0,51.0,62,2.0,51,391.0,51,28.0,0.0
SPS,2026-02,56.0,0.0,9.0,796.0,861.0,56.0,56,2.0,56,379.0,56,19.0,14.0
SPS,2026-03,62.0,1.0,8.0,726.0,955.0,61.0,62,10.0,62,413.0,62,106.0,92.0
SPS,2026-04,60.0,0.0,9.0,742.0,1056.0,60.0,60,11.0,60,439.0,60,138.0,6.0
SPS,2026-05,62.0,2.0,7.0,475.0,968.0,60.0,62,15.0,59,410.0,60,140.0,285.0
SPS,2026-06,60.0,1.0,15.0,1915.0,1062.0,59.0,60,15.0,59,396.0,59,349.0,106.0
SPS,2026-07,62.0,0.0,15.0,1894.0,1111.0,62.0,62,14.0,61,406.0,62,196.0,531.0
SRQ,2025-08,1037.0,10.0,199.0,15097.0,13596.0,1027.0,1037,236.0,1029,5844.0,1030,2536.0,814.0
SRQ,2025-09,859.0,1.0,87.0,6114.0,10672.0,858.0,860,108.0,858,3832.0,859,1233.0,61.0
SRQ,2025-10,1293.0,4.0,204.0,17244.0,17424.0,1289.0,1293,217.0,1288,6315.0,1289,2047.0,108.0
SRQ,2025-11,1478.0,24.0,259.0,20435.0,23393.0,1454.0,1481,297.0,1458,7318.0,1459,4471.0,220.0
SRQ,2025-12,1685.0,23.0,394.0,37959.0,26337.0,1662.0,1686,481.0,1659,8990.0,1664,9799.0,2194.0
SRQ,2026-01,1601.0,69.0,271.0,21219.0,23394.0,1532.0,1603,344.0,1526,7848.0,1530,5214.0,2627.0
SRQ,2026-02,1684.0,43.0,271.0,21737.0,27739.0,1641.0,1684,304.0,1640,8647.0,1644,3437.0,1478.0
SRQ,2026-03,2122.0,72.0,526.0,44856.0,39037.0,2050.0,2122,551.0,2049,12048.0,2055,13083.0,1888.0
SRQ,2026-04,1806.0,18.0,313.0,22975.0,29540.0,1788.0,1806,339.0,1787,9112.0,1788,2850.0,620.0
SRQ,2026-05,1513.0,8.0,290.0,26381.0,21526.0,1505.0,1511,280.0,1502,8031.0,1503,3348.0,310.0
SRQ,2026-06,1164.0,5.0,227.0,17643.0,15140.0,1159.0,1163,226.0,1155,5844.0,1156,1762.0,1009.0
SRQ,2026-07,1185.0,21.0,312.0,34365.0,16425.0,1164.0,1185,367.0,1154,6169.0,1163,4916.0,2310.0
STC,2025-08,3.0,0.0,3.0,353.0,36.0,3.0,3,2.0,3,19.0,3,8.0,14.0
STC,2025-10,9.0,0.0,3.0,126.0,70.0,9.0,9,1.0,9,53.0,9,0.0,0.0
STC,2025-11,13.0,0.0,2.0,216.0,181.0,13.0,13,2.0,13,74.0,13,44.0,0.0
STC,2025-12,17.0,0.0,5.0,310.0,197.0,17.0,17,2.0,17,132.0,17,139.0,0.0
STC,2026-01,17.0,0.0,5.0,1217.0,239.0,17.0,17,2.0,17,242.0,17,126.0,0.0
STC,2026-02,23.0,0.0,2.0,103.0,266.0,23.0,23,0.0,23,133.0,23,0.0,0.0
STC,2026-03,36.0,0.0,12.0,931.0,381.0,36.0,36,9.0,36,195.0,36,42.0,83.0
STC,2026-04,13.0,0.0,6.0,198.0,162.0,13.0,13,4.0,13,91.0,13,52.0,0.0
STC,2026-05,9.0,0.0,4.0,249.0,59.0,9.0,9,4.0,9,48.0,9,74.0,9.0
STC,2026-06,8.0,0.0,0.0,22.0,67.0,8.0,8,0.0,8,42.0,8,0.0,0.0
STC,2026-07,9.0,0.0,2.0,89.0,60.0,9.0,9,0.0,9,50.0,9,0.0,0.0
STL,2025-08,5539.0,53.0,1232.0,90469.0,66804.0,5487.0,5538,1166.0,5483,31303.0,5496,9172.0,4374.0
STL,2025-09,5321.0,18.0,915.0,58540.0,65141.0,5303.0,5322,756.0,5296,30344.0,5300,4041.0,2165.0
STL,2025-10,5611.0,15.0,1316.0,84787.0,68346.0,5596.0,5607,1071.0,5591,31393.0,5593,5565.0,1512.0
STL,2025-11,5202.0,76.0,1155.0,87129.0,65004.0,5126.0,5203,945.0,5126,28313.0,5133,8802.0,1545.0
STL,2025-12,5359.0,48.0,1592.0,113754.0,75638.0,5311.0,5359,1293.0,5301,31699.0,5308,12586.0,4451.0
STL,2026-01,4683.0,162.0,869.0,64319.0,61894.0,4521.0,4683,730.0,4522,24330.0,4524,5867.0,4482.0
STL,2026-02,4484.0,59.0,826.0,55639.0,52748.0,4425.0,4486,736.0,4429,22737.0,4431,4815.0,1582.0
STL,2026-03,5400.0,136.0,1529.0,112711.0,67078.0,5266.0,5400,1280.0,5258,28665.0,5265,9007.0,2971.0
STL,2026-04,5156.0,41.0,1069.0,73821.0,61868.0,5115.0,5155,970.0,5087,27492.0,5115,7394.0,2202.0
STL,2026-05,5375.0,45.0,1396.0,103890.0,64926.0,5330.0,5375,1185.0,5303,28431.0,5331,7708.0,2449.0
STL,2026-06,5463.0,64.0,1800.0,125850.0,66531.0,5399.0,5460,1451.0,5374,29727.0,5396,10256.0,4319.0
STL,2026-07,5725.0,101.0,1893.0,129980.0,67635.0,5624.0,5728,1600.0,5597,32099.0,5620,11485.0,4977.0
STS,2025-08,435.0,2.0,87.0,5448.0,7529.0,433.0,435,72.0,433,3498.0,433,486.0,342.0
STS,2025-09,484.0,3.0,89.0,7795.0,8094.0,481.0,484,69.0,476,4246.0,480,1071.0,16.0
STS,2025-10,404.0,4.0,62.0,4887.0,6927.0,401.0,404,71.0,396,3146.0,400,591.0,291.0
STS,2025-11,484.0,17.0,90.0,5699.0,8835.0,467.0,483,79.0,463,3763.0,465,1229.0,886.0
STS,2025-12,406.0,36.0,130.0,11104.0,6359.0,370.0,407,114.0,359,3304.0,370,1469.0,2727.0
STS,2026-01,364.0,19.0,52.0,3547.0,6361.0,345.0,363,47.0,336,2134.0,341,212.0,291.0
STS,2026-02,323.0,3.0,43.0,3077.0,5670.0,320.0,323,49.0,318,1939.0,320,479.0,335.0
STS,2026-03,443.0,1.0,55.0,4207.0,7496.0,442.0,443,46.0,441,3093.0,442,292.0,0.0
STS,2026-04,558.0,0.0,78.0,5849.0,10030.0,558.0,560,76.0,556,4157.0,560,566.0,177.0
STS,2026-05,589.0,2.0,97.0,7314.0,10026.0,587.0,590,93.0,588,4028.0,588,851.0,0.0
STS,2026-06,595.0,2.0,116.0,7284.0,10076.0,593.0,596,128.0,593,4860.0,594,1087.0,210.0
STS,2026-07,629.0,8.0,122.0,7797.0,10628.0,621.0,629,135.0,619,5083.0,619,1318.0,125.0
STT,2025-08,351.0,24.0,80.0,8869.0,4942.0,327.0,350,77.0,327,1568.0,327,1382.0,271.0
STT,2025-09,162.0,0.0,27.0,2422.0,2421.0,162.0,162,30.0,162,707.0,162,99.0,46.0
STT,2025-10,223.0,0.0,32.0,2150.0,3141.0,223.0,223,41.0,223,986.0,223,522.0,33.0
STT,2025-11,367.0,3.0,77.0,7379.0,5726.0,364.0,367,70.0,366,1724.0,367,1413.0,127.0
STT,2025-12,494.0,2.0,114.0,11840.0,7780.0,492.0,494,114.0,493,2541.0,494,1709.0,601.0
STT,2026-01,602.0,52.0,174.0,24839.0,11105.0,550.0,602,162.0,552,4897.0,562,4387.0,775.0
STT,2026-02,611.0,16.0,159.0,14285.0,9874.0,595.0,611,158.0,596,4600.0,597,2593.0,600.0
STT,2026-03,764.0,9.0,247.0,16365.0,12939.0,755.0,764,252.0,757,7452.0,758,6425.0,513.0
STT,2026-04,611.0,4.0,104.0,8137.0,10234.0,607.0,611,115.0,605,3997.0,609,1928.0,159.0
STT,2026-05,481.0,2.0,71.0,4690.0,7227.0,479.0,481,50.0,481,2363.0,481,631.0,18.0
STT,2026-06,434.0,1.0,76.0,8490.0,6114.0,433.0,434,69.0,433,2058.0,434,513.0,167.0
STT,2026-07,448.0,2.0,120.0,10087.0,6401.0,446.0,448,105.0,447,2032.0,447,1651.0,223.0
STX,2025-08,128.0,1.0,39.0,4357.0,1683.0,127.0,128,35.0,127,496.0,127,462.0,272.0
STX,2025-09,44.0,0.0,10.0,1921.0,675.0,44.0,44,4.0,43,160.0,44,9.0,0.0
STX,2025-10,68.0,0.0,24.0,2690.0,899.0,68.0,68,21.0,68,284.0,68,319.0,96.0
STX,2025-11,113.0,1.0,28.0,1758.0,1554.0,112.0,113,29.0,113,390.0,113,673.0,0.0
STX,2025-12,133.0,0.0,35.0,2177.0,2029.0,133.0,134,34.0,134,569.0,134,458.0,47.0
STX,2026-01,161.0,8.0,45.0,6238.0,2466.0,153.0,161,52.0,153,623.0,153,560.0,32.0
STX,2026-02,149.0,5.0,44.0,3287.0,2155.0,144.0,148,44.0,146,669.0,146,613.0,221.0
STX,2026-03,167.0,4.0,51.0,4232.0,2286.0,163.0,167,55.0,164,599.0,165,1137.0,52.0
STX,2026-04,123.0,1.0,21.0,1401.0,1706.0,122.0,123,22.0,122,406.0,122,194.0,0.0
STX,2026-05,103.0,0.0,18.0,1636.0,1402.0,103.0,104,16.0,104,328.0,104,192.0,0.0
STX,2026-06,98.0,0.0,16.0,946.0,1318.0,98.0,98,19.0,98,317.0,98,37.0,0.0
STX,2026-07,100.0,0.0,25.0,4744.0,1319.0,100.0,100,32.0,100,321.0,100,114.0,153.0
SUN,2025-08,249.0,1.0,29.0,3609.0,4535.0,248.0,248,30.0,245,836.0,247,468.0,94.0
SUN,2025-09,183.0,0.0,13.0,1467.0,3194.0,183.0,182,14.0,182,537.0,182,232.0,34.0
SUN,2025-10,170.0,0.0,12.0,1078.0,3227.0,170.0,169,17.0,168,476.0,169,273.0,129.0
SUN,2025-11,116.0,0.0,3.0,276.0,1852.0,116.0,116,5.0,115,299.0,115,26.0,50.0
SUN,2025-12,265.0,10.0,53.0,8224.0,6125.0,255.0,267,55.0,253,1114.0,258,1086.0,1076.0
SUN,2026-01,331.0,10.0,55.0,5350.0,7173.0,321.0,333,59.0,317,1177.0,323,1007.0,1228.0
SUN,2026-02,306.0,3.0,55.0,5508.0,6589.0,303.0,306,60.0,299,1417.0,303,517.0,339.0
SUN,2026-03,345.0,4.0,50.0,5820.0,6352.0,341.0,343,56.0,336,1328.0,341,482.0,775.0
SUN,2026-04,157.0,2.0,23.0,3048.0,2476.0,155.0,155,26.0,151,452.0,154,172.0,238.0
SUN,2026-05,135.0,0.0,12.0,1430.0,2231.0,135.0,137,10.0,137,403.0,137,96.0,0.0
SUN,2026-06,215.0,0.0,40.0,3406.0,4288.0,215.0,216,34.0,214,707.0,216,468.0,13.0
SUN,2026-07,273.0,1.0,43.0,4826.0,5305.0,272.0,274,42.0,273,927.0,273,434.0,156.0
SUX,2025-08,62.0,2.0,26.0,2367.0,1036.0,60.0,62,21.0,58,286.0,59,102.0,83.0
SUX,2025-09,60.0,0.0,9.0,885.0,1056.0,60.0,60,5.0,59,284.0,60,60.0,11.0
SUX,2025-10,62.0,0.0,5.0,489.0,1161.0,62.0,62,12.0,61,298.0,62,133.0,69.0
SUX,2025-11,59.0,1.0,6.0,894.0,1330.0,58.0,59,11.0,55,290.0,55,509.0,0.0
SUX,2025-12,62.0,3.0,19.0,2431.0,1704.0,59.0,62,22.0,56,281.0,57,444.0,0.0
SUX,2026-01,88.0,2.0,16.0,2521.0,2004.0,86.0,88,16.0,86,411.0,86,216.0,0.0
SUX,2026-02,83.0,0.0,11.0,1673.0,1734.0,83.0,83,18.0,83,399.0,83,161.0,73.0
SUX,2026-03,93.0,5.0,16.0,1651.0,1584.0,88.0,93,19.0,88,426.0,88,304.0,0.0
SUX,2026-04,77.0,2.0,29.0,3504.0,1316.0,75.0,77,22.0,74,383.0,76,284.0,211.0
SUX,2026-05,80.0,2.0,20.0,2964.0,1259.0,78.0,80,23.0,77,401.0,78,700.0,257.0
SUX,2026-06,77.0,0.0,11.0,857.0,1282.0,77.0,77,21.0,75,380.0,75,358.0,27.0
SUX,2026-07,80.0,2.0,19.0,1352.0,1550.0,78.0,80,22.0,78,379.0,78,189.0,59.0
SWF,2025-08,58.0,0.0,12.0,637.0,764.0,58.0,58,6.0,58,343.0,58,21.0,165.0
SWF,2025-09,28.0,0.0,4.0,381.0,393.0,28.0,28,1.0,28,175.0,28,0.0,0.0
SWF,2025-10,49.0,0.0,8.0,548.0,702.0,49.0,49,10.0,49,293.0,49,189.0,0.0
SWF,2025-11,49.0,0.0,13.0,1989.0,663.0,49.0,49,11.0,49,342.0,49,287.0,17.0
SWF,2025-12,53.0,2.0,13.0,778.0,852.0,51.0,53,7.0,51,321.0,51,85.0,0.0
SWF,2026-01,46.0,2.0,11.0,489.0,880.0,44.0,45,4.0,44,281.0,44,61.0,0.0
SWF,2026-02,49.0,4.0,11.0,1647.0,658.0,45.0,49,7.0,45,287.0,45,68.0,0.0
SWF,2026-03,48.0,0.0,21.0,2733.0,630.0,48.0,48,16.0,48,277.0,48,331.0,109.0
SWF,2026-04,46.0,0.0,18.0,1031.0,625.0,46.0,46,15.0,46,256.0,46,263.0,172.0
SWF,2026-05,40.0,0.0,10.0,969.0,470.0,40.0,40,7.0,39,239.0,40,34.0,137.0
SWF,2026-06,51.0,0.0,15.0,1378.0,584.0,51.0,51,12.0,51,299.0,51,97.0,442.0
SWF,2026-07,61.0,2.0,32.0,3195.0,835.0,59.0,61,23.0,60,357.0,60,294.0,441.0
SWO,2025-08,62.0,0.0,6.0,636.0,987.0,62.0,62,11.0,62,277.0,62,0.0,473.0
SWO,2025-09,60.0,2.0,7.0,432.0,904.0,58.0,60,7.0,57,253.0,57,356.0,556.0
SWO,2025-10,62.0,0.0,8.0,546.0,948.0,62.0,62,11.0,62,282.0,62,13.0,71.0
SWO,2025-11,59.0,3.0,17.0,2718.0,1319.0,56.0,59,20.0,56,263.0,57,143.0,33.0
SWO,2025-12,62.0,0.0,20.0,3427.0,1456.0,62.0,62,29.0,61,275.0,61,39.0,5.0
SWO,2026-01,62.0,9.0,8.0,612.0,1055.0,53.0,62,8.0,53,218.0,53,33.0,13.0
SWO,2026-02,56.0,1.0,5.0,347.0,986.0,55.0,56,8.0,53,198.0,54,5.0,18.0
SWO,2026-03,62.0,4.0,8.0,1443.0,1115.0,58.0,62,16.0,55,221.0,55,88.0,86.0
SWO,2026-04,60.0,3.0,12.0,1332.0,1050.0,57.0,60,12.0,55,188.0,56,79.0,0.0
SWO,2026-05,62.0,3.0,9.0,2277.0,971.0,60.0,62,11.0,59,272.0,60,83.0,1629.0
SWO,2026-06,60.0,1.0,9.0,1157.0,1007.0,59.0,60,11.0,58,277.0,58,36.0,0.0
SWO,2026-07,62.0,0.0,7.0,562.0,997.0,62.0,62,15.0,62,252.0,62,131.0,166.0
SYR,2025-08,887.0,18.0,153.0,12673.0,13117.0,870.0,885,209.0,866,6234.0,869,1587.0,728.0
SYR,2025-09,801.0,4.0,100.0,8744.0,12302.0,797.0,806,156.0,800,4960.0,800,1398.0,208.0
SYR,2025-10,899.0,4.0,126.0,10487.0,14694.0,895.0,897,199.0,890,5181.0,890,1650.0,191.0
SYR,2025-11,854.0,31.0,160.0,14443.0,19271.0,823.0,852,210.0,819,5403.0,823,2848.0,482.0
SYR,2025-12,864.0,27.0,252.0,27863.0,25055.0,837.0,866,294.0,839,6751.0,839,3927.0,3725.0
SYR,2026-01,740.0,47.0,165.0,17427.0,19618.0,693.0,737,193.0,693,4696.0,694,2258.0,2274.0
SYR,2026-02,694.0,16.0,167.0,15674.0,18245.0,678.0,696,185.0,680,4442.0,681,2015.0,1108.0
SYR,2026-03,820.0,34.0,204.0,22793.0,15708.0,786.0,819,241.0,791,4934.0,791,2663.0,855.0
SYR,2026-04,926.0,12.0,151.0,10727.0,14946.0,914.0,929,189.0,921,4959.0,921,1399.0,528.0
SYR,2026-05,959.0,15.0,119.0,13421.0,13835.0,944.0,957,183.0,949,5383.0,950,1733.0,562.0
SYR,2026-06,912.0,32.0,158.0,15122.0,13406.0,880.0,913,218.0,881,6361.0,887,2531.0,1501.0
SYR,2026-07,985.0,31.0,248.0,24847.0,15362.0,954.0,984,316.0,955,6241.0,955,2771.0,1740.0
TLH,2025-08,401.0,5.0,68.0,5537.0,6377.0,396.0,401,106.0,398,2508.0,400,1056.0,1402.0
TLH,2025-09,358.0,2.0,43.0,3888.0,5363.0,356.0,358,54.0,356,2345.0,356,551.0,225.0
TLH,2025-10,384.0,1.0,42.0,4786.0,6167.0,383.0,384,53.0,383,2610.0,384,440.0,79.0
TLH,2025-11,373.0,9.0,53.0,5019.0,5730.0,364.0,373,58.0,356,2254.0,361,585.0,605.0
TLH,2025-12,354.0,7.0,74.0,6653.0,5252.0,347.0,354,84.0,346,2317.0,349,536.0,332.0
TLH,2026-01,346.0,18.0,46.0,5046.0,4989.0,328.0,346,61.0,329,2061.0,329,604.0,375.0
TLH,2026-02,351.0,2.0,50.0,6030.0,5551.0,349.0,351,63.0,347,1949.0,347,366.0,225.0
TLH,2026-03,417.0,14.0,90.0,11868.0,6771.0,403.0,417,96.0,398,2318.0,402,707.0,963.0
TLH,2026-04,406.0,7.0,52.0,4650.0,6532.0,399.0,406,65.0,397,2199.0,399,543.0,146.0
TLH,2026-05,421.0,7.0,70.0,7861.0,6419.0,414.0,421,81.0,413,2410.0,414,721.0,386.0
TLH,2026-06,399.0,12.0,56.0,6132.0,5961.0,387.0,399,69.0,384,2227.0,386,903.0,648.0
TLH,2026-07,434.0,16.0,93.0,9621.0,6566.0,418.0,434,126.0,416,2371.0,416,1937.0,798.0
TOL,2025-08,18.0,0.0,6.0,1162.0,194.0,18.0,18,6.0,18,101.0,18,16.0,919.0
TOL,2025-09,8.0,0.0,3.0,206.0,102.0,8.0,8,1.0,8,48.0,8,0.0,0.0
TOL,2025-10,27.0,0.0,3.0,264.0,279.0,27.0,27,0.0,26,143.0,27,0.0,0.0
TOL,2025-11,31.0,0.0,11.0,631.0,416.0,31.0,31,6.0,31,173.0,31,93.0,0.0
TOL,2025-12,47.0,0.0,17.0,1153.0,866.0,47.0,47,11.0,47,258.0,47,157.0,31.0
TOL,2026-01,39.0,0.0,6.0,339.0,830.0,39.0,39,4.0,39,219.0,39,56.0,0.0
TOL,2026-02,42.0,0.0,17.0,985.0,628.0,42.0,42,9.0,42,234.0,42,99.0,187.0
TOL,2026-03,72.0,1.0,33.0,3383.0,857.0,71.0,72,23.0,70,389.0,71,295.0,486.0
TOL,2026-04,51.0,0.0,14.0,656.0,506.0,51.0,51,14.0,51,302.0,51,87.0,34.0
TOL,2026-05,38.0,0.0,12.0,796.0,463.0,38.0,38,8.0,37,216.0,38,30.0,0.0
TOL,2026-06,29.0,0.0,10.0,893.0,310.0,29.0,29,9.0,29,170.0,29,171.0,95.0
TOL,2026-07,30.0,0.0,6.0,281.0,298.0,30.0,30,2.0,30,164.0,30,91.0,0.0
TPA,2025-08,6171.0,43.0,1457.0,116053.0,104526.0,6129.0,6164,1581.0,6076,35114.0,6128,20385.0,4343.0
TPA,2025-09,5502.0,12.0,729.0,59165.0,83931.0,5490.0,5501,807.0,5478,30798.0,5487,7929.0,1706.0
TPA,2025-10,6075.0,31.0,1149.0,85477.0,104736.0,6044.0,6078,1310.0,6037,33037.0,6048,11581.0,696.0
TPA,2025-11,6421.0,155.0,1182.0,95363.0,104393.0,6266.0,6424,1373.0,6280,35468.0,6284,16937.0,1479.0
TPA,2025-12,6851.0,93.0,1735.0,137012.0,101934.0,6758.0,6861,1931.0,6743,42324.0,6769,30898.0,4260.0
TPA,2026-01,6432.0,245.0,1207.0,85809.0,106094.0,6187.0,6427,1352.0,6183,39272.0,6185,17348.0,4621.0
TPA,2026-02,6173.0,139.0,1182.0,82801.0,117020.0,6034.0,6177,1201.0,6027,39412.0,6035,14933.0,2007.0
TPA,2026-03,7679.0,222.0,2009.0,153349.0,124663.0,7457.0,7674,2013.0,7451,48471.0,7464,30991.0,3395.0
TPA,2026-04,6952.0,34.0,1339.0,92655.0,104780.0,6918.0,6952,1375.0,6915,40619.0,6917,10262.0,1187.0
TPA,2026-05,6471.0,44.0,1653.0,126829.0,99075.0,6427.0,6466,1577.0,6396,39893.0,6423,18268.0,3865.0
TPA,2026-06,5964.0,51.0,1460.0,109851.0,85584.0,5913.0,5962,1504.0,5908,33628.0,5913,9800.0,4281.0
TPA,2026-07,6106.0,133.0,1776.0,143294.0,95763.0,5974.0,6105,1915.0,5928,33388.0,5969,23546.0,7709.0
TRI,2025-08,156.0,1.0,42.0,5442.0,2233.0,155.0,155,39.0,155,788.0,155,320.0,1362.0
TRI,2025-09,161.0,1.0,28.0,2027.0,1964.0,160.0,162,27.0,161,847.0,161,211.0,64.0
TRI,2025-10,147.0,0.0,29.0,2800.0,1855.0,147.0,147,30.0,147,786.0,147,487.0,59.0
TRI,2025-11,129.0,2.0,19.0,1612.0,1721.0,127.0,129,20.0,127,661.0,127,142.0,35.0
TRI,2025-12,112.0,0.0,22.0,1827.0,1796.0,112.0,111,19.0,111,552.0,111,116.0,107.0
TRI,2026-01,60.0,6.0,13.0,1350.0,1001.0,54.0,60,9.0,55,283.0,55,96.0,17.0
TRI,2026-02,87.0,0.0,27.0,2607.0,1405.0,87.0,87,24.0,86,458.0,87,474.0,115.0
TRI,2026-03,87.0,2.0,16.0,706.0,1003.0,85.0,87,9.0,85,435.0,85,195.0,0.0
TRI,2026-04,77.0,1.0,17.0,1551.0,691.0,76.0,77,17.0,76,419.0,76,209.0,1.0
TRI,2026-05,117.0,2.0,29.0,2384.0,1369.0,115.0,118,19.0,115,703.0,115,171.0,142.0
TRI,2026-06,170.0,13.0,33.0,3301.0,1758.0,157.0,171,46.0,158,1055.0,159,957.0,356.0
TRI,2026-07,180.0,3.0,50.0,6594.0,2484.0,177.0,180,59.0,175,1287.0,177,895.0,1304.0
TTN,2025-08,102.0,4.0,20.0,1507.0,1842.0,98.0,102,33.0,98,860.0,98,289.0,111.0
TTN,2025-09,59.0,0.0,5.0,281.0,1036.0,59.0,58,3.0,58,512.0,58,3.0,0.0
TTN,2025-10,50.0,1.0,8.0,859.0,838.0,49.0,51,9.0,50,430.0,50,43.0,500.0
TTN,2025-11,64.0,0.0,13.0,1158.0,1174.0,64.0,64,13.0,64,472.0,64,349.0,0.0
TTN,2025-12,55.0,3.0,9.0,1415.0,1186.0,52.0,56,14.0,52,456.0,52,128.0,5.0
TTN,2026-01,61.0,4.0,9.0,483.0,1127.0,57.0,60,12.0,55,504.0,55,83.0,0.0
TTN,2026-02,66.0,9.0,11.0,779.0,1249.0,57.0,68,16.0,58,603.0,59,253.0,0.0
TTN,2026-03,92.0,3.0,24.0,3271.0,1565.0,89.0,90,27.0,87,753.0,87,373.0,364.0
TTN,2026-04,142.0,3.0,45.0,4687.0,2402.0,139.0,142,44.0,140,1283.0,140,655.0,6.0
TTN,2026-05,101.0,1.0,19.0,1176.0,1750.0,100.0,100,18.0,98,782.0,99,121.0,93.0
TTN,2026-06,112.0,2.0,30.0,2294.0,1973.0,110.0,112,15.0,110,912.0,111,115.0,190.0
TTN,2026-07,108.0,3.0,33.0,4824.0,2284.0,105.0,109,29.0,106,1050.0,106,319.0,164.0
TUL,2025-08,1611.0,23.0,252.0,23038.0,23222.0,1588.0,1608,384.0,1590,7792.0,1593,2785.0,2099.0
TUL,2025-09,1516.0,14.0,187.0,15193.0,22467.0,1502.0,1516,250.0,1501,7146.0,1504,1590.0,1356.0
TUL,2025-10,1636.0,11.0,278.0,20140.0,24970.0,1625.0,1637,338.0,1624,7351.0,1627,2167.0,1239.0
TUL,2025-11,1571.0,39.0,236.0,19286.0,24141.0,1532.0,1571,310.0,1532,6956.0,1532,2700.0,1087.0
TUL,2025-12,1536.0,18.0,257.0,22956.0,24794.0,1518.0,1535,353.0,1521,6944.0,1522,2637.0,1136.0
TUL,2026-01,1332.0,93.0,145.0,17585.0,20038.0,1239.0,1331,216.0,1237,5913.0,1239,1506.0,2362.0
TUL,2026-02,1264.0,12.0,150.0,14892.0,18464.0,1252.0,1265,242.0,1254,5607.0,1254,1026.0,687.0
TUL,2026-03,1518.0,31.0,312.0,34953.0,22890.0,1487.0,1518,370.0,1482,6780.0,1486,2948.0,1881.0
TUL,2026-04,1509.0,17.0,247.0,23032.0,23120.0,1493.0,1511,303.0,1490,7062.0,1496,2273.0,2813.0
TUL,2026-05,1626.0,19.0,346.0,30214.0,24988.0,1607.0,1625,412.0,1605,7724.0,1606,2723.0,1828.0
TUL,2026-06,1583.0,29.0,368.0,33047.0,23371.0,1554.0,1583,475.0,1552,7102.0,1557,3400.0,3108.0
TUL,2026-07,1613.0,25.0,319.0,25759.0,23970.0,1588.0,1614,461.0,1581,6696.0,1589,3126.0,3416.0
TUS,2025-08,1401.0,12.0,211.0,20015.0,21095.0,1389.0,1400,284.0,1389,6177.0,1391,1577.0,1709.0
TUS,2025-09,1371.0,15.0,203.0,19366.0,20612.0,1356.0,1373,260.0,1358,7012.0,1358,1443.0,637.0
TUS,2025-10,1598.0,5.0,281.0,21027.0,24581.0,1593.0,1600,333.0,1597,7513.0,1597,1827.0,1194.0
TUS,2025-11,1753.0,44.0,249.0,21991.0,26734.0,1709.0,1756,299.0,1715,8060.0,1715,1958.0,616.0
TUS,2025-12,1784.0,10.0,305.0,24697.0,26696.0,1774.0,1782,413.0,1774,8287.0,1774,3817.0,1645.0
TUS,2026-01,1738.0,39.0,253.0,20757.0,25350.0,1700.0,1739,365.0,1702,8257.0,1703,3319.0,2452.0
TUS,2026-02,1646.0,4.0,267.0,22104.0,25038.0,1642.0,1646,311.0,1645,8277.0,1645,2061.0,662.0
TUS,2026-03,1923.0,25.0,315.0,29870.0,29580.0,1898.0,1924,341.0,1899,9467.0,1904,2314.0,1395.0
TUS,2026-04,1834.0,8.0,295.0,21069.0,29804.0,1826.0,1835,368.0,1824,8701.0,1824,1875.0,405.0
TUS,2026-05,1691.0,9.0,326.0,27421.0,27545.0,1682.0,1687,379.0,1677,8061.0,1680,2418.0,260.0
TUS,2026-06,1399.0,16.0,307.0,22891.0,22264.0,1383.0,1398,372.0,1374,6102.0,1380,1801.0,1460.0
TUS,2026-07,1398.0,3.0,284.0,20611.0,22061.0,1395.0,1398,395.0,1391,6280.0,1393,2865.0,2119.0
TVC,2025-08,706.0,19.0,182.0,14772.0,10770.0,687.0,705,163.0,692,5642.0,692,1699.0,1195.0
TVC,2025-09,452.0,1.0,86.0,9415.0,6769.0,451.0,452,86.0,450,2670.0,451,542.0,1570.0
TVC,2025-10,489.0,1.0,102.0,9362.0,7790.0,488.0,489,90.0,488,3232.0,488,629.0,178.0
TVC,2025-11,390.0,28.0,79.0,7389.0,8102.0,362.0,390,97.0,360,2037.0,360,1234.0,1155.0
TVC,2025-12,341.0,20.0,134.0,24811.0,10026.0,321.0,340,157.0,323,2488.0,325,3038.0,6723.0
TVC,2026-01,252.0,10.0,96.0,9074.0,8480.0,242.0,252,97.0,241,1708.0,242,1415.0,1352.0
TVC,2026-02,244.0,4.0,67.0,6164.0,6277.0,240.0,244,74.0,240,1221.0,240,955.0,1542.0
TVC,2026-03,294.0,40.0,74.0,9290.0,5259.0,254.0,294,82.0,255,1422.0,255,1835.0,579.0
TVC,2026-04,316.0,11.0,57.0,3645.0,5069.0,305.0,317,79.0,308,1646.0,308,745.0,760.0
TVC,2026-05,468.0,4.0,67.0,6793.0,6811.0,464.0,469,90.0,463,3061.0,464,838.0,724.0
TVC,2026-06,732.0,31.0,161.0,16667.0,11332.0,701.0,731,157.0,702,5761.0,706,2089.0,740.0
TVC,2026-07,909.0,37.0,263.0,19471.0,14014.0,872.0,911,265.0,879,9309.0,882,3380.0,2056.0
TWF,2025-08,56.0,0.0,0.0,0.0,569.0,56.0,56,1.0,56,177.0,56,0.0,22.0
TWF,2025-09,60.0,0.0,0.0,2.0,656.0,60.0,60,0.0,60,192.0,60,0.0,0.0
TWF,2025-10,61.0,0.0,2.0,606.0,705.0,61.0,61,2.0,61,176.0,61,2.0,28.0
TWF,2025-11,57.0,0.0,3.0,177.0,764.0,57.0,57,5.0,57,175.0,57,7.0,0.0
TWF,2025-12,59.0,0.0,3.0,238.0,658.0,59.0,59,6.0,59,173.0,59,15.0,60.0
TWF,2026-01,61.0,3.0,3.0,825.0,767.0,58.0,61,8.0,58,160.0,58,58.0,1249.0
TWF,2026-02,56.0,1.0,1.0,70.0,739.0,55.0,56,6.0,55,169.0,55,3.0,36.0
TWF,2026-03,86.0,0.0,1.0,166.0,1131.0,86.0,86,1.0,86,267.0,86,0.0,0.0
TWF,2026-04,82.0,0.0,5.0,328.0,980.0,82.0,82,10.0,82,237.0,82,54.0,0.0
TWF,2026-05,85.0,0.0,4.0,791.0,1052.0,85.0,85,6.0,85,263.0,85,14.0,17.0
TWF,2026-06,83.0,0.0,5.0,683.0,1112.0,83.0,83,10.0,83,263.0,83,8.0,0.0
TWF,2026-07,85.0,0.0,3.0,192.0,1317.0,85.0,85,4.0,85,295.0,85,9.0,72.0
TXK,2025-08,62.0,1.0,10.0,957.0,1015.0,61.0,62,14.0,61,259.0,61,151.0,38.0
TXK,2025-09,60.0,1.0,8.0,435.0,971.0,59.0,60,12.0,59,258.0,59,91.0,293.0
TXK,2025-10,62.0,1.0,5.0,270.0,1150.0,61.0,62,13.0,61,258.0,61,88.0,218.0
TXK,2025-11,59.0,3.0,4.0,200.0,955.0,56.0,59,5.0,56,302.0,56,103.0,0.0
TXK,2025-12,60.0,0.0,12.0,1200.0,1066.0,60.0,60,11.0,60,335.0,60,21.0,0.0
TXK,2026-01,62.0,11.0,3.0,232.0,790.0,51.0,62,5.0,51,237.0,51,40.0,0.0
TXK,2026-02,52.0,0.0,5.0,266.0,786.0,52.0,52,3.0,52,233.0,52,19.0,0.0
TXK,2026-03,62.0,0.0,5.0,442.0,928.0,62.0,62,9.0,62,281.0,62,51.0,342.0
TXK,2026-04,60.0,0.0,10.0,843.0,922.0,60.0,60,6.0,60,274.0,60,182.0,72.0
TXK,2026-05,62.0,1.0,6.0,528.0,946.0,61.0,62,10.0,60,263.0,60,76.0,54.0
TXK,2026-06,60.0,4.0,15.0,2602.0,944.0,56.0,60,13.0,56,243.0,56,57.0,5.0
TXK,2026-07,62.0,0.0,15.0,1164.0,964.0,62.0,62,22.0,62,308.0,62,184.0,25.0
TYR,2025-08,93.0,1.0,19.0,2028.0,1243.0,92.0,93,21.0,92,353.0,92,261.0,100.0
TYR,2025-09,90.0,1.0,15.0,883.0,1190.0,89.0,90,18.0,89,358.0,89,220.0,41.0
TYR,2025-10,93.0,1.0,18.0,1543.0,1346.0,92.0,93,18.0,92,367.0,92,64.0,650.0
TYR,2025-11,87.0,10.0,12.0,2037.0,1708.0,77.0,87,13.0,75,357.0,76,35.0,567.0
TYR,2025-12,91.0,0.0,17.0,1583.0,1388.0,91.0,91,21.0,91,382.0,91,16.0,17.0
TYR,2026-01,93.0,11.0,14.0,1911.0,1325.0,82.0,92,18.0,81,406.0,81,67.0,221.0
TYR,2026-02,72.0,0.0,17.0,1434.0,1153.0,72.0,73,17.0,73,302.0,73,54.0,87.0
TYR,2026-03,93.0,9.0,21.0,1776.0,1509.0,84.0,93,22.0,84,357.0,84,68.0,133.0
TYR,2026-04,90.0,3.0,11.0,1209.0,1460.0,87.0,90,17.0,88,383.0,88,107.0,476.0
TYR,2026-05,93.0,2.0,19.0,1628.0,1400.0,91.0,93,23.0,88,365.0,88,118.0,445.0
TYR,2026-06,90.0,5.0,20.0,2192.0,1029.0,85.0,90,20.0,85,308.0,85,198.0,128.0
TYR,2026-07,92.0,0.0,15.0,1502.0,1137.0,92.0,92,10.0,92,326.0,92,275.0,291.0
TYS,2025-08,1174.0,27.0,239.0,28249.0,18922.0,1147.0,1174,304.0,1147,8570.0,1147,3641.0,1826.0
TYS,2025-09,1097.0,6.0,196.0,17931.0,18271.0,1091.0,1097,204.0,1087,8007.0,1090,2266.0,2316.0
TYS,2025-10,1277.0,5.0,291.0,23292.0,21530.0,1272.0,1278,328.0,1270,9471.0,1271,4354.0,752.0
TYS,2025-11,1048.0,26.0,229.0,21601.0,17946.0,1022.0,1047,256.0,1004,7814.0,1020,3336.0,2643.0
TYS,2025-12,969.0,13.0,290.0,30650.0,16309.0,956.0,966,326.0,950,7677.0,950,3646.0,2128.0
TYS,2026-01,921.0,80.0,183.0,21173.0,15755.0,841.0,923,227.0,841,5799.0,842,2044.0,3150.0
TYS,2026-02,816.0,12.0,153.0,15604.0,14537.0,804.0,816,195.0,807,5481.0,808,2143.0,436.0
TYS,2026-03,1119.0,30.0,237.0,26509.0,17730.0,1089.0,1121,306.0,1090,6637.0,1090,3912.0,2890.0
TYS,2026-04,1152.0,17.0,166.0,14235.0,18123.0,1136.0,1153,238.0,1144,6702.0,1145,2476.0,324.0
TYS,2026-05,1308.0,15.0,252.0,21775.0,21179.0,1293.0,1308,349.0,1291,9862.0,1291,4473.0,1856.0
TYS,2026-06,1328.0,30.0,336.0,34135.0,21356.0,1298.0,1327,420.0,1302,9963.0,1303,4600.0,4743.0
TYS,2026-07,1352.0,24.0,355.0,37227.0,21808.0,1328.0,1353,496.0,1326,9558.0,1328,5485.0,5665.0
USA,2025-08,49.0,0.0,23.0,3230.0,755.0,49.0,49,21.0,49,297.0,49,229.0,219.0
USA,2025-09,52.0,0.0,15.0,1702.0,709.0,52.0,52,16.0,52,324.0,52,89.0,161.0
USA,2025-10,53.0,1.0,19.0,1158.0,635.0,52.0,54,19.0,54,307.0,54,124.0,147.0
USA,2025-11,63.0,1.0,28.0,2103.0,772.0,62.0,63,23.0,62,461.0,62,282.0,13.0
USA,2025-12,75.0,0.0,50.0,5407.0,966.0,75.0,75,43.0,74,597.0,75,630.0,990.0
USA,2026-01,52.0,3.0,13.0,725.0,607.0,49.0,52,13.0,49,297.0,49,159.0,45.0
USA,2026-02,40.0,0.0,17.0,1740.0,573.0,40.0,40,17.0,40,268.0,40,299.0,72.0
USA,2026-03,61.0,3.0,26.0,1660.0,892.0,58.0,61,22.0,59,387.0,59,338.0,289.0
USA,2026-04,59.0,0.0,24.0,1634.0,857.0,59.0,59,20.0,59,348.0,59,227.0,151.0
USA,2026-05,63.0,0.0,27.0,3840.0,903.0,63.0,63,23.0,61,365.0,63,237.0,19.0
USA,2026-06,60.0,0.0,24.0,2702.0,904.0,60.0,60,23.0,60,392.0,60,342.0,80.0
USA,2026-07,62.0,0.0,35.0,3422.0,1105.0,62.0,62,29.0,61,354.0,62,420.0,608.0
VCT,2025-08,7.0,0.0,0.0,1.0,71.0,7.0,6,0.0,6,27.0,6,0.0,0.0
VCT,2025-09,45.0,0.0,8.0,1326.0,774.0,45.0,46,5.0,46,250.0,46,11.0,85.0
VCT,2025-10,54.0,0.0,12.0,1970.0,1148.0,54.0,54,14.0,54,277.0,54,31.0,510.0
VCT,2025-11,55.0,0.0,9.0,746.0,1040.0,55.0,55,10.0,55,267.0,55,95.0,663.0
VCT,2025-12,56.0,0.0,11.0,1944.0,639.0,56.0,56,15.0,55,274.0,56,93.0,726.0
VCT,2026-01,53.0,3.0,6.0,1691.0,529.0,50.0,53,14.0,51,269.0,51,75.0,0.0
VCT,2026-02,50.0,0.0,5.0,1675.0,538.0,50.0,50,7.0,48,241.0,50,37.0,573.0
VCT,2026-03,62.0,4.0,15.0,3740.0,730.0,58.0,62,21.0,55,340.0,57,229.0,0.0
VCT,2026-04,52.0,2.0,7.0,1771.0,676.0,50.0,52,12.0,50,255.0,50,43.0,74.0
VCT,2026-05,53.0,1.0,7.0,1761.0,771.0,52.0,53,16.0,52,279.0,52,124.0,39.0
VCT,2026-06,51.0,0.0,17.0,2960.0,854.0,51.0,51,23.0,51,244.0,51,154.0,1357.0
VCT,2026-07,54.0,0.0,12.0,2568.0,804.0,54.0,54,11.0,54,294.0,54,32.0,39.0
VPS,2025-08,1103.0,13.0,233.0,23504.0,17426.0,1090.0,1102,266.0,1086,10000.0,1090,3917.0,955.0
VPS,2025-09,801.0,3.0,86.0,10500.0,12395.0,798.0,800,86.0,798,7106.0,798,928.0,221.0
VPS,2025-10,934.0,1.0,122.0,9010.0,14608.0,933.0,935,153.0,934,7804.0,934,1716.0,186.0
VPS,2025-11,677.0,15.0,94.0,7678.0,10789.0,662.0,677,105.0,663,5339.0,663,1254.0,1231.0
VPS,2025-12,658.0,8.0,117.0,9590.0,10592.0,650.0,658,138.0,649,5071.0,651,875.0,1828.0
VPS,2026-01,609.0,36.0,93.0,10230.0,10063.0,573.0,609,104.0,570,4483.0,579,1461.0,1200.0
VPS,2026-02,606.0,9.0,104.0,11201.0,10265.0,597.0,608,102.0,599,4911.0,600,614.0,204.0
VPS,2026-03,920.0,25.0,194.0,18229.0,14485.0,895.0,920,213.0,887,7996.0,896,1677.0,2195.0
VPS,2026-04,958.0,6.0,166.0,11163.0,14939.0,952.0,958,159.0,951,8903.0,951,2248.0,406.0
VPS,2026-05,1098.0,10.0,270.0,19069.0,17716.0,1088.0,1098,303.0,1088,10271.0,1090,4436.0,677.0
VPS,2026-06,1287.0,21.0,412.0,38200.0,20482.0,1266.0,1287,445.0,1263,14605.0,1263,5325.0,2036.0
VPS,2026-07,1331.0,24.0,398.0,37449.0,22537.0,1307.0,1331,432.0,1307,13498.0,1310,5719.0,1618.0
VRB,2025-12,42.0,1.0,22.0,1980.0,795.0,41.0,42,21.0,41,316.0,41,728.0,63.0
VRB,2026-01,62.0,4.0,22.0,1290.0,969.0,58.0,62,15.0,58,501.0,58,714.0,0.0
VRB,2026-02,73.0,4.0,21.0,1281.0,1268.0,69.0,73,18.0,68,520.0,68,361.0,40.0
VRB,2026-03,93.0,6.0,29.0,2041.0,1696.0,87.0,93,19.0,88,875.0,88,381.0,9.0
VRB,2026-04,90.0,0.0,25.0,1674.0,1800.0,90.0,90,13.0,89,657.0,90,313.0,0.0
VRB,2026-05,87.0,0.0,12.0,620.0,1503.0,87.0,87,8.0,87,506.0,87,96.0,8.0
VRB,2026-06,90.0,0.0,20.0,1343.0,1732.0,90.0,90,8.0,90,590.0,90,57.0,0.0
VRB,2026-07,92.0,11.0,24.0,3285.0,1435.0,81.0,92,12.0,84,660.0,84,257.0,8.0
WRG,2025-08,62.0,1.0,13.0,964.0,446.0,61.0,62,16.0,61,236.0,61,40.0,241.0
WRG,2025-09,60.0,4.0,10.0,726.0,411.0,56.0,60,10.0,57,215.0,57,70.0,231.0
WRG,2025-10,62.0,2.0,6.0,470.0,437.0,60.0,62,2.0,59,259.0,59,37.0,0.0
WRG,2025-11,58.0,3.0,5.0,133.0,456.0,55.0,58,7.0,56,253.0,56,62.0,0.0
WRG,2025-12,60.0,3.0,18.0,1535.0,556.0,57.0,60,22.0,55,230.0,55,155.0,182.0
WRG,2026-01,60.0,6.0,16.0,1410.0,282.0,54.0,60,14.0,51,194.0,51,47.0,178.0
WRG,2026-02,56.0,3.0,9.0,566.0,249.0,53.0,56,10.0,50,207.0,50,31.0,51.0
WRG,2026-03,62.0,2.0,15.0,907.0,278.0,60.0,62,16.0,61,243.0,61,118.0,155.0
WRG,2026-04,60.0,0.0,12.0,975.0,280.0,60.0,60,9.0,60,233.0,60,4.0,0.0
WRG,2026-05,62.0,1.0,6.0,188.0,265.0,61.0,62,6.0,61,221.0,61,5.0,0.0
WRG,2026-06,60.0,0.0,1.0,40.0,288.0,60.0,60,1.0,60,210.0,60,0.0,0.0
WRG,2026-07,62.0,1.0,5.0,186.0,305.0,61.0,62,4.0,61,203.0,61,0.0,0.0
WYS,2025-08,73.0,1.0,16.0,1224.0,1010.0,72.0,73,15.0,72,372.0,72,73.0,0.0
WYS,2025-09,66.0,0.0,4.0,976.0,973.0,66.0,66,4.0,66,326.0,66,0.0,0.0
WYS,2025-10,15.0,0.0,4.0,242.0,241.0,15.0,15,5.0,15,70.0,15,25.0,0.0
WYS,2026-05,47.0,1.0,12.0,2204.0,754.0,46.0,47,5.0,43,192.0,46,0.0,0.0
WYS,2026-06,76.0,1.0,12.0,734.0,1277.0,75.0,76,12.0,74,352.0,75,51.0,0.0
WYS,2026-07,78.0,0.0,14.0,1234.0,1335.0,78.0,78,12.0,78,383.0,78,47.0,0.0
XNA,2025-08,1044.0,15.0,183.0,16776.0,16542.0,1029.0,1043,220.0,1026,7582.0,1028,1810.0,2248.0
XNA,2025-09,1039.0,6.0,188.0,16856.0,16565.0,1033.0,1041,206.0,1030,8431.0,1033,2283.0,1256.0
XNA,2025-10,1154.0,10.0,164.0,10702.0,18432.0,1144.0,1153,195.0,1143,7682.0,1144,1458.0,479.0
XNA,2025-11,1094.0,20.0,153.0,12084.0,19032.0,1074.0,1095,189.0,1070,7418.0,1071,2103.0,579.0
XNA,2025-12,1103.0,9.0,200.0,18962.0,19844.0,1094.0,1101,262.0,1089,8245.0,1090,2970.0,1851.0
XNA,2026-01,1077.0,74.0,151.0,15169.0,18057.0,1003.0,1076,178.0,1001,7824.0,1002,2151.0,1596.0
XNA,2026-02,1006.0,12.0,139.0,12114.0,15794.0,994.0,1007,182.0,993,7085.0,993,2285.0,848.0
XNA,2026-03,1222.0,32.0,244.0,23675.0,20785.0,1190.0,1223,257.0,1181,8901.0,1190,3882.0,2687.0
XNA,2026-04,1214.0,12.0,169.0,17258.0,19814.0,1202.0,1214,205.0,1199,8035.0,1203,2123.0,829.0
XNA,2026-05,1319.0,17.0,236.0,25842.0,23155.0,1302.0,1320,262.0,1296,10436.0,1303,3399.0,1687.0
XNA,2026-06,1344.0,25.0,338.0,35168.0,23191.0,1319.0,1344,360.0,1311,12299.0,1316,4838.0,2779.0
XNA,2026-07,1462.0,42.0,297.0,32016.0,25452.0,1420.0,1461,396.0,1420,11610.0,1420,3581.0,2973.0
XWA,2025-08,238.0,2.0,49.0,6562.0,5133.0,236.0,238,50.0,235,1442.0,238,623.0,612.0
XWA,2025-09,223.0,0.0,22.0,1845.0,4616.0,223.0,223,20.0,219,1420.0,223,180.0,163.0
XWA,2025-10,209.0,0.0,17.0,1597.0,4648.0,209.0,209,34.0,209,1396.0,209,294.0,169.0
XWA,2025-11,197.0,7.0,23.0,2511.0,5779.0,190.0,197,33.0,189,1409.0,190,287.0,1098.0
XWA,2025-12,203.0,1.0,79.0,9786.0,7083.0,202.0,202,81.0,196,1964.0,200,1227.0,2747.0
XWA,2026-01,184.0,14.0,52.0,7839.0,5517.0,170.0,185,46.0,171,1439.0,172,304.0,605.0
XWA,2026-02,178.0,0.0,45.0,6452.0,5470.0,178.0,177,45.0,173,1189.0,176,411.0,359.0
XWA,2026-03,208.0,8.0,50.0,7527.0,5492.0,200.0,207,55.0,198,1240.0,199,654.0,1530.0
XWA,2026-04,173.0,0.0,34.0,5236.0,4584.0,173.0,174,32.0,173,1219.0,174,236.0,85.0
XWA,2026-05,201.0,3.0,19.0,2424.0,4061.0,198.0,200,38.0,197,1206.0,197,349.0,843.0
XWA,2026-06,197.0,1.0,37.0,4010.0,4199.0,196.0,197,52.0,194,1133.0,196,732.0,606.0
XWA,2026-07,200.0,0.0,42.0,4454.0,4433.0,200.0,200,40.0,199,1034.0,199,555.0,181.0
YAK,2025-08,62.0,0.0,11.0,417.0,766.0,62.0,62,11.0,62,262.0,62,19.0,0.0
YAK,2025-09,60.0,2.0,10.0,519.0,752.0,58.0,60,5.0,59,276.0,59,11.0,0.0
YAK,2025-10,62.0,2.0,5.0,554.0,798.0,60.0,62,8.0,61,263.0,61,57.0,0.0
YAK,2025-11,58.0,0.0,5.0,334.0,835.0,58.0,58,7.0,57,253.0,57,25.0,0.0
YAK,2025-12,60.0,9.0,10.0,889.0,687.0,51.0,60,9.0,51,227.0,51,28.0,74.0
YAK,2026-01,60.0,4.0,17.0,1606.0,287.0,56.0,59,13.0,52,234.0,52,39.0,30.0
YAK,2026-02,56.0,3.0,9.0,479.0,283.0,53.0,56,9.0,53,239.0,53,64.0,92.0
YAK,2026-03,62.0,2.0,13.0,886.0,324.0,60.0,62,13.0,60,293.0,60,227.0,84.0
YAK,2026-04,60.0,1.0,6.0,277.0,304.0,59.0,60,6.0,58,252.0,58,8.0,0.0
YAK,2026-05,62.0,3.0,10.0,511.0,273.0,59.0,62,9.0,59,239.0,59,38.0,0.0
YAK,2026-06,60.0,0.0,8.0,403.0,242.0,60.0,60,3.0,60,227.0,60,0.0,0.0
YAK,2026-07,62.0,0.0,9.0,397.0,295.0,62.0,62,3.0,62,230.0,62,0.0,0.0
YUM,2025-08,106.0,0.0,6.0,1149.0,1729.0,106.0,106,12.0,105,548.0,105,87.0,277.0
YUM,2025-09,119.0,2.0,22.0,2330.0,1804.0,117.0,119,19.0,114,615.0,116,148.0,0.0
YUM,2025-10,134.0,0.0,17.0,1944.0,2101.0,134.0,134,18.0,134,677.0,134,14.0,319.0
YUM,2025-11,178.0,13.0,26.0,2894.0,2756.0,165.0,177,32.0,164,784.0,164,315.0,19.0
YUM,2025-12,150.0,0.0,18.0,1196.0,2582.0,150.0,151,24.0,151,801.0,151,70.0,225.0
YUM,2026-01,180.0,1.0,20.0,2014.0,2701.0,179.0,180,30.0,179,915.0,179,207.0,95.0
YUM,2026-02,143.0,1.0,27.0,2387.0,2476.0,142.0,143,27.0,142,795.0,142,52.0,115.0
YUM,2026-03,153.0,2.0,15.0,1589.0,2881.0,151.0,153,26.0,149,979.0,149,32.0,73.0
YUM,2026-04,146.0,0.0,20.0,3550.0,2689.0,146.0,146,25.0,146,904.0,146,79.0,468.0
YUM,2026-05,141.0,1.0,15.0,1372.0,2357.0,140.0,141,23.0,140,817.0,140,55.0,100.0
YUM,2026-06,120.0,0.0,19.0,1080.0,1820.0,120.0,120,29.0,120,721.0,120,102.0,133.0
YUM,2026-07,122.0,1.0,16.0,2474.0,2002.0,121.0,122,26.0,121,742.0,121,145.0,40.0
