origin,dest,departures,passengers,seats,distance_mi,period_start,period_end
1FL,LEJ,0.0,0.0,0.0,,2025-01,2025-12
2FL,ELH,0.0,2.0,4.0,,2025-01,2025-12
2FL,MHH,0.0,0.0,4.0,,2025-01,2025-12
2FL,NAS,0.0,2.0,4.0,,2025-01,2025-12
7CA,NTR,0.0,2.0,5.0,,2025-01,2025-12
7FL,NAS,0.0,3.0,4.0,,2025-01,2025-12
ABE,BQH,0.0,0.0,7.0,3533.0,2025-01,2025-12
ABE,SJO,0.0,78.0,83.0,2185.0,2025-01,2025-12
ABE,YUL,1.0,48.0,50.0,344.0,2025-01,2025-12
ABE,YVR,0.0,42.0,60.0,2367.0,2025-01,2025-12
ABE,YYZ,2.0,34.0,317.0,299.0,2025-01,2025-12
ABI,CUU,0.0,30.0,32.0,453.0,2025-01,2025-12
ABI,MTY,2.0,128.0,139.0,459.0,2025-01,2025-12
ABI,TAP,2.0,176.0,214.0,1301.0,2025-01,2025-12
ABI,VSA,1.0,162.0,172.0,1084.0,2025-01,2025-12
ABQ,BZE,0.0,72.0,72.0,1652.0,2025-01,2025-12
ABQ,CUN,0.0,84.0,90.0,1539.0,2025-01,2025-12
ABQ,FCO,0.0,122.0,128.0,5869.0,2025-01,2025-12
ABQ,FRA,0.0,2.0,7.0,5355.0,2025-01,2025-12
ABQ,PVR,1.0,138.0,154.0,996.0,2025-01,2025-12
ABQ,SJD,2.0,144.0,178.0,842.0,2025-01,2025-12
ABQ,YVR,0.0,32.0,86.0,1290.0,2025-01,2025-12
ACK,FAB,0.0,1.0,6.0,3254.0,2025-01,2025-12
ACK,KNA,0.0,0.0,7.0,5128.0,2025-01,2025-12
ACK,LTN,0.0,3.0,6.0,3259.0,2025-01,2025-12
ACK,MAD,0.0,2.0,7.0,3385.0,2025-01,2025-12
ACK,SCL,1.0,3.0,14.0,5158.0,2025-01,2025-12
ACK,YHU,0.0,2.0,4.0,339.0,2025-01,2025-12
ACK,YOW,0.0,2.0,4.0,398.0,2025-01,2025-12
ACK,YPD,0.0,1.0,5.0,564.0,2025-01,2025-12
ACK,YQB,0.0,0.0,4.0,388.0,2025-01,2025-12
ACK,YTZ,0.0,0.0,4.0,503.0,2025-01,2025-12
ACK,YYZ,2.0,8.0,23.0,515.0,2025-01,2025-12
ACK,ZRH,0.0,1.0,6.0,3739.0,2025-01,2025-12
ACT,AGU,0.0,28.0,32.0,753.0,2025-01,2025-12
ACT,MTY,0.0,36.0,38.0,439.0,2025-01,2025-12
ACT,TRC,0.0,31.0,38.0,561.0,2025-01,2025-12
ACT,YYC,0.0,88.0,95.0,1596.0,2025-01,2025-12
ACT,YYZ,0.0,36.0,38.0,1269.0,2025-01,2025-12
ACY,FAO,0.0,74.0,88.0,3534.0,2025-01,2025-12
ACY,FSC,0.0,5.0,7.0,4215.0,2025-01,2025-12
ACY,GIG,0.0,41.0,43.0,4754.0,2025-01,2025-12
ACY,KEF,0.0,16.0,30.0,2678.0,2025-01,2025-12
ACY,LBG,0.0,1.0,7.0,3704.0,2025-01,2025-12
ACY,LTN,0.0,1.0,7.0,3522.0,2025-01,2025-12
ACY,NAP,1.0,12.0,14.0,4470.0,2025-01,2025-12
ACY,OLB,0.0,5.0,7.0,4254.0,2025-01,2025-12
ACY,VCE,0.0,96.0,116.0,4226.0,2025-01,2025-12
ACY,YUL,4.0,520.0,744.0,418.0,2025-01,2025-12
ACY,YYG,0.0,23.0,94.0,746.0,2025-01,2025-12
ACY,YYZ,6.0,1048.0,1209.0,391.0,2025-01,2025-12
ADS,ESE,1.0,2.0,9.0,1154.0,2025-01,2025-12
ADS,FAB,0.0,2.0,7.0,4722.0,2025-01,2025-12
ADS,GVA,0.0,2.0,8.0,5165.0,2025-01,2025-12
ADS,LBG,0.0,2.0,6.0,4922.0,2025-01,2025-12
ADS,LIN,0.0,0.0,6.0,5322.0,2025-01,2025-12
ADS,LTN,0.0,3.0,7.0,4719.0,2025-01,2025-12
ADS,PLS,0.0,2.0,7.0,1688.0,2025-01,2025-12
ADS,YHM,0.0,2.0,4.0,1155.0,2025-01,2025-12
ADS,YYZ,0.0,1.0,4.0,1186.0,2025-01,2025-12
ADW,BRU,1.0,4.0,14.0,3864.0,2025-01,2025-12
ADW,GUA,0.0,12.0,97.0,1869.0,2025-01,2025-12
ADW,KGL,0.0,4.0,7.0,7216.0,2025-01,2025-12
ADW,NBW,4.0,212.0,441.0,1310.0,2025-01,2025-12
ADW,VLC,0.0,4.0,7.0,3960.0,2025-01,2025-12
ADW,YOW,0.0,0.0,75.0,454.0,2025-01,2025-12
ADW,YYR,1.0,8.0,68.0,1269.0,2025-01,2025-12
AEX,AMM,0.0,20.0,208.0,6932.0,2025-01,2025-12
AEX,ANU,0.0,7.0,105.0,2161.0,2025-01,2025-12
AEX,BOG,18.0,2298.0,4414.0,2193.0,2025-01,2025-12
AEX,BZE,2.0,214.0,312.0,989.0,2025-01,2025-12
AEX,CAI,0.0,0.0,190.0,6822.0,2025-01,2025-12
AEX,CAP,3.0,120.0,383.0,1496.0,2025-01,2025-12
AEX,CNF,4.0,78.0,1216.0,4771.0,2025-01,2025-12
AEX,CUN,1.0,0.0,194.0,793.0,2025-01,2025-12
AEX,DSS,2.0,38.0,320.0,4850.0,2025-01,2025-12
AEX,EZE,1.0,23.0,298.0,5077.0,2025-01,2025-12
AEX,GUA,200.0,16106.0,37566.0,1164.0,2025-01,2025-12
AEX,GYE,42.0,3118.0,8478.0,2459.0,2025-01,2025-12
AEX,HAV,8.0,602.0,1862.0,848.0,2025-01,2025-12
AEX,KIN,8.0,261.0,1280.0,1352.0,2025-01,2025-12
AEX,LIM,0.0,60.0,123.0,3165.0,2025-01,2025-12
AEX,MAO,0.0,0.0,0.0,3193.0,2025-01,2025-12
AEX,MGA,51.0,3978.0,9100.0,1386.0,2025-01,2025-12
AEX,NAS,4.0,104.0,713.0,1015.0,2025-01,2025-12
AEX,NBW,26.0,2345.0,4790.0,1335.0,2025-01,2025-12
AEX,NLU,4.0,504.0,857.0,896.0,2025-01,2025-12
AEX,OTP,0.0,93.0,190.0,5929.0,2025-01,2025-12
AEX,PLS,0.0,0.0,90.0,1413.0,2025-01,2025-12
AEX,PTY,2.0,136.0,300.0,1755.0,2025-01,2025-12
AEX,PUJ,0.0,64.0,88.0,1747.0,2025-01,2025-12
AEX,SAL,54.0,5036.0,9720.0,1255.0,2025-01,2025-12
AEX,SAP,170.0,12891.0,31150.0,1135.0,2025-01,2025-12
AEX,SCL,3.0,44.0,824.0,4691.0,2025-01,2025-12
AEX,SDQ,17.0,762.0,3028.0,1683.0,2025-01,2025-12
AEX,SJO,8.0,215.0,1322.0,1568.0,2025-01,2025-12
AEX,TAP,2.0,110.0,479.0,1142.0,2025-01,2025-12
AEX,TIA,0.0,21.0,175.0,5817.0,2025-01,2025-12
AEX,UVF,2.0,166.0,307.0,2341.0,2025-01,2025-12
AEX,VSA,10.0,540.0,1690.0,921.0,2025-01,2025-12
AEX,XPL,0.0,12.0,90.0,1212.0,2025-01,2025-12
AEX,YOW,0.0,0.0,193.0,1326.0,2025-01,2025-12
AEX,YQM,0.0,0.0,97.0,1802.0,2025-01,2025-12
AFW,AGP,0.0,0.0,175.0,5045.0,2025-01,2025-12
AFW,BCN,0.0,0.0,190.0,5192.0,2025-01,2025-12
AFW,BZE,0.0,0.0,190.0,1206.0,2025-01,2025-12
AFW,CTA,0.0,0.0,43.0,5911.0,2025-01,2025-12
AFW,CUN,0.0,0.0,0.0,1045.0,2025-01,2025-12
AFW,DBV,0.0,0.0,175.0,5816.0,2025-01,2025-12
AFW,DSS,1.0,22.0,230.0,5114.0,2025-01,2025-12
AFW,EIN,2.0,0.0,404.0,4967.0,2025-01,2025-12
AFW,FAB,0.0,0.0,10.0,4739.0,2025-01,2025-12
AFW,GDL,2.0,0.0,0.0,937.0,2025-01,2025-12
AFW,GIG,2.0,0.0,265.0,5248.0,2025-01,2025-12
AFW,GRU,1.0,0.0,150.0,5139.0,2025-01,2025-12
AFW,HKG,0.0,158.0,167.0,8096.0,2025-01,2025-12
AFW,HOW,0.0,0.0,106.0,,2025-01,2025-12
AFW,KEF,0.0,0.0,43.0,3738.0,2025-01,2025-12
AFW,KIN,0.0,0.0,190.0,1644.0,2025-01,2025-12
AFW,KUH,0.0,0.0,123.0,5904.0,2025-01,2025-12
AFW,LCA,0.0,0.0,195.0,6773.0,2025-01,2025-12
AFW,LIM,1.0,0.0,14.0,3383.0,2025-01,2025-12
AFW,LV1,0.0,0.0,175.0,,2025-01,2025-12
AFW,LYS,0.0,2.0,10.0,5161.0,2025-01,2025-12
AFW,MAD,0.0,0.0,190.0,4963.0,2025-01,2025-12
AFW,MAN,1.0,0.0,86.0,4620.0,2025-01,2025-12
AFW,MBJ,0.0,0.0,190.0,1564.0,2025-01,2025-12
AFW,NLU,2.0,0.0,530.0,921.0,2025-01,2025-12
AFW,OTP,0.0,124.0,190.0,6008.0,2025-01,2025-12
AFW,QRO,4.0,0.0,0.0,873.0,2025-01,2025-12
AFW,SCL,0.0,0.0,43.0,4900.0,2025-01,2025-12
AFW,SID,1.0,0.0,213.0,4704.0,2025-01,2025-12
AFW,SLW,2.0,0.0,0.0,559.0,2025-01,2025-12
AFW,SNN,1.0,40.0,297.0,4382.0,2025-01,2025-12
AFW,SOF,0.0,0.0,43.0,6004.0,2025-01,2025-12
AFW,SPU,0.0,0.0,175.0,5696.0,2025-01,2025-12
AFW,TLC,0.0,0.0,0.0,954.0,2025-01,2025-12
AFW,TLV,0.0,0.0,43.0,6972.0,2025-01,2025-12
AFW,TPE,1.0,0.0,381.0,7690.0,2025-01,2025-12
AFW,YEG,0.0,0.0,136.0,1617.0,2025-01,2025-12
AFW,YHM,2.0,0.0,412.0,1175.0,2025-01,2025-12
AFW,YOW,0.0,0.0,102.0,1432.0,2025-01,2025-12
AFW,YYZ,0.0,0.0,121.0,1206.0,2025-01,2025-12
AGS,AUA,0.0,90.0,94.0,1627.0,2025-01,2025-12
AGS,GMP,0.0,2.0,7.0,7199.0,2025-01,2025-12
AGS,MAD,2.0,4.0,24.0,4214.0,2025-01,2025-12
AGS,NAS,0.0,85.0,90.0,636.0,2025-01,2025-12
AGS,SXM,0.0,94.0,100.0,1576.0,2025-01,2025-12
AGS,YUL,0.0,0.0,93.0,943.0,2025-01,2025-12
AGS,YYT,0.0,6.0,6.0,1807.0,2025-01,2025-12
AGS,YYZ,2.0,4.0,10.0,723.0,2025-01,2025-12
AHN,DUS,0.0,1.0,6.0,4437.0,2025-01,2025-12
AIK,LRM,0.0,4.0,6.0,1313.0,2025-01,2025-12
AIK,YHM,0.0,2.0,6.0,665.0,2025-01,2025-12
ALB,AGP,1.0,4.0,14.0,3603.0,2025-01,2025-12
ALB,BUD,0.0,188.0,195.0,4266.0,2025-01,2025-12
ALB,CDG,0.0,102.0,116.0,3541.0,2025-01,2025-12
ALB,KTW,0.0,186.0,195.0,4145.0,2025-01,2025-12
ALB,LTN,0.0,2.0,7.0,3348.0,2025-01,2025-12
ALB,NAS,0.0,70.0,83.0,1241.0,2025-01,2025-12
ALB,NCE,0.0,0.0,7.0,3906.0,2025-01,2025-12
ALB,OPO,0.0,56.0,88.0,3259.0,2025-01,2025-12
ALB,SKB,0.0,2.0,7.0,1874.0,2025-01,2025-12
ALB,VCE,0.0,104.0,116.0,4060.0,2025-01,2025-12
ALB,YOW,2.0,28.0,228.0,201.0,2025-01,2025-12
ALB,YTZ,0.0,0.0,4.0,288.0,2025-01,2025-12
ALB,YUL,2.0,18.0,38.0,188.0,2025-01,2025-12
ALB,YYT,0.0,4.0,10.0,1075.0,2025-01,2025-12
ALB,YYZ,3.0,40.0,60.0,300.0,2025-01,2025-12
AMA,CUU,0.0,18.0,32.0,515.0,2025-01,2025-12
AMA,MTY,1.0,30.0,76.0,659.0,2025-01,2025-12
AMA,TAM,0.0,23.0,32.0,923.0,2025-01,2025-12
AMA,YYC,1.0,106.0,150.0,1258.0,2025-01,2025-12
AMA,YYZ,0.0,58.0,64.0,1309.0,2025-01,2025-12
AMA,ZRH,0.0,1.0,6.0,5285.0,2025-01,2025-12
ANC,BKK,14.0,0.0,4.0,6010.0,2025-01,2025-12
ANC,CAN,570.0,0.0,0.0,5028.0,2025-01,2025-12
ANC,CDG,0.0,128.0,148.0,4672.0,2025-01,2025-12
ANC,CGK,1.0,0.0,0.0,7032.0,2025-01,2025-12
ANC,CGO,360.0,0.0,8.0,4353.0,2025-01,2025-12
ANC,CKG,50.0,0.0,44.0,4855.0,2025-01,2025-12
ANC,CRK,0.0,0.0,0.0,5283.0,2025-01,2025-12
ANC,CSX,18.0,0.0,8.0,4745.0,2025-01,2025-12
ANC,CTS,2.0,0.0,0.0,3004.0,2025-01,2025-12
ANC,CTU,100.0,0.0,0.0,4885.0,2025-01,2025-12
ANC,DAD,0.0,0.0,0.0,5633.0,2025-01,2025-12
ANC,DNA,2.0,0.0,355.0,4383.0,2025-01,2025-12
ANC,EDI,0.0,1.0,7.0,4143.0,2025-01,2025-12
ANC,EHU,513.0,0.0,88.0,4561.0,2025-01,2025-12
ANC,EMA,50.0,0.0,323.0,4373.0,2025-01,2025-12
ANC,FOC,1.0,148.0,213.0,4673.0,2025-01,2025-12
ANC,FRA,66.0,14311.0,19698.0,4662.0,2025-01,2025-12
ANC,GDL,180.0,0.0,68.0,3587.0,2025-01,2025-12
ANC,GMP,1.0,2.0,14.0,3773.0,2025-01,2025-12
ANC,GUA,4.0,0.0,0.0,4337.0,2025-01,2025-12
ANC,HAN,272.0,114.0,898.0,5393.0,2025-01,2025-12
ANC,HFE,80.0,0.0,0.0,4404.0,2025-01,2025-12
ANC,HGH,400.0,4.0,327.0,4396.0,2025-01,2025-12
ANC,HKG,3912.0,422.0,936.0,5073.0,2025-01,2025-12
ANC,HND,6.0,888.0,1136.0,3458.0,2025-01,2025-12
ANC,ICN,3314.0,536.0,1243.0,3789.0,2025-01,2025-12
ANC,KHH,0.0,0.0,0.0,4849.0,2025-01,2025-12
ANC,KIX,754.0,63.0,88.0,3672.0,2025-01,2025-12
ANC,KKJ,4.0,0.0,0.0,3844.0,2025-01,2025-12
ANC,KUH,0.0,0.0,102.0,2907.0,2025-01,2025-12
ANC,MFM,0.0,3.0,7.0,5093.0,2025-01,2025-12
ANC,MTY,0.0,0.0,0.0,3361.0,2025-01,2025-12
ANC,NGB,138.0,0.0,0.0,4387.0,2025-01,2025-12
ANC,NGO,144.0,0.0,2223.0,3596.0,2025-01,2025-12
ANC,NKG,41.0,0.0,0.0,4359.0,2025-01,2025-12
ANC,NLU,618.0,0.0,56.0,3761.0,2025-01,2025-12
ANC,NRT,1308.0,163.0,198.0,3426.0,2025-01,2025-12
ANC,OIT,1.0,0.0,246.0,3841.0,2025-01,2025-12
ANC,OKO,2.0,0.0,334.0,3462.0,2025-01,2025-12
ANC,OSN,1.0,2.0,272.0,3791.0,2025-01,2025-12
ANC,PEK,2.0,4.0,21.0,3950.0,2025-01,2025-12
ANC,PEN,6.0,0.0,0.0,6540.0,2025-01,2025-12
ANC,PIK,1.0,0.0,4.0,4158.0,2025-01,2025-12
ANC,PUJ,0.0,0.0,0.0,4822.0,2025-01,2025-12
ANC,PUS,0.0,0.0,0.0,3837.0,2025-01,2025-12
ANC,PVG,1996.0,71.0,308.0,4299.0,2025-01,2025-12
ANC,QPG,0.0,0.0,0.0,6666.0,2025-01,2025-12
ANC,QRO,1.0,0.0,0.0,3672.0,2025-01,2025-12
ANC,RKE,2.0,20.0,34.0,4311.0,2025-01,2025-12
ANC,SAL,2.0,0.0,0.0,4452.0,2025-01,2025-12
ANC,SGN,26.0,7.0,13.0,6000.0,2025-01,2025-12
ANC,SHE,56.0,0.0,0.0,3651.0,2025-01,2025-12
ANC,SIN,180.0,97.0,128.0,6664.0,2025-01,2025-12
ANC,SJO,1.0,7.0,13.0,4816.0,2025-01,2025-12
ANC,SYD,1.0,0.0,0.0,7351.0,2025-01,2025-12
ANC,SZX,872.0,7.0,43.0,5057.0,2025-01,2025-12
ANC,TLC,0.0,2.0,7.0,3770.0,2025-01,2025-12
ANC,TPE,2172.0,0.0,341.0,4672.0,2025-01,2025-12
ANC,TSA,2.0,5.0,21.0,4663.0,2025-01,2025-12
ANC,VCE,0.0,4.0,7.0,5000.0,2025-01,2025-12
ANC,WUX,104.0,0.0,0.0,4323.0,2025-01,2025-12
ANC,XIY,6.0,0.0,0.0,4511.0,2025-01,2025-12
ANC,XMN,364.0,0.0,28.0,4805.0,2025-01,2025-12
ANC,YEG,6.0,206.0,273.0,1442.0,2025-01,2025-12
ANC,YHM,122.0,0.0,0.0,3040.0,2025-01,2025-12
ANC,YHZ,88.0,0.0,0.0,3473.0,2025-01,2025-12
ANC,YMX,1.0,0.0,0.0,3101.0,2025-01,2025-12
ANC,YOC,0.0,0.0,0.0,534.0,2025-01,2025-12
ANC,YQB,1.0,19.0,19.0,3128.0,2025-01,2025-12
ANC,YQM,10.0,0.0,0.0,3372.0,2025-01,2025-12
ANC,YVR,137.0,14460.0,20248.0,1327.0,2025-01,2025-12
ANC,YWG,2.0,0.0,0.0,2134.0,2025-01,2025-12
ANC,YXY,0.0,18.0,79.0,501.0,2025-01,2025-12
ANC,YYC,22.0,1934.0,3206.0,1523.0,2025-01,2025-12
ANC,YYQ,0.0,0.0,0.0,1882.0,2025-01,2025-12
ANC,YYZ,284.0,0.0,8.0,3024.0,2025-01,2025-12
ANC,YZF,4.0,0.0,0.0,1149.0,2025-01,2025-12
ANC,ZRH,0.0,4.0,7.0,4836.0,2025-01,2025-12
APA,ABZ,0.0,6.0,7.0,4397.0,2025-01,2025-12
APA,BDA,0.0,0.0,7.0,2281.0,2025-01,2025-12
APA,CMA,0.0,0.0,4.0,8415.0,2025-01,2025-12
APA,CSL,1.0,3.0,8.0,,2025-01,2025-12
APA,FDH,0.0,0.0,6.0,5190.0,2025-01,2025-12
APA,ICN,0.0,2.0,7.0,6199.0,2025-01,2025-12
APA,KEF,0.0,2.0,7.0,3581.0,2025-01,2025-12
APA,LBG,1.0,2.0,14.0,4887.0,2025-01,2025-12
APA,LTN,0.0,1.0,6.0,4666.0,2025-01,2025-12
APA,MAD,1.0,5.0,14.0,5016.0,2025-01,2025-12
APA,SXM,0.0,3.0,6.0,2896.0,2025-01,2025-12
APA,YUL,0.0,2.0,7.0,1625.0,2025-01,2025-12
APA,YYC,0.0,1.0,5.0,912.0,2025-01,2025-12
APA,YYR,0.0,1.0,4.0,2272.0,2025-01,2025-12
APA,YYZ,4.0,15.0,38.0,1328.0,2025-01,2025-12
APC,AZI,0.0,2.0,7.0,8104.0,2025-01,2025-12
APC,GCM,0.0,1.0,7.0,2772.0,2025-01,2025-12
APC,YYZ,0.0,4.0,5.0,2233.0,2025-01,2025-12
APF,ASD,0.0,2.0,4.0,268.0,2025-01,2025-12
APF,BDA,0.0,0.0,7.0,1115.0,2025-01,2025-12
APF,BQH,0.0,3.0,7.0,4485.0,2025-01,2025-12
APF,BS3,0.0,4.0,4.0,,2025-01,2025-12
APF,BSL,0.0,0.0,6.0,4875.0,2025-01,2025-12
APF,BTS,0.0,3.0,8.0,5280.0,2025-01,2025-12
APF,CUN,1.0,0.0,10.0,478.0,2025-01,2025-12
APF,GGT,0.0,2.0,4.0,411.0,2025-01,2025-12
APF,GHC,4.0,16.0,28.0,246.0,2025-01,2025-12
APF,JER,0.0,1.0,7.0,4416.0,2025-01,2025-12
APF,LIN,0.0,1.0,7.0,5002.0,2025-01,2025-12
APF,LIR,1.0,8.0,16.0,1103.0,2025-01,2025-12
APF,LTN,0.0,0.0,7.0,4461.0,2025-01,2025-12
APF,MAD,0.0,0.0,6.0,4477.0,2025-01,2025-12
APF,NAS,13.0,56.0,104.0,279.0,2025-01,2025-12
APF,PRG,0.0,2.0,8.0,5105.0,2025-01,2025-12
APF,PVR,0.0,2.0,4.0,1533.0,2025-01,2025-12
APF,VSA,0.0,10.0,10.0,903.0,2025-01,2025-12
APF,WTD,1.0,7.0,8.0,177.0,2025-01,2025-12
APF,YHM,10.0,34.0,99.0,1180.0,2025-01,2025-12
APF,YKF,1.0,3.0,8.0,1198.0,2025-01,2025-12
APF,YQX,0.0,1.0,6.0,2145.0,2025-01,2025-12
APF,YWG,0.0,2.0,6.0,1836.0,2025-01,2025-12
APF,YXU,0.0,1.0,4.0,1167.0,2025-01,2025-12
APF,YYZ,42.0,133.0,350.0,1217.0,2025-01,2025-12
APF,YZR,2.0,10.0,17.0,1164.0,2025-01,2025-12
APF,ZRH,1.0,2.0,12.0,4923.0,2025-01,2025-12
ARA,YYZ,1.0,0.0,0.0,1158.0,2025-01,2025-12
ART,YYZ,4.0,1.0,4.0,181.0,2025-01,2025-12
ASE,CUN,0.0,2.0,7.0,1726.0,2025-01,2025-12
ASE,GCM,0.0,2.0,7.0,2051.0,2025-01,2025-12
ASE,LAP,1.0,1.0,14.0,1067.0,2025-01,2025-12
ASE,LBG,0.0,1.0,7.0,4976.0,2025-01,2025-12
ASE,PVR,0.0,2.0,7.0,1285.0,2025-01,2025-12
ASE,SXM,0.0,4.0,7.0,2991.0,2025-01,2025-12
ASE,TLN,0.0,3.0,7.0,5377.0,2025-01,2025-12
ASE,YKA,0.0,4.0,7.0,1031.0,2025-01,2025-12
ASE,YYZ,0.0,4.0,6.0,1437.0,2025-01,2025-12
ATL,ABV,1.0,14.0,14.0,5971.0,2025-01,2025-12
ATL,ACC,30.0,5793.0,8532.0,5675.0,2025-01,2025-12
ATL,ADD,170.0,26622.0,45900.0,7694.0,2025-01,2025-12
ATL,AMS,1448.0,397040.0,441198.0,4391.0,2025-01,2025-12
ATL,ANU,63.0,7940.0,10080.0,1808.0,2025-01,2025-12
ATL,ATH,313.0,78998.0,87914.0,5688.0,2025-01,2025-12
ATL,AUA,522.0,83232.0,95284.0,1720.0,2025-01,2025-12
ATL,AUH,131.0,36700.0,48601.0,7607.0,2025-01,2025-12
ATL,AVN,0.0,4.0,7.0,4627.0,2025-01,2025-12
ATL,BCN,402.0,97650.0,109264.0,4573.0,2025-01,2025-12
ATL,BDA,155.0,14779.0,20690.0,1146.0,2025-01,2025-12
ATL,BER,3.0,632.0,772.0,4724.0,2025-01,2025-12
ATL,BES,0.0,138.0,164.0,4098.0,2025-01,2025-12
ATL,BGI,284.0,35049.0,45433.0,2115.0,2025-01,2025-12
ATL,BJX,354.0,27458.0,35107.0,1360.0,2025-01,2025-12
ATL,BOG,696.0,118626.0,138236.0,2106.0,2025-01,2025-12
ATL,BON,74.0,10702.0,12950.0,1802.0,2025-01,2025-12
ATL,BRE,0.0,2.0,7.0,4526.0,2025-01,2025-12
ATL,BRU,60.0,10762.0,12536.0,4416.0,2025-01,2025-12
ATL,BUD,1.0,0.0,0.0,5117.0,2025-01,2025-12
ATL,BZE,375.0,56936.0,63537.0,1138.0,2025-01,2025-12
ATL,CDG,1621.0,409540.0,468308.0,4385.0,2025-01,2025-12
ATL,CGN,0.0,60.0,111.0,4523.0,2025-01,2025-12
ATL,CPH,265.0,55974.0,69856.0,4593.0,2025-01,2025-12
ATL,CPT,173.0,40770.0,47720.0,8134.0,2025-01,2025-12
ATL,CTA,1.0,2.0,14.0,5308.0,2025-01,2025-12
ATL,CTG,194.0,26600.0,31036.0,1699.0,2025-01,2025-12
ATL,CUN,2392.0,392940.0,451730.0,883.0,2025-01,2025-12
ATL,CUR,196.0,28543.0,31556.0,1774.0,2025-01,2025-12
ATL,CZM,117.0,15260.0,18732.0,919.0,2025-01,2025-12
ATL,DOH,365.0,107199.0,118487.0,7447.0,2025-01,2025-12
ATL,DOL,1.0,0.0,215.0,4275.0,2025-01,2025-12
ATL,DSS,1.0,218.0,281.0,4369.0,2025-01,2025-12
ATL,DUB,284.0,66856.0,76132.0,3929.0,2025-01,2025-12
ATL,DWC,0.0,0.0,0.0,7600.0,2025-01,2025-12
ATL,EDI,234.0,44020.0,50860.0,4000.0,2025-01,2025-12
ATL,ELH,218.0,12262.0,15076.0,731.0,2025-01,2025-12
ATL,EMA,0.0,0.0,0.0,4137.0,2025-01,2025-12
ATL,EZE,406.0,95564.0,110178.0,5018.0,2025-01,2025-12
ATL,FAB,2.0,6.0,22.0,4192.0,2025-01,2025-12
ATL,FCO,622.0,164994.0,186767.0,5024.0,2025-01,2025-12
ATL,FRA,934.0,137794.0,171423.0,4604.0,2025-01,2025-12
ATL,GCM,368.0,52384.0,61266.0,1009.0,2025-01,2025-12
ATL,GDL,379.0,58530.0,65946.0,1469.0,2025-01,2025-12
ATL,GGT,135.0,8056.0,9740.0,867.0,2025-01,2025-12
ATL,GIG,242.0,53262.0,60014.0,4748.0,2025-01,2025-12
ATL,GND,12.0,1308.0,1920.0,2067.0,2025-01,2025-12
ATL,GRU,715.0,172100.0,200290.0,4667.0,2025-01,2025-12
ATL,GUA,491.0,83236.0,98260.0,1371.0,2025-01,2025-12
ATL,HHN,4.0,0.0,0.0,4554.0,2025-01,2025-12
ATL,HKG,0.0,1.0,7.0,8387.0,2025-01,2025-12
ATL,HND,360.0,89456.0,103520.0,6868.0,2025-01,2025-12
ATL,ICN,1094.0,277435.0,319745.0,7138.0,2025-01,2025-12
ATL,IST,582.0,117807.0,146309.0,5745.0,2025-01,2025-12
ATL,JNB,338.0,74155.0,93196.0,8440.0,2025-01,2025-12
ATL,KEF,0.0,2.0,4.0,3311.0,2025-01,2025-12
ATL,KIN,359.0,49007.0,58226.0,1183.0,2025-01,2025-12
ATL,KIX,0.0,119.0,138.0,7078.0,2025-01,2025-12
ATL,LBG,2.0,6.0,21.0,4381.0,2025-01,2025-12
ATL,LEJ,44.0,0.0,0.0,4706.0,2025-01,2025-12
ATL,LGG,61.0,0.0,0.0,4461.0,2025-01,2025-12
ATL,LGW,0.0,82.0,118.0,4219.0,2025-01,2025-12
ATL,LHR,1790.0,379080.0,468916.0,4201.0,2025-01,2025-12
ATL,LIM,704.0,175146.0,194548.0,3191.0,2025-01,2025-12
ATL,LIR,506.0,84035.0,95874.0,1594.0,2025-01,2025-12
ATL,LOS,358.0,68486.0,87084.0,5838.0,2025-01,2025-12
ATL,LUX,116.0,0.0,0.0,4520.0,2025-01,2025-12
ATL,MAD,328.0,78012.0,86507.0,4325.0,2025-01,2025-12
ATL,MAN,298.0,66674.0,83801.0,4089.0,2025-01,2025-12
ATL,MBJ,1350.0,213516.0,258876.0,1120.0,2025-01,2025-12
ATL,MEC,0.0,82.0,100.0,2402.0,2025-01,2025-12
ATL,MEX,1678.0,234223.0,277173.0,1332.0,2025-01,2025-12
ATL,MHH,203.0,11338.0,14361.0,659.0,2025-01,2025-12
ATL,MLA,0.0,2.0,7.0,5341.0,2025-01,2025-12
ATL,MTY,670.0,63607.0,78297.0,1084.0,2025-01,2025-12
ATL,MUC,338.0,63660.0,79035.0,4786.0,2025-01,2025-12
ATL,MVD,0.0,120.0,140.0,5076.0,2025-01,2025-12
ATL,MXP,270.0,60767.0,69842.0,4744.0,2025-01,2025-12
ATL,MZT,0.0,0.0,93.0,1507.0,2025-01,2025-12
ATL,NAP,88.0,16075.0,19526.0,5148.0,2025-01,2025-12
ATL,NAS,1018.0,160115.0,184320.0,727.0,2025-01,2025-12
ATL,NCE,138.0,27846.0,32448.0,4739.0,2025-01,2025-12
ATL,NLU,4.0,0.0,0.0,1313.0,2025-01,2025-12
ATL,NRT,1.0,247.0,298.0,6836.0,2025-01,2025-12
ATL,OPO,0.0,0.0,0.0,4057.0,2025-01,2025-12
ATL,PLS,409.0,61731.0,71968.0,1105.0,2025-01,2025-12
ATL,POP,139.0,16666.0,22278.0,1282.0,2025-01,2025-12
ATL,PRG,0.0,2.0,6.0,4827.0,2025-01,2025-12
ATL,PTY,654.0,97432.0,111025.0,1727.0,2025-01,2025-12
ATL,PUJ,1264.0,211924.0,242258.0,1437.0,2025-01,2025-12
ATL,PUS,1.0,258.0,277.0,7215.0,2025-01,2025-12
ATL,PVG,0.0,0.0,0.0,7645.0,2025-01,2025-12
ATL,PVR,358.0,58074.0,66743.0,1557.0,2025-01,2025-12
ATL,QRO,363.0,29936.0,35883.0,1319.0,2025-01,2025-12
ATL,RAK,36.0,6266.0,8580.0,4339.0,2025-01,2025-12
ATL,REX,0.0,47.0,50.0,979.0,2025-01,2025-12
ATL,RTB,83.0,11408.0,13439.0,1204.0,2025-01,2025-12
ATL,RZE,0.0,0.0,0.0,5121.0,2025-01,2025-12
ATL,SAL,510.0,68392.0,83448.0,1425.0,2025-01,2025-12
ATL,SAP,397.0,55636.0,66660.0,1275.0,2025-01,2025-12
ATL,SCL,404.0,103394.0,120420.0,4715.0,2025-01,2025-12
ATL,SDQ,412.0,64854.0,75070.0,1391.0,2025-01,2025-12
ATL,SJD,506.0,82349.0,94984.0,1693.0,2025-01,2025-12
ATL,SJO,590.0,103403.0,117499.0,1634.0,2025-01,2025-12
ATL,SKB,36.0,4344.0,5756.0,1755.0,2025-01,2025-12
ATL,SLP,210.0,14638.0,20740.0,1275.0,2025-01,2025-12
ATL,SNN,1.0,125.0,174.0,3832.0,2025-01,2025-12
ATL,STI,0.0,77.0,80.0,1300.0,2025-01,2025-12
ATL,SVD,12.0,1042.0,1920.0,2035.0,2025-01,2025-12
ATL,SXM,353.0,60565.0,70104.0,1702.0,2025-01,2025-12
ATL,TAP,0.0,90.0,90.0,1393.0,2025-01,2025-12
ATL,TER,0.0,0.0,0.0,3164.0,2025-01,2025-12
ATL,TLS,1.0,0.0,215.0,4474.0,2025-01,2025-12
ATL,TPE,46.0,0.0,0.0,8044.0,2025-01,2025-12
ATL,TQO,366.0,53770.0,62996.0,951.0,2025-01,2025-12
ATL,UIO,372.0,65339.0,74025.0,2366.0,2025-01,2025-12
ATL,UVF,376.0,61256.0,70134.0,2014.0,2025-01,2025-12
ATL,VCE,246.0,49362.0,56184.0,4903.0,2025-01,2025-12
ATL,VCP,1.0,120.0,141.0,4619.0,2025-01,2025-12
ATL,WAW,0.0,0.0,0.0,5004.0,2025-01,2025-12
ATL,YEG,188.0,21618.0,28354.0,1971.0,2025-01,2025-12
ATL,YHU,0.0,29.0,93.0,1007.0,2025-01,2025-12
ATL,YHZ,1.0,134.0,140.0,1356.0,2025-01,2025-12
ATL,YKF,1.0,8.0,30.0,713.0,2025-01,2025-12
ATL,YMX,0.0,0.0,0.0,997.0,2025-01,2025-12
ATL,YOW,1.0,0.0,72.0,931.0,2025-01,2025-12
ATL,YUL,1361.0,128435.0,160806.0,994.0,2025-01,2025-12
ATL,YVR,401.0,54614.0,67641.0,2244.0,2025-01,2025-12
ATL,YWG,177.0,19554.0,27615.0,1300.0,2025-01,2025-12
ATL,YYC,628.0,88030.0,100736.0,1911.0,2025-01,2025-12
ATL,YYR,0.0,0.0,5.0,1798.0,2025-01,2025-12
ATL,YYT,2.0,427.0,450.0,1902.0,2025-01,2025-12
ATL,YYZ,2480.0,240131.0,313026.0,740.0,2025-01,2025-12
ATL,ZLO,17.0,833.0,1683.0,1593.0,2025-01,2025-12
ATL,ZRH,156.0,29646.0,33892.0,4680.0,2025-01,2025-12
ATW,YOW,0.0,0.0,4.0,634.0,2025-01,2025-12
ATW,YYZ,1.0,0.0,9.0,444.0,2025-01,2025-12
AUS,AGU,1.0,25.0,70.0,654.0,2025-01,2025-12
AUS,AMS,159.0,37734.0,45855.0,5077.0,2025-01,2025-12
AUS,ANU,2.0,9.0,21.0,2430.0,2025-01,2025-12
AUS,BCN,2.0,90.0,156.0,5332.0,2025-01,2025-12
AUS,BHX,1.0,135.0,322.0,4826.0,2025-01,2025-12
AUS,BJX,2.0,221.0,258.0,679.0,2025-01,2025-12
AUS,BOG,2.0,264.0,341.0,2335.0,2025-01,2025-12
AUS,BZE,0.0,85.0,86.0,1055.0,2025-01,2025-12
AUS,CDG,1.0,262.0,282.0,5099.0,2025-01,2025-12
AUS,CGN,0.0,2.0,7.0,5215.0,2025-01,2025-12
AUS,CUF,1.0,6.0,16.0,5460.0,2025-01,2025-12
AUS,CUN,722.0,97202.0,118228.0,922.0,2025-01,2025-12
AUS,CUU,0.0,32.0,38.0,510.0,2025-01,2025-12
AUS,DBV,0.0,2.0,7.0,5973.0,2025-01,2025-12
AUS,DGO,1.0,96.0,128.0,595.0,2025-01,2025-12
AUS,EDI,2.0,5.0,22.0,4673.0,2025-01,2025-12
AUS,FAB,1.0,2.0,12.0,4897.0,2025-01,2025-12
AUS,FLR,0.0,1.0,8.0,5636.0,2025-01,2025-12
AUS,FRA,210.0,46020.0,55700.0,5298.0,2025-01,2025-12
AUS,GCM,0.0,0.0,90.0,1268.0,2025-01,2025-12
AUS,GDL,2.0,183.0,206.0,755.0,2025-01,2025-12
AUS,GLA,0.0,0.0,150.0,4637.0,2025-01,2025-12
AUS,GUA,2.0,400.0,427.0,1170.0,2025-01,2025-12
AUS,HND,0.0,61.0,116.0,6559.0,2025-01,2025-12
AUS,ICN,0.0,0.0,0.0,6961.0,2025-01,2025-12
AUS,KLX,0.0,1.0,7.0,6370.0,2025-01,2025-12
AUS,LBG,1.0,2.0,14.0,5095.0,2025-01,2025-12
AUS,LHR,526.0,121700.0,141146.0,4904.0,2025-01,2025-12
AUS,LIN,0.0,1.0,6.0,5495.0,2025-01,2025-12
AUS,LIR,2.0,321.0,350.0,1563.0,2025-01,2025-12
AUS,MAD,0.0,4.0,4.0,5096.0,2025-01,2025-12
AUS,MAN,0.0,0.0,172.0,4781.0,2025-01,2025-12
AUS,MBJ,1.0,92.0,92.0,1479.0,2025-01,2025-12
AUS,MCT,0.0,0.0,7.0,8392.0,2025-01,2025-12
AUS,MDE,1.0,146.0,166.0,2201.0,2025-01,2025-12
AUS,MEX,421.0,53120.0,62333.0,749.0,2025-01,2025-12
AUS,MLM,2.0,180.0,203.0,745.0,2025-01,2025-12
AUS,MTY,210.0,22576.0,39851.0,340.0,2025-01,2025-12
AUS,MZT,1.0,136.0,139.0,719.0,2025-01,2025-12
AUS,NAS,2.0,12.0,25.0,1285.0,2025-01,2025-12
AUS,NCE,0.0,5.0,7.0,5475.0,2025-01,2025-12
AUS,NGO,0.0,0.0,0.0,6713.0,2025-01,2025-12
AUS,NLU,10.0,412.0,687.0,727.0,2025-01,2025-12
AUS,NRT,0.0,124.0,128.0,6524.0,2025-01,2025-12
AUS,OAX,2.0,169.0,177.0,914.0,2025-01,2025-12
AUS,PEK,1.0,2.0,14.0,7108.0,2025-01,2025-12
AUS,PLS,1.0,6.0,11.0,1676.0,2025-01,2025-12
AUS,PMO,0.0,1.0,8.0,5941.0,2025-01,2025-12
AUS,PRG,1.0,1.0,13.0,5506.0,2025-01,2025-12
AUS,PT1,0.0,6.0,7.0,,2025-01,2025-12
AUS,PTY,220.0,30063.0,36013.0,1877.0,2025-01,2025-12
AUS,PUJ,0.0,58.0,93.0,2003.0,2025-01,2025-12
AUS,PVG,0.0,0.0,7.0,7470.0,2025-01,2025-12
AUS,PVR,36.0,4268.0,5505.0,810.0,2025-01,2025-12
AUS,QRO,2.0,284.0,363.0,680.0,2025-01,2025-12
AUS,RAK,0.0,2.0,7.0,5143.0,2025-01,2025-12
AUS,SAL,2.0,252.0,262.0,1281.0,2025-01,2025-12
AUS,SAP,0.0,80.0,83.0,1191.0,2025-01,2025-12
AUS,SJD,340.0,38178.0,56372.0,889.0,2025-01,2025-12
AUS,SJO,3.0,472.0,492.0,1643.0,2025-01,2025-12
AUS,SLP,2.0,118.0,166.0,585.0,2025-01,2025-12
AUS,STN,0.0,0.0,30.0,4919.0,2025-01,2025-12
AUS,SZX,0.0,2.0,7.0,8231.0,2025-01,2025-12
AUS,TAM,0.0,27.0,32.0,546.0,2025-01,2025-12
AUS,TFS,0.0,4.0,10.0,4783.0,2025-01,2025-12
AUS,TLC,1.0,108.0,183.0,760.0,2025-01,2025-12
AUS,TSA,0.0,2.0,7.0,7819.0,2025-01,2025-12
AUS,XPL,0.0,19.0,83.0,1266.0,2025-01,2025-12
AUS,YHZ,0.0,110.0,128.0,2107.0,2025-01,2025-12
AUS,YQL,0.0,0.0,66.0,1557.0,2025-01,2025-12
AUS,YTM,0.0,1.0,5.0,1660.0,2025-01,2025-12
AUS,YUL,146.0,12808.0,20326.0,1667.0,2025-01,2025-12
AUS,YVR,117.0,13100.0,19706.0,1871.0,2025-01,2025-12
AUS,YYC,68.0,8591.0,10729.0,1672.0,2025-01,2025-12
AUS,YYZ,376.0,40977.0,53168.0,1358.0,2025-01,2025-12
AUS,ZCL,0.0,30.0,38.0,592.0,2025-01,2025-12
AUS,ZLO,0.0,34.0,38.0,877.0,2025-01,2025-12
AUS,ZRH,0.0,2.0,7.0,5391.0,2025-01,2025-12
AVL,YYZ,0.0,1.0,5.0,590.0,2025-01,2025-12
AVP,BSL,0.0,1.0,4.0,3926.0,2025-01,2025-12
AVP,KIN,0.0,77.0,81.0,1618.0,2025-01,2025-12
AVP,YLS,0.0,0.0,4.0,535.0,2025-01,2025-12
AVP,YOW,0.0,23.0,25.0,275.0,2025-01,2025-12
AVP,YQB,0.0,24.0,25.0,434.0,2025-01,2025-12
AVP,YYZ,2.0,6.0,17.0,256.0,2025-01,2025-12
AWK,HKG,1.0,0.0,0.0,3395.0,2025-01,2025-12
AXV,YQS,0.0,0.0,4.0,228.0,2025-01,2025-12
AZA,AGP,0.0,2.0,7.0,5701.0,2025-01,2025-12
AZA,BOG,0.0,22.0,121.0,3117.0,2025-01,2025-12
AZA,BZE,0.0,0.0,110.0,1812.0,2025-01,2025-12
AZA,CAN,4.0,0.0,0.0,7528.0,2025-01,2025-12
AZA,CCS,4.0,778.0,993.0,3230.0,2025-01,2025-12
AZA,DSS,1.0,36.0,213.0,5923.0,2025-01,2025-12
AZA,EZE,0.0,12.0,126.0,5829.0,2025-01,2025-12
AZA,FLR,1.0,6.0,14.0,6009.0,2025-01,2025-12
AZA,GUA,5.0,81.0,860.0,1851.0,2025-01,2025-12
AZA,HHN,2.0,0.0,0.0,5581.0,2025-01,2025-12
AZA,HKG,2.0,0.0,0.0,7561.0,2025-01,2025-12
AZA,ICN,4.0,0.0,0.0,6283.0,2025-01,2025-12
AZA,LIM,2.0,116.0,363.0,3870.0,2025-01,2025-12
AZA,MEX,2.0,25.0,240.0,1233.0,2025-01,2025-12
AZA,NBW,2.0,79.0,375.0,2419.0,2025-01,2025-12
AZA,NCE,0.0,0.0,8.0,5873.0,2025-01,2025-12
AZA,NGO,12.0,0.0,0.0,5973.0,2025-01,2025-12
AZA,NLU,0.0,0.0,0.0,1218.0,2025-01,2025-12
AZA,NOC,0.0,1.0,7.0,4869.0,2025-01,2025-12
AZA,NRT,12.0,0.0,0.0,5774.0,2025-01,2025-12
AZA,PVG,1.0,0.0,0.0,6782.0,2025-01,2025-12
AZA,RZE,0.0,26.0,123.0,6016.0,2025-01,2025-12
AZA,SAL,0.0,8.0,75.0,1975.0,2025-01,2025-12
AZA,SAP,2.0,32.0,376.0,1928.0,2025-01,2025-12
AZA,SJO,0.0,8.0,90.0,2373.0,2025-01,2025-12
AZA,SOF,0.0,20.0,106.0,6466.0,2025-01,2025-12
AZA,TAP,3.0,48.0,556.0,1759.0,2025-01,2025-12
AZA,UIO,0.0,0.0,0.0,3164.0,2025-01,2025-12
AZA,VSA,4.0,66.0,701.0,1575.0,2025-01,2025-12
AZA,XMN,2.0,0.0,0.0,7271.0,2025-01,2025-12
AZA,YHM,0.0,0.0,106.0,1838.0,2025-01,2025-12
BAF,MLA,0.0,2.0,7.0,4492.0,2025-01,2025-12
BCT,AGP,1.0,2.0,13.0,4397.0,2025-01,2025-12
BCT,AXA,1.0,8.0,12.0,1226.0,2025-01,2025-12
BCT,BCN,1.0,3.0,13.0,4655.0,2025-01,2025-12
BCT,BDA,1.0,0.0,14.0,1016.0,2025-01,2025-12
BCT,BS3,6.0,22.0,45.0,,2025-01,2025-12
BCT,CUN,1.0,2.0,14.0,565.0,2025-01,2025-12
BCT,CXY,6.0,15.0,45.0,77.0,2025-01,2025-12
BCT,DUB,0.0,0.0,7.0,4121.0,2025-01,2025-12
BCT,ELH,4.0,18.0,36.0,222.0,2025-01,2025-12
BCT,FAB,0.0,2.0,6.0,4369.0,2025-01,2025-12
BCT,FAO,0.0,1.0,7.0,4205.0,2025-01,2025-12
BCT,FLR,0.0,2.0,8.0,5042.0,2025-01,2025-12
BCT,GCM,0.0,0.0,5.0,496.0,2025-01,2025-12
BCT,GHB,2.0,11.0,16.0,247.0,2025-01,2025-12
BCT,GOA,0.0,2.0,6.0,4918.0,2025-01,2025-12
BCT,GOT,0.0,0.0,6.0,4780.0,2025-01,2025-12
BCT,GVA,0.0,1.0,7.0,4753.0,2025-01,2025-12
BCT,HBI,0.0,3.0,4.0,,2025-01,2025-12
BCT,HKG,0.0,2.0,7.0,8944.0,2025-01,2025-12
BCT,IBZ,0.0,3.0,8.0,4666.0,2025-01,2025-12
BCT,LBG,2.0,3.0,21.0,4540.0,2025-01,2025-12
BCT,LIL,0.0,0.0,7.0,4544.0,2025-01,2025-12
BCT,LIR,0.0,6.0,7.0,1147.0,2025-01,2025-12
BCT,LPL,0.0,1.0,7.0,4262.0,2025-01,2025-12
BCT,LTN,7.0,14.0,93.0,4379.0,2025-01,2025-12
BCT,MHH,8.0,41.0,68.0,187.0,2025-01,2025-12
BCT,NAP,0.0,2.0,6.0,5264.0,2025-01,2025-12
BCT,NAS,18.0,90.0,164.0,189.0,2025-01,2025-12
BCT,NCE,0.0,4.0,7.0,4858.0,2025-01,2025-12
BCT,NMC,1.0,6.0,8.0,239.0,2025-01,2025-12
BCT,NSB,0.0,4.0,4.0,68.0,2025-01,2025-12
BCT,ORK,1.0,8.0,14.0,4035.0,2025-01,2025-12
BCT,PDL,0.0,1.0,7.0,3235.0,2025-01,2025-12
BCT,PLS,0.0,2.0,4.0,588.0,2025-01,2025-12
BCT,PMI,0.0,1.0,6.0,4723.0,2025-01,2025-12
BCT,PNA,0.0,1.0,6.0,4445.0,2025-01,2025-12
BCT,SJD,0.0,2.0,7.0,1867.0,2025-01,2025-12
BCT,SJO,2.0,4.0,20.0,1163.0,2025-01,2025-12
BCT,SVQ,0.0,2.0,7.0,4310.0,2025-01,2025-12
BCT,SXM,2.0,10.0,21.0,1229.0,2025-01,2025-12
BCT,TER,0.0,1.0,7.0,3158.0,2025-01,2025-12
BCT,TLN,1.0,8.0,14.0,4819.0,2025-01,2025-12
BCT,YCM,2.0,6.0,16.0,1163.0,2025-01,2025-12
BCT,YHM,7.0,26.0,64.0,1160.0,2025-01,2025-12
BCT,YKF,2.0,9.0,18.0,1180.0,2025-01,2025-12
BCT,YOW,0.0,1.0,6.0,1332.0,2025-01,2025-12
BCT,YQB,0.0,2.0,5.0,1489.0,2025-01,2025-12
BCT,YQX,0.0,0.0,6.0,2073.0,2025-01,2025-12
BCT,YUL,1.0,4.0,14.0,1365.0,2025-01,2025-12
BCT,YWG,0.0,0.0,4.0,1863.0,2025-01,2025-12
BCT,YXU,4.0,2.0,5.0,1152.0,2025-01,2025-12
BCT,YYZ,29.0,83.0,186.0,1195.0,2025-01,2025-12
BDL,AUA,1.0,144.0,180.0,2040.0,2025-01,2025-12
BDL,AXA,0.0,1.0,4.0,1735.0,2025-01,2025-12
BDL,BDA,2.0,40.0,167.0,794.0,2025-01,2025-12
BDL,BOG,0.0,63.0,83.0,2574.0,2025-01,2025-12
BDL,CAG,0.0,1.0,7.0,4120.0,2025-01,2025-12
BDL,CKG,0.0,4.0,7.0,7486.0,2025-01,2025-12
BDL,CTG,0.0,76.0,100.0,2183.0,2025-01,2025-12
BDL,CUN,69.0,7996.0,12932.0,1663.0,2025-01,2025-12
BDL,DUB,261.0,33609.0,47776.0,3070.0,2025-01,2025-12
BDL,EDI,0.0,80.0,88.0,3144.0,2025-01,2025-12
BDL,GCM,0.0,4.0,7.0,1645.0,2025-01,2025-12
BDL,LHR,1.0,141.0,152.0,3342.0,2025-01,2025-12
BDL,LTN,0.0,0.0,7.0,3337.0,2025-01,2025-12
BDL,MBJ,87.0,12777.0,16304.0,1648.0,2025-01,2025-12
BDL,MEX,0.0,72.0,80.0,2190.0,2025-01,2025-12
BDL,NAS,2.0,64.0,78.0,1199.0,2025-01,2025-12
BDL,NHT,0.0,1.0,7.0,3342.0,2025-01,2025-12
BDL,OSL,0.0,1.0,7.0,3571.0,2025-01,2025-12
BDL,PLS,0.0,84.0,100.0,1393.0,2025-01,2025-12
BDL,PUJ,65.0,8956.0,12196.0,1635.0,2025-01,2025-12
BDL,QRO,0.0,0.0,94.0,2174.0,2025-01,2025-12
BDL,SJD,0.0,76.0,81.0,2489.0,2025-01,2025-12
BDL,SJO,0.0,74.0,81.0,2315.0,2025-01,2025-12
BDL,SNN,1.0,3.0,14.0,2974.0,2025-01,2025-12
BDL,UVF,0.0,0.0,94.0,2072.0,2025-01,2025-12
BDL,YHU,0.0,4.0,5.0,250.0,2025-01,2025-12
BDL,YOW,0.0,46.0,94.0,277.0,2025-01,2025-12
BDL,YTZ,0.0,2.0,4.0,359.0,2025-01,2025-12
BDL,YUL,1.0,42.0,43.0,249.0,2025-01,2025-12
BDL,YYZ,1.0,1.0,100.0,372.0,2025-01,2025-12
BDR,AXA,2.0,4.0,21.0,1695.0,2025-01,2025-12
BDR,FAB,2.0,5.0,21.0,3384.0,2025-01,2025-12
BDR,YYZ,1.0,0.0,0.0,374.0,2025-01,2025-12
BED,AEY,1.0,4.0,14.0,2566.0,2025-01,2025-12
BED,AMD,0.0,3.0,7.0,7358.0,2025-01,2025-12
BED,ANU,1.0,5.0,14.0,1838.0,2025-01,2025-12
BED,ATH,2.0,8.0,21.0,4752.0,2025-01,2025-12
BED,AUH,0.0,2.0,7.0,6674.0,2025-01,2025-12
BED,BEY,0.0,1.0,7.0,5426.0,2025-01,2025-12
BED,BGI,0.0,5.0,6.0,2150.0,2025-01,2025-12
BED,BHD,1.0,1.0,14.0,2989.0,2025-01,2025-12
BED,BHX,0.0,2.0,7.0,3190.0,2025-01,2025-12
BED,BMA,2.0,2.0,18.0,3740.0,2025-01,2025-12
BED,BOH,0.0,3.0,6.0,3221.0,2025-01,2025-12
BED,BON,0.0,5.0,6.0,2104.0,2025-01,2025-12
BED,BRS,0.0,2.0,7.0,3172.0,2025-01,2025-12
BED,CIA,0.0,4.0,7.0,4106.0,2025-01,2025-12
BED,CIW,1.0,2.0,14.0,2142.0,2025-01,2025-12
BED,CPH,0.0,2.0,7.0,3665.0,2025-01,2025-12
BED,CTA,0.0,4.0,8.0,4380.0,2025-01,2025-12
BED,DBV,0.0,2.0,7.0,4322.0,2025-01,2025-12
BED,DUB,0.0,4.0,7.0,2992.0,2025-01,2025-12
BED,DWC,0.0,0.0,7.0,6668.0,2025-01,2025-12
BED,EDI,2.0,12.0,27.0,3066.0,2025-01,2025-12
BED,EIS,1.0,2.0,8.0,1706.0,2025-01,2025-12
BED,ELH,0.0,3.0,7.0,1213.0,2025-01,2025-12
BED,EMA,0.0,1.0,7.0,3200.0,2025-01,2025-12
BED,FAB,5.0,12.0,66.0,3254.0,2025-01,2025-12
BED,GIG,0.0,1.0,7.0,4852.0,2025-01,2025-12
BED,GLA,0.0,0.0,6.0,3027.0,2025-01,2025-12
BED,GMP,2.0,3.0,21.0,6792.0,2025-01,2025-12
BED,GOT,0.0,4.0,7.0,3598.0,2025-01,2025-12
BED,GRX,0.0,1.0,8.0,3506.0,2025-01,2025-12
BED,GVA,1.0,2.0,13.0,3676.0,2025-01,2025-12
BED,INN,0.0,2.0,7.0,3865.0,2025-01,2025-12
BED,KEF,1.0,4.0,14.0,2410.0,2025-01,2025-12
BED,LBG,4.0,9.0,48.0,3443.0,2025-01,2025-12
BED,LTN,4.0,14.0,62.0,3258.0,2025-01,2025-12
BED,MHH,4.0,32.0,56.0,1150.0,2025-01,2025-12
BED,MST,2.0,4.0,21.0,3529.0,2025-01,2025-12
BED,MUC,0.0,2.0,7.0,3848.0,2025-01,2025-12
BED,NAP,0.0,3.0,6.0,4214.0,2025-01,2025-12
BED,NAS,2.0,224.0,264.0,1255.0,2025-01,2025-12
BED,NCE,2.0,6.0,26.0,3805.0,2025-01,2025-12
BED,NCL,1.0,2.0,13.0,3145.0,2025-01,2025-12
BED,NUE,0.0,2.0,4.0,3783.0,2025-01,2025-12
BED,OLB,0.0,1.0,6.0,4002.0,2025-01,2025-12
BED,PRG,2.0,1.0,20.0,3891.0,2025-01,2025-12
BED,PSA,0.0,0.0,6.0,3944.0,2025-01,2025-12
BED,RAK,0.0,1.0,7.0,3487.0,2025-01,2025-12
BED,RUH,1.0,3.0,14.0,6333.0,2025-01,2025-12
BED,SCL,2.0,4.0,21.0,5242.0,2025-01,2025-12
BED,SKB,2.0,3.0,16.0,1810.0,2025-01,2025-12
BED,SLU,1.0,5.0,12.0,2059.0,2025-01,2025-12
BED,SNN,2.0,8.0,28.0,2894.0,2025-01,2025-12
BED,SVD,0.0,4.0,6.0,2114.0,2025-01,2025-12
BED,SVQ,1.0,4.0,16.0,3395.0,2025-01,2025-12
BED,SXM,2.0,12.0,29.0,1755.0,2025-01,2025-12
BED,SZG,0.0,1.0,7.0,3916.0,2025-01,2025-12
BED,TLL,0.0,4.0,7.0,3954.0,2025-01,2025-12
BED,TLV,0.0,2.0,7.0,5487.0,2025-01,2025-12
BED,UVF,2.0,8.0,18.0,2079.0,2025-01,2025-12
BED,VIE,0.0,0.0,6.0,4049.0,2025-01,2025-12
BED,YHD,0.0,0.0,6.0,1141.0,2025-01,2025-12
BED,YHM,2.0,10.0,24.0,440.0,2025-01,2025-12
BED,YHU,1.0,70.0,70.0,236.0,2025-01,2025-12
BED,YOW,6.0,150.0,394.0,294.0,2025-01,2025-12
BED,YQB,1.0,2.0,8.0,299.0,2025-01,2025-12
BED,YUL,9.0,312.0,860.0,240.0,2025-01,2025-12
BED,YYZ,21.0,525.0,1556.0,429.0,2025-01,2025-12
BED,ZRH,0.0,0.0,6.0,3742.0,2025-01,2025-12
BFF,CUN,0.0,86.0,90.0,1737.0,2025-01,2025-12
BFF,LIR,0.0,80.0,83.0,2422.0,2025-01,2025-12
BFF,YWG,1.0,0.0,76.0,633.0,2025-01,2025-12
BFF,YYC,0.0,75.0,83.0,807.0,2025-01,2025-12
BFI,ARN,0.0,0.0,7.0,4700.0,2025-01,2025-12
BFI,BHX,0.0,0.0,164.0,4694.0,2025-01,2025-12
BFI,CIA,1.0,4.0,14.0,5677.0,2025-01,2025-12
BFI,CKG,0.0,4.0,7.0,6296.0,2025-01,2025-12
BFI,DNA,0.0,0.0,123.0,5738.0,2025-01,2025-12
BFI,DUB,0.0,1.0,7.0,4521.0,2025-01,2025-12
BFI,EZE,1.0,4.0,14.0,6919.0,2025-01,2025-12
BFI,GMP,1.0,4.0,14.0,5183.0,2025-01,2025-12
BFI,GUA,1.0,43.0,186.0,2913.0,2025-01,2025-12
BFI,HKG,0.0,2.0,7.0,6485.0,2025-01,2025-12
BFI,HND,0.0,2.0,7.0,4789.0,2025-01,2025-12
BFI,IBZ,0.0,4.0,7.0,5536.0,2025-01,2025-12
BFI,ICN,0.0,0.0,7.0,5200.0,2025-01,2025-12
BFI,KEF,0.0,2.0,7.0,3606.0,2025-01,2025-12
BFI,KIX,0.0,2.0,7.0,5025.0,2025-01,2025-12
BFI,LBG,0.0,2.0,7.0,4997.0,2025-01,2025-12
BFI,LGW,1.0,0.0,328.0,4806.0,2025-01,2025-12
BFI,LIR,0.0,0.0,7.0,3326.0,2025-01,2025-12
BFI,LTN,0.0,1.0,7.0,4762.0,2025-01,2025-12
BFI,MAD,2.0,5.0,27.0,5291.0,2025-01,2025-12
BFI,MAN,1.0,2.0,171.0,4632.0,2025-01,2025-12
BFI,MUC,0.0,2.0,7.0,5263.0,2025-01,2025-12
BFI,MZT,0.0,26.0,34.0,1902.0,2025-01,2025-12
BFI,NCE,1.0,6.0,14.0,5428.0,2025-01,2025-12
BFI,NGO,0.0,2.0,7.0,4942.0,2025-01,2025-12
BFI,NLU,1.0,42.0,186.0,2321.0,2025-01,2025-12
BFI,NRT,0.0,0.0,136.0,4755.0,2025-01,2025-12
BFI,OKO,0.0,0.0,175.0,4797.0,2025-01,2025-12
BFI,ORK,0.0,0.0,10.0,4539.0,2025-01,2025-12
BFI,PBC,0.0,24.0,93.0,2377.0,2025-01,2025-12
BFI,PEK,1.0,4.0,14.0,5389.0,2025-01,2025-12
BFI,PRG,0.0,1.0,7.0,5213.0,2025-01,2025-12
BFI,PSA,0.0,2.0,10.0,5509.0,2025-01,2025-12
BFI,PUJ,4.0,0.0,0.0,3613.0,2025-01,2025-12
BFI,PUQ,0.0,5.0,7.0,7574.0,2025-01,2025-12
BFI,QBC,0.0,0.0,3.0,386.0,2025-01,2025-12
BFI,SHA,0.0,2.0,7.0,5720.0,2025-01,2025-12
BFI,STN,1.0,0.0,40.0,4777.0,2025-01,2025-12
BFI,SXM,0.0,4.0,7.0,3878.0,2025-01,2025-12
BFI,TAS,0.0,0.0,7.0,6262.0,2025-01,2025-12
BFI,TAT,0.0,1.0,7.0,5397.0,2025-01,2025-12
BFI,VCE,0.0,6.0,10.0,5447.0,2025-01,2025-12
BFI,YAZ,2.0,9.0,18.0,192.0,2025-01,2025-12
BFI,YBL,10.0,26.0,60.0,215.0,2025-01,2025-12
BFI,YCD,2.0,4.0,9.0,128.0,2025-01,2025-12
BFI,YCG,2.0,14.0,12.0,246.0,2025-01,2025-12
BFI,YEG,12.0,630.0,1162.0,553.0,2025-01,2025-12
BFI,YHM,0.0,0.0,0.0,2053.0,2025-01,2025-12
BFI,YHU,1.0,52.0,70.0,2289.0,2025-01,2025-12
BFI,YKA,1.0,2.0,6.0,235.0,2025-01,2025-12
BFI,YLW,4.0,12.0,29.0,214.0,2025-01,2025-12
BFI,YPQ,0.0,0.0,4.0,2097.0,2025-01,2025-12
BFI,YPW,0.0,2.0,3.0,188.0,2025-01,2025-12
BFI,YQQ,1.0,1.0,6.0,192.0,2025-01,2025-12
BFI,YUL,0.0,26.0,35.0,2276.0,2025-01,2025-12
BFI,YVR,19.0,546.0,1119.0,122.0,2025-01,2025-12
BFI,YWG,2.0,113.0,236.0,1149.0,2025-01,2025-12
BFI,YXY,0.0,0.0,3.0,1043.0,2025-01,2025-12
BFI,YYC,8.0,314.0,512.0,448.0,2025-01,2025-12
BFI,YYJ,23.0,38.0,168.0,93.0,2025-01,2025-12
BFI,YYZ,8.0,654.0,1007.0,2054.0,2025-01,2025-12
BFI,YZT,2.0,4.0,9.0,316.0,2025-01,2025-12
BFM,FOR,0.0,0.0,0.0,4037.0,2025-01,2025-12
BFM,SCL,0.0,0.0,0.0,4565.0,2025-01,2025-12
BFM,YYZ,2.0,0.0,0.0,1013.0,2025-01,2025-12
BGR,AMS,1.0,2.0,10.0,3257.0,2025-01,2025-12
BGR,ATH,2.0,213.0,266.0,4563.0,2025-01,2025-12
BGR,BGI,0.0,1.0,6.0,2260.0,2025-01,2025-12
BGR,BRU,2.0,0.0,0.0,3283.0,2025-01,2025-12
BGR,CDG,1.0,220.0,231.0,3255.0,2025-01,2025-12
BGR,CPH,0.0,0.0,8.0,3464.0,2025-01,2025-12
BGR,DEL,0.0,125.0,142.0,6932.0,2025-01,2025-12
BGR,DSS,0.0,87.0,106.0,3654.0,2025-01,2025-12
BGR,DUB,1.0,2.0,4.0,2796.0,2025-01,2025-12
BGR,DUS,0.0,1.0,6.0,3363.0,2025-01,2025-12
BGR,EDI,1.0,2.0,10.0,2868.0,2025-01,2025-12
BGR,EMA,0.0,0.0,7.0,3004.0,2025-01,2025-12
BGR,FAB,1.0,2.0,14.0,3061.0,2025-01,2025-12
BGR,FCO,1.0,129.0,146.0,3905.0,2025-01,2025-12
BGR,FSC,0.0,5.0,7.0,3778.0,2025-01,2025-12
BGR,GLA,0.0,1.0,5.0,2829.0,2025-01,2025-12
BGR,GVA,2.0,32.0,136.0,3487.0,2025-01,2025-12
BGR,HEL,0.0,2.0,6.0,3725.0,2025-01,2025-12
BGR,INN,1.0,4.0,11.0,3672.0,2025-01,2025-12
BGR,KEF,6.0,36.0,156.0,2207.0,2025-01,2025-12
BGR,KLU,2.0,0.0,18.0,3816.0,2025-01,2025-12
BGR,LBG,1.0,4.0,13.0,3252.0,2025-01,2025-12
BGR,LGG,0.0,0.0,0.0,3329.0,2025-01,2025-12
BGR,LIN,0.0,1.0,4.0,3647.0,2025-01,2025-12
BGR,LTN,4.0,8.0,46.0,3064.0,2025-01,2025-12
BGR,LUX,0.0,1.0,4.0,3388.0,2025-01,2025-12
BGR,MAD,2.0,2.0,13.0,3239.0,2025-01,2025-12
BGR,MOL,0.0,0.0,4.0,3123.0,2025-01,2025-12
BGR,NCE,1.0,11.0,22.0,3620.0,2025-01,2025-12
BGR,NCL,0.0,2.0,6.0,2947.0,2025-01,2025-12
BGR,NUE,1.0,2.0,8.0,3588.0,2025-01,2025-12
BGR,ORK,0.0,0.0,10.0,2733.0,2025-01,2025-12
BGR,PIK,0.0,0.0,0.0,2829.0,2025-01,2025-12
BGR,PSA,0.0,1.0,4.0,3756.0,2025-01,2025-12
BGR,RHO,1.0,4.0,16.0,4805.0,2025-01,2025-12
BGR,RZE,0.0,0.0,0.0,3989.0,2025-01,2025-12
BGR,SNN,1.0,3.0,9.0,2701.0,2025-01,2025-12
BGR,SPU,0.0,1.0,8.0,4011.0,2025-01,2025-12
BGR,STN,8.0,22.0,72.0,3088.0,2025-01,2025-12
BGR,SZG,0.0,1.0,7.0,3722.0,2025-01,2025-12
BGR,TER,0.0,0.0,0.0,2166.0,2025-01,2025-12
BGR,TFS,1.0,2.0,8.0,3067.0,2025-01,2025-12
BGR,TIF,2.0,0.0,0.0,6064.0,2025-01,2025-12
BGR,VIE,0.0,0.0,4.0,3853.0,2025-01,2025-12
BGR,YCL,0.0,2.0,4.0,250.0,2025-01,2025-12
BGR,YHZ,0.0,34.0,38.0,261.0,2025-01,2025-12
BGR,YQX,0.0,2.0,5.0,730.0,2025-01,2025-12
BGR,YUL,0.0,32.0,32.0,244.0,2025-01,2025-12
BGR,YYR,1.0,2.0,7.0,699.0,2025-01,2025-12
BGR,YYT,2.0,3.0,12.0,791.0,2025-01,2025-12
BGR,YYZ,3.0,67.0,234.0,540.0,2025-01,2025-12
BGR,ZRH,2.0,6.0,29.0,3550.0,2025-01,2025-12
BHM,AMS,5.0,0.0,0.0,4485.0,2025-01,2025-12
BHM,BOG,0.0,94.0,100.0,2153.0,2025-01,2025-12
BHM,BZE,0.0,67.0,80.0,1111.0,2025-01,2025-12
BHM,CTG,0.0,76.0,80.0,1749.0,2025-01,2025-12
BHM,FRA,0.0,0.0,0.0,4700.0,2025-01,2025-12
BHM,GCM,2.0,87.0,94.0,1040.0,2025-01,2025-12
BHM,GDL,0.0,86.0,90.0,1357.0,2025-01,2025-12
BHM,ICN,1.0,0.0,0.0,7085.0,2025-01,2025-12
BHM,LGG,25.0,0.0,0.0,4558.0,2025-01,2025-12
BHM,LIM,0.0,92.0,116.0,3213.0,2025-01,2025-12
BHM,NAS,0.0,90.0,90.0,812.0,2025-01,2025-12
BHM,SAL,1.0,155.0,170.0,1398.0,2025-01,2025-12
BHM,STR,17.0,0.0,0.0,4769.0,2025-01,2025-12
BHM,SVQ,1.0,12.0,14.0,4410.0,2025-01,2025-12
BIL,YEG,0.0,74.0,83.0,565.0,2025-01,2025-12
BIL,YVR,0.0,78.0,83.0,721.0,2025-01,2025-12
BIL,YYC,0.0,0.0,93.0,444.0,2025-01,2025-12
BJC,BQH,0.0,2.0,6.0,4694.0,2025-01,2025-12
BJC,TLC,0.0,0.0,6.0,1459.0,2025-01,2025-12
BJC,YLW,0.0,5.0,6.0,981.0,2025-01,2025-12
BJC,YYZ,0.0,4.0,4.0,1333.0,2025-01,2025-12
BKL,NCE,1.0,2.0,14.0,4290.0,2025-01,2025-12
BKL,NHT,0.0,4.0,7.0,3721.0,2025-01,2025-12
BKL,YHU,0.0,21.0,35.0,498.0,2025-01,2025-12
BKL,YYZ,0.0,31.0,100.0,182.0,2025-01,2025-12
BLI,LBG,0.0,1.0,7.0,4931.0,2025-01,2025-12
BLI,LIN,0.0,1.0,7.0,5308.0,2025-01,2025-12
BLI,YAZ,0.0,1.0,3.0,148.0,2025-01,2025-12
BLI,YBL,1.0,0.0,6.0,147.0,2025-01,2025-12
BLI,YEG,2.0,0.0,465.0,498.0,2025-01,2025-12
BLI,YKF,0.0,2.0,6.0,2025.0,2025-01,2025-12
BLI,YVR,2.0,2.0,10.0,40.0,2025-01,2025-12
BLI,YYJ,0.0,2.0,3.0,42.0,2025-01,2025-12
BLI,YZT,1.0,3.0,6.0,252.0,2025-01,2025-12
BLM,CIA,0.0,2.0,8.0,4314.0,2025-01,2025-12
BLM,NCE,0.0,4.0,7.0,4013.0,2025-01,2025-12
BLM,TLV,0.0,1.0,7.0,5698.0,2025-01,2025-12
BMG,YYZ,0.0,4.0,4.0,478.0,2025-01,2025-12
BNA,AKL,0.0,2.0,7.0,8069.0,2025-01,2025-12
BNA,AMS,1.0,116.0,308.0,4353.0,2025-01,2025-12
BNA,ARN,0.0,63.0,141.0,4564.0,2025-01,2025-12
BNA,BCN,0.0,4.0,7.0,4580.0,2025-01,2025-12
BNA,CDG,0.0,128.0,136.0,4361.0,2025-01,2025-12
BNA,CUN,290.0,41143.0,49818.0,1042.0,2025-01,2025-12
BNA,DUB,149.0,21045.0,26371.0,3896.0,2025-01,2025-12
BNA,FLR,0.0,2.0,6.0,4895.0,2025-01,2025-12
BNA,GGT,0.0,8.0,8.0,1081.0,2025-01,2025-12
BNA,GRO,2.0,10.0,21.0,4591.0,2025-01,2025-12
BNA,ICN,2.0,340.0,412.0,6928.0,2025-01,2025-12
BNA,IST,0.0,2.0,10.0,5709.0,2025-01,2025-12
BNA,KEF,140.0,16510.0,23936.0,3233.0,2025-01,2025-12
BNA,LBG,0.0,2.0,8.0,4358.0,2025-01,2025-12
BNA,LHR,370.0,76409.0,88314.0,4171.0,2025-01,2025-12
BNA,LIR,0.0,86.0,100.0,1765.0,2025-01,2025-12
BNA,LTN,2.0,14.0,28.0,4165.0,2025-01,2025-12
BNA,MBJ,0.0,86.0,88.0,1330.0,2025-01,2025-12
BNA,MEX,2.0,188.0,264.0,1377.0,2025-01,2025-12
BNA,MHH,0.0,0.0,8.0,872.0,2025-01,2025-12
BNA,MTY,1.0,12.0,16.0,1068.0,2025-01,2025-12
BNA,MUC,0.0,0.0,8.0,4754.0,2025-01,2025-12
BNA,MXP,0.0,4.0,7.0,4726.0,2025-01,2025-12
BNA,NAP,0.0,6.0,8.0,5137.0,2025-01,2025-12
BNA,NAS,3.0,224.0,288.0,941.0,2025-01,2025-12
BNA,NLU,0.0,26.0,93.0,1357.0,2025-01,2025-12
BNA,PLS,2.0,90.0,108.0,1317.0,2025-01,2025-12
BNA,PUJ,35.0,4148.0,5628.0,1648.0,2025-01,2025-12
BNA,PVR,1.0,84.0,102.0,1548.0,2025-01,2025-12
BNA,QRO,0.0,0.0,0.0,1347.0,2025-01,2025-12
BNA,SAL,1.0,154.0,180.0,1574.0,2025-01,2025-12
BNA,SJD,32.0,3786.0,5032.0,1642.0,2025-01,2025-12
BNA,SNN,0.0,4.0,8.0,3804.0,2025-01,2025-12
BNA,STN,1.0,8.0,16.0,4188.0,2025-01,2025-12
BNA,UVF,0.0,88.0,90.0,2220.0,2025-01,2025-12
BNA,VCE,0.0,1.0,7.0,4880.0,2025-01,2025-12
BNA,YEG,36.0,3672.0,5331.0,1757.0,2025-01,2025-12
BNA,YHM,2.0,6.0,12.0,604.0,2025-01,2025-12
BNA,YHU,0.0,22.0,93.0,947.0,2025-01,2025-12
BNA,YKF,0.0,81.0,94.0,607.0,2025-01,2025-12
BNA,YLS,0.0,0.0,4.0,1016.0,2025-01,2025-12
BNA,YLW,1.0,7.0,8.0,1886.0,2025-01,2025-12
BNA,YOW,12.0,112.0,155.0,856.0,2025-01,2025-12
BNA,YQA,0.0,1.0,4.0,723.0,2025-01,2025-12
BNA,YQB,1.0,0.0,19.0,1078.0,2025-01,2025-12
BNA,YQR,1.0,9.0,13.0,1333.0,2025-01,2025-12
BNA,YUL,300.0,19109.0,24647.0,933.0,2025-01,2025-12
BNA,YVR,122.0,13878.0,20565.0,2037.0,2025-01,2025-12
BNA,YWG,40.0,3373.0,6032.0,1089.0,2025-01,2025-12
BNA,YYC,220.0,30279.0,35754.0,1699.0,2025-01,2025-12
BNA,YYZ,805.0,84696.0,110123.0,641.0,2025-01,2025-12
BNA,ZRH,1.0,2.0,13.0,4656.0,2025-01,2025-12
BOI,CUN,0.0,78.0,80.0,2293.0,2025-01,2025-12
BOI,EIN,1.0,88.0,282.0,5002.0,2025-01,2025-12
BOI,RKE,0.0,3.0,7.0,4952.0,2025-01,2025-12
BOI,YEG,0.0,1.0,6.0,684.0,2025-01,2025-12
BOI,YVR,2.0,0.0,198.0,511.0,2025-01,2025-12
BOS,ACC,1.0,226.0,252.0,4983.0,2025-01,2025-12
BOS,AGP,1.0,85.0,95.0,3476.0,2025-01,2025-12
BOS,AMS,1046.0,215026.0,256358.0,3447.0,2025-01,2025-12
BOS,ANU,0.0,80.0,100.0,1826.0,2025-01,2025-12
BOS,ARN,2.0,62.0,115.0,3728.0,2025-01,2025-12
BOS,ATH,194.0,47888.0,54520.0,4744.0,2025-01,2025-12
BOS,AUA,1108.0,171531.0,200090.0,2064.0,2025-01,2025-12
BOS,AUH,365.0,91035.0,107658.0,6668.0,2025-01,2025-12
BOS,AXA,4.0,138.0,432.0,1733.0,2025-01,2025-12
BOS,AZI,2.0,6.0,21.0,6662.0,2025-01,2025-12
BOS,BCN,364.0,86278.0,107379.0,3640.0,2025-01,2025-12
BOS,BDA,384.0,34432.0,52088.0,773.0,2025-01,2025-12
BOS,BER,0.0,0.0,6.0,3785.0,2025-01,2025-12
BOS,BGI,92.0,11696.0,14796.0,2138.0,2025-01,2025-12
BOS,BHX,0.0,2.0,6.0,3184.0,2025-01,2025-12
BOS,BIO,0.0,2.0,6.0,3351.0,2025-01,2025-12
BOS,BJZ,0.0,0.0,7.0,3293.0,2025-01,2025-12
BOS,BMA,2.0,5.0,21.0,3737.0,2025-01,2025-12
BOS,BOG,156.0,22134.0,27512.0,2609.0,2025-01,2025-12
BOS,BQH,1.0,3.0,11.0,3279.0,2025-01,2025-12
BOS,BTS,3.0,7.0,42.0,4066.0,2025-01,2025-12
BOS,BUD,0.0,0.0,0.0,4174.0,2025-01,2025-12
BOS,CDG,1262.0,268153.0,310588.0,3439.0,2025-01,2025-12
BOS,CPH,342.0,65100.0,76157.0,3660.0,2025-01,2025-12
BOS,CUN,890.0,141552.0,161264.0,1737.0,2025-01,2025-12
BOS,DBV,0.0,2.0,7.0,4314.0,2025-01,2025-12
BOS,DEL,3.0,588.0,798.0,7133.0,2025-01,2025-12
BOS,DKR,0.0,2.0,8.0,3690.0,2025-01,2025-12
BOS,DOH,365.0,94502.0,103578.0,6506.0,2025-01,2025-12
BOS,DSS,1.0,102.0,115.0,3713.0,2025-01,2025-12
BOS,DUB,1184.0,234332.0,291348.0,2985.0,2025-01,2025-12
BOS,DXB,334.0,78697.0,118243.0,6651.0,2025-01,2025-12
BOS,EDI,327.0,49287.0,61580.0,3061.0,2025-01,2025-12
BOS,EIN,2.0,2.0,22.0,3493.0,2025-01,2025-12
BOS,EMA,0.0,1.0,6.0,3193.0,2025-01,2025-12
BOS,ERF,1.0,1.0,10.0,3728.0,2025-01,2025-12
BOS,EVN,2.0,6.0,28.0,5453.0,2025-01,2025-12
BOS,FAB,2.0,6.0,34.0,3247.0,2025-01,2025-12
BOS,FAO,0.0,81.0,88.0,3295.0,2025-01,2025-12
BOS,FCO,500.0,112680.0,134194.0,4082.0,2025-01,2025-12
BOS,FPO,0.0,66.0,81.0,1175.0,2025-01,2025-12
BOS,FRA,662.0,151569.0,196866.0,3659.0,2025-01,2025-12
BOS,GCM,51.0,6366.0,8320.0,1705.0,2025-01,2025-12
BOS,GNB,0.0,0.0,8.0,3661.0,2025-01,2025-12
BOS,GND,17.0,2179.0,2703.0,2170.0,2025-01,2025-12
BOS,GRU,175.0,44703.0,51830.0,4808.0,2025-01,2025-12
BOS,GVA,5.0,122.0,176.0,3668.0,2025-01,2025-12
BOS,GYE,0.0,86.0,100.0,3126.0,2025-01,2025-12
BOS,HGH,0.0,4.0,7.0,7368.0,2025-01,2025-12
BOS,HKG,380.0,109738.0,126753.0,7957.0,2025-01,2025-12
BOS,HND,0.0,134.0,138.0,6713.0,2025-01,2025-12
BOS,IBZ,0.0,6.0,8.0,3686.0,2025-01,2025-12
BOS,ICN,362.0,82990.0,100302.0,6813.0,2025-01,2025-12
BOS,INV,0.0,3.0,7.0,3015.0,2025-01,2025-12
BOS,IST,334.0,87875.0,107152.0,4801.0,2025-01,2025-12
BOS,KEF,896.0,143096.0,185027.0,2408.0,2025-01,2025-12
BOS,KGS,0.0,4.0,7.0,4928.0,2025-01,2025-12
BOS,KIR,0.0,2.0,7.0,2870.0,2025-01,2025-12
BOS,KIX,0.0,104.0,138.0,6877.0,2025-01,2025-12
BOS,KKN,0.0,0.0,6.0,3751.0,2025-01,2025-12
BOS,KTW,0.0,2.0,7.0,4058.0,2025-01,2025-12
BOS,LBA,0.0,1.0,5.0,3161.0,2025-01,2025-12
BOS,LBG,4.0,18.0,189.0,3436.0,2025-01,2025-12
BOS,LCY,0.0,0.0,7.0,3276.0,2025-01,2025-12
BOS,LGW,156.0,20172.0,25132.0,3274.0,2025-01,2025-12
BOS,LHR,2694.0,541864.0,691030.0,3256.0,2025-01,2025-12
BOS,LIL,0.0,2.0,7.0,3423.0,2025-01,2025-12
BOS,LIN,1.0,3.0,14.0,3829.0,2025-01,2025-12
BOS,LIR,88.0,12040.0,14756.0,2364.0,2025-01,2025-12
BOS,LIS,946.0,165774.0,187480.0,3184.0,2025-01,2025-12
BOS,LPL,0.0,0.0,6.0,3123.0,2025-01,2025-12
BOS,LTN,8.0,28.0,112.0,3251.0,2025-01,2025-12
BOS,MAD,673.0,97190.0,117565.0,3401.0,2025-01,2025-12
BOS,MAN,1.0,291.0,330.0,3145.0,2025-01,2025-12
BOS,MBJ,240.0,32498.0,38590.0,1698.0,2025-01,2025-12
BOS,MEX,364.0,48960.0,59994.0,2277.0,2025-01,2025-12
BOS,MUC,356.0,110154.0,149529.0,3841.0,2025-01,2025-12
BOS,MXP,90.0,19384.0,25152.0,3799.0,2025-01,2025-12
BOS,NAP,1.0,80.0,91.0,4206.0,2025-01,2025-12
BOS,NAS,258.0,34224.0,44734.0,1252.0,2025-01,2025-12
BOS,NCE,2.0,8.0,36.0,3797.0,2025-01,2025-12
BOS,NGO,0.0,2.0,7.0,6819.0,2025-01,2025-12
BOS,NHT,0.0,2.0,7.0,3256.0,2025-01,2025-12
BOS,NRT,336.0,53974.0,65792.0,6686.0,2025-01,2025-12
BOS,NUE,3.0,12.0,30.0,3777.0,2025-01,2025-12
BOS,OBF,0.0,2.0,7.0,3829.0,2025-01,2025-12
BOS,OLB,0.0,2.0,6.0,3993.0,2025-01,2025-12
BOS,OPO,95.0,13600.0,15961.0,3136.0,2025-01,2025-12
BOS,OSL,2.0,131.0,164.0,3494.0,2025-01,2025-12
BOS,OXF,0.0,2.0,7.0,3213.0,2025-01,2025-12
BOS,PDL,377.0,58766.0,68010.0,2389.0,2025-01,2025-12
BOS,PLS,144.0,19673.0,24906.0,1424.0,2025-01,2025-12
BOS,PMI,0.0,1.0,7.0,3727.0,2025-01,2025-12
BOS,PMO,0.0,2.0,7.0,4254.0,2025-01,2025-12
BOS,POP,48.0,6429.0,7984.0,1562.0,2025-01,2025-12
BOS,PRG,0.0,0.0,8.0,3884.0,2025-01,2025-12
BOS,PT1,0.0,0.0,7.0,,2025-01,2025-12
BOS,PTY,514.0,72868.0,83728.0,2356.0,2025-01,2025-12
BOS,PUJ,776.0,116046.0,136180.0,1651.0,2025-01,2025-12
BOS,PUS,0.0,120.0,138.0,6933.0,2025-01,2025-12
BOS,RAK,0.0,7.0,8.0,3474.0,2025-01,2025-12
BOS,RHO,0.0,3.0,7.0,4988.0,2025-01,2025-12
BOS,RUH,2.0,4.0,21.0,6326.0,2025-01,2025-12
BOS,SAL,209.0,29612.0,36891.0,2271.0,2025-01,2025-12
BOS,SDQ,732.0,112134.0,131238.0,1655.0,2025-01,2025-12
BOS,SJD,0.0,64.0,81.0,2580.0,2025-01,2025-12
BOS,SLU,0.0,3.0,6.0,2047.0,2025-01,2025-12
BOS,SNN,364.0,52076.0,67022.0,2887.0,2025-01,2025-12
BOS,STI,549.0,77786.0,94253.0,1586.0,2025-01,2025-12
BOS,STN,4.0,14.0,34.0,3276.0,2025-01,2025-12
BOS,SXM,111.0,15296.0,18558.0,1743.0,2025-01,2025-12
BOS,SZG,0.0,1.0,8.0,3909.0,2025-01,2025-12
BOS,TAM,0.0,80.0,83.0,2077.0,2025-01,2025-12
BOS,TAT,0.0,1.0,7.0,4152.0,2025-01,2025-12
BOS,TER,48.0,6428.0,8888.0,2293.0,2025-01,2025-12
BOS,TLN,0.0,1.0,7.0,3767.0,2025-01,2025-12
BOS,TLV,184.0,41624.0,44184.0,5479.0,2025-01,2025-12
BOS,TSA,0.0,1.0,7.0,7710.0,2025-01,2025-12
BOS,UVF,56.0,6904.0,8937.0,2067.0,2025-01,2025-12
BOS,VIE,93.0,15864.0,19623.0,4042.0,2025-01,2025-12
BOS,YHM,1.0,2.0,10.0,456.0,2025-01,2025-12
BOS,YHU,0.0,0.0,93.0,249.0,2025-01,2025-12
BOS,YHZ,18.0,990.0,1616.0,413.0,2025-01,2025-12
BOS,YKF,1.0,7.0,12.0,480.0,2025-01,2025-12
BOS,YOW,286.0,13487.0,22361.0,309.0,2025-01,2025-12
BOS,YQA,0.0,0.0,4.0,452.0,2025-01,2025-12
BOS,YQB,2.0,8.0,22.0,307.0,2025-01,2025-12
BOS,YQX,0.0,71.0,80.0,912.0,2025-01,2025-12
BOS,YSC,0.0,1.0,3.0,215.0,2025-01,2025-12
BOS,YTZ,1016.0,57750.0,79147.0,433.0,2025-01,2025-12
BOS,YUL,1124.0,74433.0,98536.0,254.0,2025-01,2025-12
BOS,YVR,162.0,20641.0,25399.0,2507.0,2025-01,2025-12
BOS,YYC,110.0,16194.0,18258.0,2091.0,2025-01,2025-12
BOS,YYR,2.0,2.0,143.0,900.0,2025-01,2025-12
BOS,YYT,4.0,472.0,541.0,960.0,2025-01,2025-12
BOS,YYZ,1518.0,132032.0,161298.0,445.0,2025-01,2025-12
BOS,ZRH,532.0,104382.0,125642.0,3735.0,2025-01,2025-12
BQK,FAB,0.0,2.0,7.0,4185.0,2025-01,2025-12
BQK,LTN,0.0,2.0,7.0,4192.0,2025-01,2025-12
BQN,AUA,124.0,0.0,0.0,456.0,2025-01,2025-12
BQN,BGI,242.0,0.0,0.0,631.0,2025-01,2025-12
BQN,BON,8.0,0.0,0.0,446.0,2025-01,2025-12
BQN,CUR,116.0,0.0,0.0,452.0,2025-01,2025-12
BQN,FOR,0.0,64.0,90.0,2481.0,2025-01,2025-12
BQN,GEO,0.0,0.0,0.0,1022.0,2025-01,2025-12
BQN,GND,1.0,0.0,0.0,573.0,2025-01,2025-12
BQN,KIN,0.0,8.0,105.0,635.0,2025-01,2025-12
BQN,LIM,0.0,8.0,105.0,2216.0,2025-01,2025-12
BQN,PLS,0.0,80.0,81.0,403.0,2025-01,2025-12
BQN,POS,246.0,0.0,0.0,669.0,2025-01,2025-12
BQN,PUJ,0.0,16.0,81.0,81.0,2025-01,2025-12
BQN,SDQ,285.0,0.0,0.0,166.0,2025-01,2025-12
BQN,SJO,10.0,0.0,0.0,1284.0,2025-01,2025-12
BQN,SLU,256.0,0.0,0.0,511.0,2025-01,2025-12
BQN,STI,98.0,0.0,0.0,236.0,2025-01,2025-12
BQN,UVF,0.0,1.0,4.0,526.0,2025-01,2025-12
BQN,VCP,49.0,0.0,0.0,3169.0,2025-01,2025-12
BRO,CCS,0.0,110.0,126.0,2251.0,2025-01,2025-12
BRO,CSL,0.0,23.0,34.0,,2025-01,2025-12
BRO,CUU,0.0,0.0,0.0,558.0,2025-01,2025-12
BRO,ELH,0.0,4.0,6.0,1291.0,2025-01,2025-12
BRO,GDL,0.0,38.0,38.0,527.0,2025-01,2025-12
BRO,HMO,2.0,0.0,0.0,863.0,2025-01,2025-12
BRO,MTY,0.0,0.0,38.0,167.0,2025-01,2025-12
BRO,QRO,1.0,38.0,38.0,405.0,2025-01,2025-12
BRO,SAP,0.0,8.0,75.0,947.0,2025-01,2025-12
BRO,SCL,0.0,0.0,7.0,4455.0,2025-01,2025-12
BRO,SJO,0.0,22.0,126.0,1399.0,2025-01,2025-12
BRO,SLW,0.0,0.0,0.0,220.0,2025-01,2025-12
BRO,TAM,0.0,16.0,25.0,251.0,2025-01,2025-12
BRO,TAP,0.0,67.0,80.0,834.0,2025-01,2025-12
BRO,TLC,2.0,0.0,0.0,474.0,2025-01,2025-12
BRO,VER,0.0,17.0,38.0,474.0,2025-01,2025-12
BRO,VSA,0.0,68.0,78.0,621.0,2025-01,2025-12
BRO,YQG,0.0,0.0,0.0,1397.0,2025-01,2025-12
BTL,YYZ,1.0,3.0,9.0,299.0,2025-01,2025-12
BTR,MAD,1.0,4.0,11.0,4771.0,2025-01,2025-12
BTV,AMS,0.0,1.0,7.0,3440.0,2025-01,2025-12
BTV,ANU,1.0,7.0,8.0,2001.0,2025-01,2025-12
BTV,CAI,0.0,2.0,7.0,5436.0,2025-01,2025-12
BTV,DBV,0.0,3.0,7.0,4322.0,2025-01,2025-12
BTV,KEF,0.0,2.0,7.0,2353.0,2025-01,2025-12
BTV,LBG,1.0,6.0,14.0,3443.0,2025-01,2025-12
BTV,SPU,0.0,3.0,7.0,4202.0,2025-01,2025-12
BTV,YOW,1.0,41.0,50.0,136.0,2025-01,2025-12
BTV,YUL,3.0,131.0,204.0,75.0,2025-01,2025-12
BUF,CUN,2.0,456.0,478.0,1585.0,2025-01,2025-12
BUF,FRA,0.0,0.0,0.0,3940.0,2025-01,2025-12
BUF,GVA,0.0,1.0,7.0,3972.0,2025-01,2025-12
BUF,LIN,0.0,3.0,7.0,4131.0,2025-01,2025-12
BUF,MEX,0.0,74.0,84.0,2009.0,2025-01,2025-12
BUF,NAS,2.0,474.0,580.0,1239.0,2025-01,2025-12
BUF,PUJ,3.0,538.0,589.0,1790.0,2025-01,2025-12
BUF,UVF,1.0,7.0,12.0,2278.0,2025-01,2025-12
BUF,YEG,1.0,53.0,70.0,1737.0,2025-01,2025-12
BUF,YHM,2.0,2.0,21.0,63.0,2025-01,2025-12
BUF,YHU,1.0,46.0,70.0,318.0,2025-01,2025-12
BUF,YKF,0.0,68.0,94.0,90.0,2025-01,2025-12
BUF,YOW,4.0,244.0,306.0,224.0,2025-01,2025-12
BUF,YQB,0.0,4.0,6.0,447.0,2025-01,2025-12
BUF,YQT,0.0,56.0,68.0,633.0,2025-01,2025-12
BUF,YTZ,2.0,4.0,15.0,58.0,2025-01,2025-12
BUF,YUL,4.0,177.0,350.0,303.0,2025-01,2025-12
BUF,YVR,1.0,76.0,90.0,2142.0,2025-01,2025-12
BUF,YWG,0.0,25.0,35.0,1001.0,2025-01,2025-12
BUF,YYC,1.0,61.0,110.0,1735.0,2025-01,2025-12
BUF,YYZ,20.0,335.0,1242.0,68.0,2025-01,2025-12
BUR,AEY,0.0,2.0,6.0,4365.0,2025-01,2025-12
BUR,LPL,0.0,0.0,8.0,5266.0,2025-01,2025-12
BUR,QRO,0.0,0.0,74.0,1453.0,2025-01,2025-12
BUR,YVR,0.0,34.0,34.0,1065.0,2025-01,2025-12
BWI,ACC,1.0,166.0,247.0,5252.0,2025-01,2025-12
BWI,AMS,0.0,0.0,132.0,3815.0,2025-01,2025-12
BWI,ATH,0.0,119.0,122.0,5112.0,2025-01,2025-12
BWI,AUA,134.0,18777.0,20666.0,1888.0,2025-01,2025-12
BWI,AXA,4.0,118.0,372.0,1663.0,2025-01,2025-12
BWI,BDA,44.0,1490.0,3448.0,819.0,2025-01,2025-12
BWI,BER,0.0,2.0,8.0,4151.0,2025-01,2025-12
BWI,BGI,0.0,6.0,6.0,2086.0,2025-01,2025-12
BWI,BUD,0.0,2.0,7.0,4542.0,2025-01,2025-12
BWI,BZE,27.0,3126.0,4053.0,1650.0,2025-01,2025-12
BWI,CAI,0.0,86.0,106.0,5786.0,2025-01,2025-12
BWI,CUN,977.0,124550.0,163132.0,1391.0,2025-01,2025-12
BWI,DSS,1.0,58.0,282.0,3962.0,2025-01,2025-12
BWI,DUB,0.0,4.0,8.0,3353.0,2025-01,2025-12
BWI,EIN,2.0,0.0,501.0,3861.0,2025-01,2025-12
BWI,ELH,0.0,4.0,7.0,947.0,2025-01,2025-12
BWI,EMA,0.0,0.0,0.0,3561.0,2025-01,2025-12
BWI,EVN,0.0,0.0,190.0,5816.0,2025-01,2025-12
BWI,FAB,0.0,1.0,6.0,3616.0,2025-01,2025-12
BWI,FRA,2.0,260.0,456.0,4028.0,2025-01,2025-12
BWI,GCM,28.0,3190.0,4076.0,1402.0,2025-01,2025-12
BWI,HAJ,2.0,5.0,21.0,4003.0,2025-01,2025-12
BWI,HHN,0.0,0.0,190.0,3978.0,2025-01,2025-12
BWI,KEF,516.0,71152.0,90520.0,2756.0,2025-01,2025-12
BWI,KIN,0.0,0.0,122.0,1468.0,2025-01,2025-12
BWI,LGW,0.0,0.0,122.0,3643.0,2025-01,2025-12
BWI,LHR,337.0,73079.0,88454.0,3625.0,2025-01,2025-12
BWI,LIN,0.0,1.0,6.0,4198.0,2025-01,2025-12
BWI,LIR,53.0,7754.0,8987.0,2049.0,2025-01,2025-12
BWI,LOS,0.0,2.0,8.0,5396.0,2025-01,2025-12
BWI,LTN,2.0,10.0,21.0,3620.0,2025-01,2025-12
BWI,MBJ,675.0,95448.0,120132.0,1430.0,2025-01,2025-12
BWI,MUC,0.0,118.0,122.0,4210.0,2025-01,2025-12
BWI,NAS,64.0,8039.0,9634.0,978.0,2025-01,2025-12
BWI,NCE,0.0,1.0,7.0,4165.0,2025-01,2025-12
BWI,NKC,0.0,86.0,106.0,3872.0,2025-01,2025-12
BWI,OTP,4.0,980.0,1450.0,4924.0,2025-01,2025-12
BWI,PLS,28.0,3040.0,3983.0,1230.0,2025-01,2025-12
BWI,PRG,1.0,2.0,11.0,4252.0,2025-01,2025-12
BWI,PTY,212.0,29112.0,34924.0,2087.0,2025-01,2025-12
BWI,PUJ,685.0,92644.0,115764.0,1508.0,2025-01,2025-12
BWI,RMS,2.0,148.0,484.0,4006.0,2025-01,2025-12
BWI,RZE,0.0,94.0,123.0,4548.0,2025-01,2025-12
BWI,SJD,10.0,1022.0,1430.0,2228.0,2025-01,2025-12
BWI,SJO,53.0,8222.0,9115.0,2069.0,2025-01,2025-12
BWI,SNN,1.0,3.0,12.0,3256.0,2025-01,2025-12
BWI,SOF,2.0,294.0,488.0,4893.0,2025-01,2025-12
BWI,STI,0.0,80.0,90.0,1413.0,2025-01,2025-12
BWI,STN,2.0,80.0,346.0,3644.0,2025-01,2025-12
BWI,STR,0.0,2.0,6.0,4094.0,2025-01,2025-12
BWI,SXM,1.0,156.0,182.0,1671.0,2025-01,2025-12
BWI,TIA,2.0,80.0,580.0,4789.0,2025-01,2025-12
BWI,VVI,0.0,0.0,175.0,4022.0,2025-01,2025-12
BWI,YAM,0.0,2.0,6.0,642.0,2025-01,2025-12
BWI,YEG,0.0,0.0,175.0,1985.0,2025-01,2025-12
BWI,YHM,2.0,0.0,210.0,324.0,2025-01,2025-12
BWI,YHZ,0.0,2.0,6.0,781.0,2025-01,2025-12
BWI,YUL,0.0,20.0,25.0,460.0,2025-01,2025-12
BWI,YWG,0.0,40.0,60.0,1249.0,2025-01,2025-12
BWI,YYR,0.0,0.0,0.0,1242.0,2025-01,2025-12
BWI,YYT,0.0,2.0,6.0,1328.0,2025-01,2025-12
BWI,YYZ,10.0,208.0,904.0,347.0,2025-01,2025-12
BWI,ZRH,0.0,0.0,6.0,4104.0,2025-01,2025-12
BZN,ARN,0.0,0.0,7.0,4606.0,2025-01,2025-12
BZN,BUD,1.0,4.0,14.0,5333.0,2025-01,2025-12
BZN,DUB,0.0,0.0,6.0,4287.0,2025-01,2025-12
BZN,GCM,0.0,2.0,7.0,2494.0,2025-01,2025-12
BZN,GVA,0.0,4.0,6.0,5026.0,2025-01,2025-12
BZN,LIN,1.0,1.0,12.0,5166.0,2025-01,2025-12
BZN,MXP,1.0,6.0,14.0,5139.0,2025-01,2025-12
BZN,NHT,0.0,0.0,7.0,4556.0,2025-01,2025-12
BZN,PSA,0.0,2.0,7.0,5295.0,2025-01,2025-12
BZN,YVR,1.0,7.0,8.0,608.0,2025-01,2025-12
BZN,YYC,0.0,81.0,95.0,391.0,2025-01,2025-12
BZN,YYZ,2.0,2.0,10.0,1544.0,2025-01,2025-12
CAE,BOG,0.0,98.0,100.0,2069.0,2025-01,2025-12
CAE,BWE,0.0,3.0,6.0,4472.0,2025-01,2025-12
CAE,GIG,0.0,34.0,43.0,4644.0,2025-01,2025-12
CAE,ICN,0.0,137.0,138.0,7194.0,2025-01,2025-12
CAE,MEX,0.0,44.0,50.0,1489.0,2025-01,2025-12
CAE,YYZ,1.0,4.0,10.0,678.0,2025-01,2025-12
CAK,CAT,0.0,1.0,7.0,3715.0,2025-01,2025-12
CAK,GMP,0.0,2.0,7.0,6729.0,2025-01,2025-12
CAK,LBG,0.0,4.0,7.0,3928.0,2025-01,2025-12
CAK,TLV,2.0,12.0,35.0,5969.0,2025-01,2025-12
CAK,YQA,0.0,1.0,4.0,301.0,2025-01,2025-12
CAK,YYZ,1.0,28.0,126.0,212.0,2025-01,2025-12
CEU,YYZ,1.0,0.0,0.0,646.0,2025-01,2025-12
CGF,ELH,0.0,0.0,4.0,1145.0,2025-01,2025-12
CHA,BWE,0.0,2.0,6.0,4572.0,2025-01,2025-12
CHA,MAD,0.0,2.0,8.0,4311.0,2025-01,2025-12
CHA,MEX,0.0,68.0,80.0,1371.0,2025-01,2025-12
CHA,PBC,0.0,4.0,6.0,1361.0,2025-01,2025-12
CHA,SDQ,1.0,168.0,189.0,1491.0,2025-01,2025-12
CHA,SNN,0.0,3.0,6.0,3796.0,2025-01,2025-12
CHA,YQB,0.0,0.0,6.0,1083.0,2025-01,2025-12
CHO,AXA,0.0,3.0,7.0,1661.0,2025-01,2025-12
CHO,PT1,0.0,2.0,6.0,,2025-01,2025-12
CHO,YYZ,0.0,32.0,32.0,387.0,2025-01,2025-12
CHS,ANU,1.0,146.0,160.0,1573.0,2025-01,2025-12
CHS,AUA,0.0,38.0,86.0,1545.0,2025-01,2025-12
CHS,BDA,13.0,247.0,923.0,894.0,2025-01,2025-12
CHS,BMA,0.0,1.0,6.0,4555.0,2025-01,2025-12
CHS,BON,0.0,81.0,90.0,1617.0,2025-01,2025-12
CHS,BRI,0.0,0.0,0.0,5085.0,2025-01,2025-12
CHS,CTG,0.0,72.0,80.0,1578.0,2025-01,2025-12
CHS,CUN,0.0,70.0,90.0,920.0,2025-01,2025-12
CHS,EIS,0.0,4.0,5.0,1385.0,2025-01,2025-12
CHS,ELH,0.0,32.0,34.0,551.0,2025-01,2025-12
CHS,FCO,1.0,276.0,339.0,4858.0,2025-01,2025-12
CHS,GCM,0.0,54.0,90.0,943.0,2025-01,2025-12
CHS,GDL,0.0,0.0,0.0,1666.0,2025-01,2025-12
CHS,GGT,0.0,38.0,38.0,693.0,2025-01,2025-12
CHS,JBQ,0.0,2.0,7.0,1169.0,2025-01,2025-12
CHS,LIR,2.0,239.0,270.0,1580.0,2025-01,2025-12
CHS,LOS,0.0,94.0,111.0,5588.0,2025-01,2025-12
CHS,MAN,0.0,0.0,7.0,3951.0,2025-01,2025-12
CHS,MBJ,2.0,264.0,284.0,1003.0,2025-01,2025-12
CHS,MEX,0.0,73.0,75.0,1498.0,2025-01,2025-12
CHS,MHH,0.0,33.0,38.0,475.0,2025-01,2025-12
CHS,NAS,0.0,27.0,54.0,565.0,2025-01,2025-12
CHS,NCE,0.0,0.0,7.0,4572.0,2025-01,2025-12
CHS,NLU,0.0,0.0,0.0,1481.0,2025-01,2025-12
CHS,ORB,0.0,0.0,0.0,4465.0,2025-01,2025-12
CHS,PRG,1.0,0.0,0.0,4691.0,2025-01,2025-12
CHS,PTY,0.0,74.0,80.0,1647.0,2025-01,2025-12
CHS,PUJ,0.0,92.0,94.0,1226.0,2025-01,2025-12
CHS,SJO,1.0,100.0,106.0,1605.0,2025-01,2025-12
CHS,SKB,0.0,59.0,80.0,1523.0,2025-01,2025-12
CHS,SXM,0.0,64.0,64.0,1469.0,2025-01,2025-12
CHS,TAR,50.0,0.0,0.0,5135.0,2025-01,2025-12
CHS,UVF,2.0,242.0,285.0,1788.0,2025-01,2025-12
CHS,YUL,0.0,60.0,66.0,931.0,2025-01,2025-12
CHS,YYC,0.0,4.0,4.0,2121.0,2025-01,2025-12
CHS,YYZ,74.0,3518.0,5662.0,745.0,2025-01,2025-12
CID,GCM,0.0,6.0,7.0,1675.0,2025-01,2025-12
CID,JBQ,0.0,2.0,7.0,2055.0,2025-01,2025-12
CID,MEX,0.0,70.0,75.0,1610.0,2025-01,2025-12
CID,YHU,0.0,2.0,5.0,945.0,2025-01,2025-12
CID,YUL,1.0,6.0,10.0,929.0,2025-01,2025-12
CKV,YYZ,1.0,4.0,4.0,637.0,2025-01,2025-12
CLD,ADL,1.0,4.0,14.0,8206.0,2025-01,2025-12
CLD,GMP,0.0,2.0,7.0,6049.0,2025-01,2025-12
CLD,HKG,0.0,2.0,7.0,7334.0,2025-01,2025-12
CLD,KIX,0.0,2.0,7.0,5816.0,2025-01,2025-12
CLD,LIR,0.0,4.0,6.0,2544.0,2025-01,2025-12
CLD,YVR,1.0,6.0,11.0,1151.0,2025-01,2025-12
CLD,YYD,0.0,4.0,4.0,1574.0,2025-01,2025-12
CLD,YYZ,0.0,1.0,6.0,2143.0,2025-01,2025-12
CLE,BGI,0.0,2.0,7.0,2376.0,2025-01,2025-12
CLE,CIA,0.0,2.0,7.0,4600.0,2025-01,2025-12
CLE,CUN,334.0,45148.0,72374.0,1438.0,2025-01,2025-12
CLE,DUB,240.0,33814.0,43983.0,3456.0,2025-01,2025-12
CLE,FRA,2.0,237.0,279.0,4130.0,2025-01,2025-12
CLE,GCM,0.0,1.0,7.0,1529.0,2025-01,2025-12
CLE,GUA,0.0,82.0,83.0,1925.0,2025-01,2025-12
CLE,HND,1.0,244.0,276.0,6502.0,2025-01,2025-12
CLE,IST,0.0,140.0,150.0,5266.0,2025-01,2025-12
CLE,KEF,0.0,1.0,6.0,2785.0,2025-01,2025-12
CLE,LHR,0.0,104.0,111.0,3733.0,2025-01,2025-12
CLE,MBJ,0.0,90.0,90.0,1600.0,2025-01,2025-12
CLE,MEX,0.0,70.0,75.0,1825.0,2025-01,2025-12
CLE,NAS,0.0,0.0,7.0,1159.0,2025-01,2025-12
CLE,NCE,2.0,16.0,35.0,4302.0,2025-01,2025-12
CLE,NRN,0.0,4.0,10.0,3985.0,2025-01,2025-12
CLE,ORK,0.0,0.0,10.0,3403.0,2025-01,2025-12
CLE,PLS,0.0,4.0,7.0,1467.0,2025-01,2025-12
CLE,PMO,0.0,2.0,6.0,4769.0,2025-01,2025-12
CLE,PUJ,118.0,17142.0,26982.0,1768.0,2025-01,2025-12
CLE,PVG,0.0,140.0,152.0,7202.0,2025-01,2025-12
CLE,PVR,0.0,90.0,90.0,1980.0,2025-01,2025-12
CLE,STN,1.0,187.0,276.0,3749.0,2025-01,2025-12
CLE,TLV,1.0,10.0,14.0,5963.0,2025-01,2025-12
CLE,UVF,0.0,52.0,63.0,2288.0,2025-01,2025-12
CLE,YKF,1.0,1.0,11.0,160.0,2025-01,2025-12
CLE,YOW,0.0,33.0,38.0,411.0,2025-01,2025-12
CLE,YUL,0.0,34.0,35.0,494.0,2025-01,2025-12
CLE,YYR,0.0,2.0,5.0,1288.0,2025-01,2025-12
CLE,YYZ,416.0,20876.0,32936.0,193.0,2025-01,2025-12
CLL,CUU,0.0,12.0,32.0,591.0,2025-01,2025-12
CLL,MTY,0.0,28.0,38.0,403.0,2025-01,2025-12
CLL,SAP,0.0,81.0,83.0,1174.0,2025-01,2025-12
CLM,YYJ,0.0,0.0,3.0,37.0,2025-01,2025-12
CLT,AGP,0.0,2.0,7.0,4155.0,2025-01,2025-12
CLT,AMS,1.0,0.0,381.0,4174.0,2025-01,2025-12
CLT,ANU,126.0,15816.0,21714.0,1717.0,2025-01,2025-12
CLT,ATH,86.0,21638.0,23384.0,5466.0,2025-01,2025-12
CLT,AUA,657.0,100932.0,113178.0,1712.0,2025-01,2025-12
CLT,BCN,1.0,290.0,310.0,4348.0,2025-01,2025-12
CLT,BDA,336.0,31654.0,43210.0,953.0,2025-01,2025-12
CLT,BGI,244.0,30318.0,41954.0,2032.0,2025-01,2025-12
CLT,BZE,112.0,16916.0,19350.0,1302.0,2025-01,2025-12
CLT,CDG,90.0,21736.0,24344.0,4164.0,2025-01,2025-12
CLT,CIA,2.0,22.0,31.0,4817.0,2025-01,2025-12
CLT,CUN,1392.0,232519.0,264260.0,1043.0,2025-01,2025-12
CLT,CUR,172.0,26021.0,29578.0,1759.0,2025-01,2025-12
CLT,CZM,43.0,5632.0,6644.0,1079.0,2025-01,2025-12
CLT,DIJ,0.0,3.0,10.0,4318.0,2025-01,2025-12
CLT,DUB,210.0,50728.0,57272.0,3712.0,2025-01,2025-12
CLT,EDI,0.0,109.0,117.0,3787.0,2025-01,2025-12
CLT,ELH,181.0,9442.0,11956.0,719.0,2025-01,2025-12
CLT,FCO,208.0,51730.0,56557.0,4801.0,2025-01,2025-12
CLT,FPO,51.0,3446.0,4604.0,613.0,2025-01,2025-12
CLT,FRA,338.0,73139.0,92025.0,4386.0,2025-01,2025-12
CLT,GCM,470.0,60119.0,76290.0,1100.0,2025-01,2025-12
CLT,GDL,136.0,20034.0,24880.0,1695.0,2025-01,2025-12
CLT,GGT,186.0,12294.0,14898.0,860.0,2025-01,2025-12
CLT,GHB,20.0,1024.0,1520.0,739.0,2025-01,2025-12
CLT,GND,42.0,5799.0,7138.0,2002.0,2025-01,2025-12
CLT,GRS,0.0,4.0,7.0,4716.0,2025-01,2025-12
CLT,GRU,0.0,38.0,43.0,4638.0,2025-01,2025-12
CLT,GVA,0.0,4.0,6.0,4390.0,2025-01,2025-12
CLT,KEF,0.0,123.0,136.0,3114.0,2025-01,2025-12
CLT,KIN,3.0,278.0,561.0,1221.0,2025-01,2025-12
CLT,LHR,1050.0,244344.0,296614.0,3983.0,2025-01,2025-12
CLT,LIN,1.0,5.0,14.0,4552.0,2025-01,2025-12
CLT,LIR,268.0,40677.0,46182.0,1726.0,2025-01,2025-12
CLT,MAD,362.0,87816.0,98593.0,4098.0,2025-01,2025-12
CLT,MBJ,1001.0,161309.0,188833.0,1169.0,2025-01,2025-12
CLT,MEX,351.0,48130.0,56533.0,1553.0,2025-01,2025-12
CLT,MGA,0.0,77.0,86.0,1627.0,2025-01,2025-12
CLT,MHH,200.0,11902.0,15200.0,643.0,2025-01,2025-12
CLT,MTY,0.0,36.0,93.0,1311.0,2025-01,2025-12
CLT,MUC,664.0,150114.0,185310.0,4568.0,2025-01,2025-12
CLT,MXP,2.0,277.0,353.0,4522.0,2025-01,2025-12
CLT,NAS,764.0,110466.0,132620.0,733.0,2025-01,2025-12
CLT,NLU,6.0,997.0,1637.0,1534.0,2025-01,2025-12
CLT,PLS,633.0,88441.0,116480.0,1066.0,2025-01,2025-12
CLT,POP,128.0,18026.0,22102.0,1241.0,2025-01,2025-12
CLT,PTY,0.0,78.0,80.0,1809.0,2025-01,2025-12
CLT,PUJ,1116.0,182878.0,209669.0,1384.0,2025-01,2025-12
CLT,QRO,1.0,40.0,142.0,1543.0,2025-01,2025-12
CLT,SDQ,1.0,92.0,188.0,1350.0,2025-01,2025-12
CLT,SGD,1.0,2.0,16.0,4299.0,2025-01,2025-12
CLT,SJD,152.0,21060.0,27686.0,1916.0,2025-01,2025-12
CLT,SJO,296.0,45100.0,50926.0,1755.0,2025-01,2025-12
CLT,SKB,42.0,5475.0,7224.0,1669.0,2025-01,2025-12
CLT,SNN,0.0,128.0,136.0,3614.0,2025-01,2025-12
CLT,SVD,17.0,1937.0,2924.0,1961.0,2025-01,2025-12
CLT,SXM,338.0,39866.0,43982.0,1613.0,2025-01,2025-12
CLT,TER,0.0,124.0,136.0,2939.0,2025-01,2025-12
CLT,TQO,30.0,2788.0,4040.0,1117.0,2025-01,2025-12
CLT,UVF,294.0,44974.0,52420.0,1937.0,2025-01,2025-12
CLT,VCE,1.0,220.0,235.0,4682.0,2025-01,2025-12
CLT,XCM,2.0,2.0,4.0,494.0,2025-01,2025-12
CLT,XCR,0.0,3.0,10.0,4240.0,2025-01,2025-12
CLT,YHU,1.0,22.0,186.0,814.0,2025-01,2025-12
CLT,YHZ,0.0,130.0,136.0,1135.0,2025-01,2025-12
CLT,YKF,2.0,7.0,9.0,571.0,2025-01,2025-12
CLT,YQB,64.0,3934.0,4864.0,941.0,2025-01,2025-12
CLT,YUL,714.0,47112.0,54747.0,803.0,2025-01,2025-12
CLT,YVR,89.0,13868.0,16730.0,2330.0,2025-01,2025-12
CLT,YXX,0.0,30.0,35.0,2291.0,2025-01,2025-12
CLT,YYC,70.0,10251.0,12116.0,1971.0,2025-01,2025-12
CLT,YYG,1.0,4.0,10.0,1201.0,2025-01,2025-12
CLT,YYT,2.0,260.0,277.0,1680.0,2025-01,2025-12
CLT,YYZ,1918.0,122710.0,155696.0,589.0,2025-01,2025-12
CLT,ZRH,0.0,82.0,108.0,4460.0,2025-01,2025-12
CMH,BJX,0.0,26.0,93.0,1710.0,2025-01,2025-12
CMH,CUN,69.0,9774.0,12224.0,1331.0,2025-01,2025-12
CMH,EDI,0.0,4.0,7.0,3618.0,2025-01,2025-12
CMH,IQT,0.0,1.0,7.0,3086.0,2025-01,2025-12
CMH,KEF,0.0,1.0,4.0,2896.0,2025-01,2025-12
CMH,NAS,1.0,45.0,124.0,1080.0,2025-01,2025-12
CMH,OLB,0.0,5.0,7.0,4605.0,2025-01,2025-12
CMH,PIK,0.0,4.0,7.0,3583.0,2025-01,2025-12
CMH,YHU,2.0,64.0,163.0,613.0,2025-01,2025-12
CMH,YOW,2.0,98.0,237.0,519.0,2025-01,2025-12
CMH,YUL,5.0,120.0,523.0,598.0,2025-01,2025-12
CMH,YVR,1.0,42.0,186.0,2054.0,2025-01,2025-12
CMH,YWG,0.0,22.0,35.0,977.0,2025-01,2025-12
CMH,YYZ,332.0,19337.0,28133.0,305.0,2025-01,2025-12
CNY,PSA,0.0,1.0,8.0,5626.0,2025-01,2025-12
COE,BCN,0.0,0.0,7.0,5240.0,2025-01,2025-12
COE,BYJ,0.0,4.0,7.0,5072.0,2025-01,2025-12
COE,GLA,0.0,4.0,7.0,4284.0,2025-01,2025-12
COE,YBL,0.0,0.0,3.0,412.0,2025-01,2025-12
COS,CUN,14.0,952.0,2100.0,1620.0,2025-01,2025-12
COS,FRA,0.0,138.0,140.0,5084.0,2025-01,2025-12
COS,LHR,0.0,78.0,128.0,4714.0,2025-01,2025-12
COS,MUC,0.0,68.0,128.0,5270.0,2025-01,2025-12
COS,PVR,2.0,202.0,238.0,1253.0,2025-01,2025-12
COS,RTB,0.0,38.0,83.0,1903.0,2025-01,2025-12
COS,SJD,1.0,141.0,143.0,1121.0,2025-01,2025-12
COS,SJO,0.0,76.0,88.0,2359.0,2025-01,2025-12
COS,YQR,2.0,0.0,100.0,803.0,2025-01,2025-12
COS,YYC,1.0,162.0,166.0,963.0,2025-01,2025-12
COS,YYT,0.0,1.0,5.0,2634.0,2025-01,2025-12
COS,YYZ,1.0,138.0,150.0,1340.0,2025-01,2025-12
COS,ZRH,0.0,3.0,7.0,5203.0,2025-01,2025-12
COU,KIN,0.0,29.0,93.0,1715.0,2025-01,2025-12
COU,LIL,0.0,2.0,7.0,4423.0,2025-01,2025-12
COU,MAD,1.0,4.0,12.0,4498.0,2025-01,2025-12
COU,OLB,0.0,0.0,8.0,5051.0,2025-01,2025-12
CPR,CGN,0.0,1.0,7.0,4833.0,2025-01,2025-12
CPR,GMP,0.0,2.0,7.0,5951.0,2025-01,2025-12
CPR,LBG,0.0,1.0,8.0,4770.0,2025-01,2025-12
CPR,PSA,0.0,2.0,8.0,5296.0,2025-01,2025-12
CPR,VLC,0.0,4.0,5.0,5106.0,2025-01,2025-12
CPR,YHM,0.0,0.0,6.0,1334.0,2025-01,2025-12
CPR,YWG,0.0,0.0,35.0,653.0,2025-01,2025-12
CPR,YYZ,0.0,3.0,6.0,1345.0,2025-01,2025-12
CPR,ZRH,0.0,1.0,7.0,5044.0,2025-01,2025-12
CPS,YEG,0.0,26.0,35.0,1505.0,2025-01,2025-12
CPS,YOW,1.0,46.0,70.0,877.0,2025-01,2025-12
CPS,YUL,1.0,26.0,50.0,965.0,2025-01,2025-12
CPS,YVR,2.0,70.0,149.0,1783.0,2025-01,2025-12
CPS,YWG,4.0,184.0,338.0,857.0,2025-01,2025-12
CPS,YYC,0.0,26.0,35.0,1444.0,2025-01,2025-12
CPS,YYZ,0.0,0.0,36.0,651.0,2025-01,2025-12
CPX,EIS,1.0,4.0,4.0,51.0,2025-01,2025-12
CRG,NAS,0.0,2.0,4.0,442.0,2025-01,2025-12
CRG,TCB,0.0,4.0,4.0,352.0,2025-01,2025-12
CRP,AGU,0.0,34.0,38.0,517.0,2025-01,2025-12
CRP,BJX,1.0,62.0,101.0,531.0,2025-01,2025-12
CRP,BOG,0.0,72.0,83.0,2213.0,2025-01,2025-12
CRP,GDL,0.0,60.0,63.0,620.0,2025-01,2025-12
CRP,MID,0.0,88.0,90.0,684.0,2025-01,2025-12
CRP,MTY,1.0,0.0,76.0,212.0,2025-01,2025-12
CRP,OAX,1.0,72.0,76.0,746.0,2025-01,2025-12
CRP,PVR,0.0,50.0,75.0,691.0,2025-01,2025-12
CRP,SAP,0.0,74.0,83.0,1049.0,2025-01,2025-12
CRP,SJD,0.0,71.0,75.0,826.0,2025-01,2025-12
CRP,SJO,0.0,66.0,83.0,1502.0,2025-01,2025-12
CRP,YVR,0.0,72.0,75.0,2011.0,2025-01,2025-12
CSG,TAP,0.0,88.0,90.0,1311.0,2025-01,2025-12
CSG,VSA,0.0,64.0,87.0,1117.0,2025-01,2025-12
CVG,AMS,0.0,0.0,0.0,4131.0,2025-01,2025-12
CVG,BAH,44.0,0.0,0.0,7081.0,2025-01,2025-12
CVG,BRU,179.0,0.0,0.0,4163.0,2025-01,2025-12
CVG,CDG,197.0,43728.0,55473.0,4145.0,2025-01,2025-12
CVG,CGN,0.0,0.0,0.0,4267.0,2025-01,2025-12
CVG,CUN,173.0,22000.0,34493.0,1251.0,2025-01,2025-12
CVG,EIN,1.0,0.0,0.0,4181.0,2025-01,2025-12
CVG,EMA,48.0,0.0,0.0,3882.0,2025-01,2025-12
CVG,FRA,2.0,0.0,0.0,4350.0,2025-01,2025-12
CVG,GDL,28.0,0.0,0.0,1692.0,2025-01,2025-12
CVG,HKG,56.0,0.0,0.0,8030.0,2025-01,2025-12
CVG,ICN,204.0,0.0,12.0,6792.0,2025-01,2025-12
CVG,KEF,1.0,6.0,8.0,3003.0,2025-01,2025-12
CVG,KIN,6.0,0.0,0.0,1534.0,2025-01,2025-12
CVG,LEJ,371.0,0.0,0.0,4440.0,2025-01,2025-12
CVG,LGG,1.0,0.0,0.0,4209.0,2025-01,2025-12
CVG,LHR,236.0,41503.0,49611.0,3952.0,2025-01,2025-12
CVG,LTN,0.0,1.0,6.0,3945.0,2025-01,2025-12
CVG,LUZ,2.0,0.0,0.0,4820.0,2025-01,2025-12
CVG,MBJ,8.0,938.0,1440.0,1476.0,2025-01,2025-12
CVG,MDE,1.0,0.0,0.0,2344.0,2025-01,2025-12
CVG,MRS,0.0,1.0,6.0,4440.0,2025-01,2025-12
CVG,MTY,24.0,81.0,276.0,1282.0,2025-01,2025-12
CVG,MXP,2.0,5.0,14.0,4511.0,2025-01,2025-12
CVG,NAS,0.0,0.0,0.0,1055.0,2025-01,2025-12
CVG,NCE,0.0,1.0,7.0,4518.0,2025-01,2025-12
CVG,NGO,194.0,0.0,0.0,6684.0,2025-01,2025-12
CVG,NHT,0.0,1.0,7.0,3952.0,2025-01,2025-12
CVG,NLU,34.0,0.0,0.0,1584.0,2025-01,2025-12
CVG,NRT,222.0,0.0,0.0,6523.0,2025-01,2025-12
CVG,PTY,0.0,0.0,0.0,2097.0,2025-01,2025-12
CVG,PUJ,72.0,9114.0,13115.0,1719.0,2025-01,2025-12
CVG,QRO,21.0,0.0,0.0,1572.0,2025-01,2025-12
CVG,RAK,0.0,2.0,94.0,4223.0,2025-01,2025-12
CVG,RLG,0.0,0.0,0.0,4354.0,2025-01,2025-12
CVG,SJD,0.0,0.0,0.0,1834.0,2025-01,2025-12
CVG,SJO,110.0,0.0,0.0,2008.0,2025-01,2025-12
CVG,SLP,0.0,0.0,93.0,1505.0,2025-01,2025-12
CVG,SVG,0.0,0.0,0.0,3974.0,2025-01,2025-12
CVG,TLS,0.0,1.0,7.0,4265.0,2025-01,2025-12
CVG,TLV,0.0,0.0,123.0,6182.0,2025-01,2025-12
CVG,TRC,0.0,28.0,93.0,1432.0,2025-01,2025-12
CVG,XPL,0.0,27.0,34.0,1714.0,2025-01,2025-12
CVG,YHM,54.0,0.0,0.0,377.0,2025-01,2025-12
CVG,YMX,33.0,0.0,0.0,709.0,2025-01,2025-12
CVG,YUL,131.0,6367.0,10201.0,712.0,2025-01,2025-12
CVG,YVR,23.0,0.0,0.0,2009.0,2025-01,2025-12
CVG,YWG,12.0,0.0,0.0,971.0,2025-01,2025-12
CVG,YYC,22.0,0.0,0.0,1641.0,2025-01,2025-12
CVG,YYZ,422.0,22110.0,32190.0,413.0,2025-01,2025-12
CWA,YYZ,0.0,38.0,38.0,503.0,2025-01,2025-12
CYS,YEG,0.0,2.0,5.0,933.0,2025-01,2025-12
DAB,CIA,0.0,5.0,7.0,5081.0,2025-01,2025-12
DAB,FPO,2.0,10.0,12.0,232.0,2025-01,2025-12
DAB,LIN,0.0,2.0,7.0,4829.0,2025-01,2025-12
DAB,MBJ,0.0,63.0,75.0,764.0,2025-01,2025-12
DAB,MHH,1.0,6.0,8.0,305.0,2025-01,2025-12
DAB,NCE,0.0,2.0,8.0,4779.0,2025-01,2025-12
DAB,YQX,0.0,3.0,4.0,1952.0,2025-01,2025-12
DAL,AGP,0.0,1.0,7.0,5027.0,2025-01,2025-12
DAL,AMS,0.0,1.0,7.0,4905.0,2025-01,2025-12
DAL,ANU,0.0,0.0,7.0,2433.0,2025-01,2025-12
DAL,BHX,0.0,1.0,6.0,4656.0,2025-01,2025-12
DAL,BQH,0.0,3.0,8.0,4758.0,2025-01,2025-12
DAL,CFR,0.0,2.0,7.0,4806.0,2025-01,2025-12
DAL,CIA,0.0,1.0,7.0,5610.0,2025-01,2025-12
DAL,CSL,118.0,2583.0,3525.0,,2025-01,2025-12
DAL,CUN,0.0,2.0,7.0,1020.0,2025-01,2025-12
DAL,FLR,0.0,2.0,7.0,5471.0,2025-01,2025-12
DAL,GUA,4.0,416.0,610.0,1323.0,2025-01,2025-12
DAL,GVA,1.0,4.0,13.0,5171.0,2025-01,2025-12
DAL,HND,0.0,2.0,7.0,6459.0,2025-01,2025-12
DAL,ICN,0.0,2.0,7.0,6836.0,2025-01,2025-12
DAL,KIR,0.0,2.0,8.0,4360.0,2025-01,2025-12
DAL,LBA,0.0,1.0,7.0,4618.0,2025-01,2025-12
DAL,LBG,1.0,4.0,14.0,4929.0,2025-01,2025-12
DAL,LIN,0.0,1.0,7.0,5329.0,2025-01,2025-12
DAL,LTN,2.0,6.0,22.0,4726.0,2025-01,2025-12
DAL,NAS,1.0,10.0,13.0,1287.0,2025-01,2025-12
DAL,NBW,0.0,18.0,90.0,1605.0,2025-01,2025-12
DAL,ORK,0.0,2.0,7.0,4409.0,2025-01,2025-12
DAL,PMI,2.0,6.0,22.0,5269.0,2025-01,2025-12
DAL,PRG,2.0,6.0,20.0,5332.0,2025-01,2025-12
DAL,QRO,1.0,9.0,14.0,869.0,2025-01,2025-12
DAL,SAP,6.0,954.0,1182.0,1325.0,2025-01,2025-12
DAL,SJD,1.0,68.0,78.0,1031.0,2025-01,2025-12
DAL,SXM,0.0,4.0,8.0,2326.0,2025-01,2025-12
DAL,TAP,0.0,74.0,80.0,1278.0,2025-01,2025-12
DAL,VIE,2.0,4.0,29.0,5499.0,2025-01,2025-12
DAL,YEG,4.0,259.0,315.0,1638.0,2025-01,2025-12
DAL,YHU,0.0,4.0,6.0,1521.0,2025-01,2025-12
DAL,YOW,0.0,25.0,35.0,1419.0,2025-01,2025-12
DAL,YQA,0.0,2.0,4.0,1257.0,2025-01,2025-12
DAL,YUL,2.0,76.0,151.0,1505.0,2025-01,2025-12
DAL,YVR,4.0,216.0,547.0,1762.0,2025-01,2025-12
DAL,YWG,6.0,342.0,420.0,1179.0,2025-01,2025-12
DAL,YYC,2.0,56.0,87.0,1532.0,2025-01,2025-12
DAL,YYZ,5.0,222.0,411.0,1193.0,2025-01,2025-12
DAL,ZRH,0.0,1.0,6.0,5223.0,2025-01,2025-12
DAY,STN,1.0,1.0,14.0,3911.0,2025-01,2025-12
DAY,YHM,0.0,4.0,4.0,317.0,2025-01,2025-12
DAY,YYZ,2.0,17.0,27.0,352.0,2025-01,2025-12
DCA,BDA,60.0,4490.0,7744.0,825.0,2025-01,2025-12
DCA,NAS,302.0,33427.0,38656.0,955.0,2025-01,2025-12
DCA,YHZ,70.0,6294.0,8428.0,810.0,2025-01,2025-12
DCA,YOW,254.0,12358.0,19304.0,453.0,2025-01,2025-12
DCA,YUL,818.0,44403.0,62168.0,487.0,2025-01,2025-12
DCA,YYZ,1724.0,98476.0,126028.0,359.0,2025-01,2025-12
DEN,ACA,0.0,82.0,90.0,1623.0,2025-01,2025-12
DEN,BJX,0.0,0.0,38.0,1317.0,2025-01,2025-12
DEN,BZE,102.0,14118.0,16242.0,1827.0,2025-01,2025-12
DEN,CDG,130.0,29700.0,38618.0,4868.0,2025-01,2025-12
DEN,CIA,0.0,0.0,7.0,5562.0,2025-01,2025-12
DEN,CIW,0.0,2.0,7.0,3228.0,2025-01,2025-12
DEN,CPH,0.0,2.0,7.0,4887.0,2025-01,2025-12
DEN,CUN,1552.0,267023.0,306198.0,1671.0,2025-01,2025-12
DEN,CUU,170.0,20678.0,30820.0,774.0,2025-01,2025-12
DEN,CZM,47.0,6246.0,7822.0,1699.0,2025-01,2025-12
DEN,DUB,167.0,29602.0,46303.0,4380.0,2025-01,2025-12
DEN,FCO,146.0,32888.0,37394.0,5550.0,2025-01,2025-12
DEN,FRA,673.0,162848.0,182354.0,5026.0,2025-01,2025-12
DEN,GCM,34.0,3422.0,5440.0,1983.0,2025-01,2025-12
DEN,GDL,422.0,56700.0,77920.0,1338.0,2025-01,2025-12
DEN,IST,210.0,53006.0,68172.0,6114.0,2025-01,2025-12
DEN,KEF,395.0,60220.0,71398.0,3559.0,2025-01,2025-12
DEN,LHR,916.0,201760.0,256188.0,4658.0,2025-01,2025-12
DEN,LIN,0.0,0.0,7.0,5267.0,2025-01,2025-12
DEN,LIR,348.0,50534.0,59302.0,2337.0,2025-01,2025-12
DEN,MAD,0.0,1.0,8.0,4997.0,2025-01,2025-12
DEN,MAN,1.0,8.0,14.0,4521.0,2025-01,2025-12
DEN,MBJ,38.0,5166.0,6477.0,2171.0,2025-01,2025-12
DEN,MEX,858.0,118711.0,162941.0,1450.0,2025-01,2025-12
DEN,MGA,0.0,68.0,83.0,2223.0,2025-01,2025-12
DEN,MTY,208.0,25014.0,39500.0,1008.0,2025-01,2025-12
DEN,MUC,610.0,163511.0,204212.0,5211.0,2025-01,2025-12
DEN,NAS,42.0,5530.0,7078.0,1876.0,2025-01,2025-12
DEN,NLD,0.0,90.0,115.0,906.0,2025-01,2025-12
DEN,NLU,0.0,23.0,93.0,1430.0,2025-01,2025-12
DEN,NRT,363.0,84352.0,93322.0,5774.0,2025-01,2025-12
DEN,PRG,0.0,1.0,6.0,5204.0,2025-01,2025-12
DEN,PTY,294.0,41730.0,48225.0,2636.0,2025-01,2025-12
DEN,PUJ,67.0,8822.0,11993.0,2610.0,2025-01,2025-12
DEN,PVR,844.0,111708.0,137810.0,1326.0,2025-01,2025-12
DEN,QRO,1.0,55.0,186.0,1356.0,2025-01,2025-12
DEN,RKE,0.0,2.0,6.0,4874.0,2025-01,2025-12
DEN,RTB,34.0,4189.0,5740.0,1959.0,2025-01,2025-12
DEN,SCL,1.0,0.0,0.0,5505.0,2025-01,2025-12
DEN,SJD,1076.0,134218.0,176880.0,1192.0,2025-01,2025-12
DEN,SJO,139.0,20886.0,23410.0,2416.0,2025-01,2025-12
DEN,STN,0.0,0.0,94.0,4665.0,2025-01,2025-12
DEN,YEG,730.0,95149.0,112104.0,1019.0,2025-01,2025-12
DEN,YHU,0.0,24.0,35.0,1624.0,2025-01,2025-12
DEN,YHZ,0.0,112.0,128.0,2107.0,2025-01,2025-12
DEN,YLW,0.0,6.0,6.0,999.0,2025-01,2025-12
DEN,YMX,1.0,0.0,70.0,1594.0,2025-01,2025-12
DEN,YQR,237.0,8425.0,11870.0,730.0,2025-01,2025-12
DEN,YSJ,0.0,0.0,6.0,1989.0,2025-01,2025-12
DEN,YUL,520.0,50016.0,67106.0,1608.0,2025-01,2025-12
DEN,YVR,1796.0,215300.0,264480.0,1112.0,2025-01,2025-12
DEN,YWG,369.0,22106.0,27096.0,783.0,2025-01,2025-12
DEN,YXX,0.0,30.0,73.0,1074.0,2025-01,2025-12
DEN,YYC,987.0,140079.0,163120.0,898.0,2025-01,2025-12
DEN,YYR,0.0,1.0,5.0,2252.0,2025-01,2025-12
DEN,YYZ,1244.0,140397.0,169110.0,1312.0,2025-01,2025-12
DEN,ZIH,0.0,0.0,38.0,1550.0,2025-01,2025-12
DEN,ZRH,64.0,12980.0,19789.0,5146.0,2025-01,2025-12
DET,NCE,0.0,2.0,6.0,4311.0,2025-01,2025-12
DET,YUL,0.0,7.0,8.0,507.0,2025-01,2025-12
DET,YYZ,6.0,9.0,76.0,192.0,2025-01,2025-12
DFW,ACA,65.0,3827.0,4952.0,1128.0,2025-01,2025-12
DFW,AGU,707.0,38705.0,49189.0,838.0,2025-01,2025-12
DFW,AKL,135.0,29645.0,38268.0,7448.0,2025-01,2025-12
DFW,AMS,137.0,26698.0,32206.0,4909.0,2025-01,2025-12
DFW,AUA,38.0,6476.0,7269.0,2213.0,2025-01,2025-12
DFW,BCN,208.0,49397.0,54984.0,5183.0,2025-01,2025-12
DFW,BHX,0.0,0.0,0.0,4661.0,2025-01,2025-12
DFW,BJX,1135.0,134938.0,179730.0,867.0,2025-01,2025-12
DFW,BNE,139.0,28053.0,37229.0,8305.0,2025-01,2025-12
DFW,BOG,482.0,64068.0,82425.0,2444.0,2025-01,2025-12
DFW,BRU,40.0,0.0,0.0,4947.0,2025-01,2025-12
DFW,BSB,0.0,130.0,142.0,4675.0,2025-01,2025-12
DFW,BZE,361.0,56070.0,62058.0,1192.0,2025-01,2025-12
DFW,CAN,0.0,0.0,0.0,8064.0,2025-01,2025-12
DFW,CDG,627.0,152301.0,173404.0,4937.0,2025-01,2025-12
DFW,CTS,1.0,0.0,0.0,6025.0,2025-01,2025-12
DFW,CUN,3444.0,542612.0,640012.0,1030.0,2025-01,2025-12
DFW,CUU,1038.0,53634.0,71230.0,603.0,2025-01,2025-12
DFW,CZM,388.0,55228.0,64412.0,1058.0,2025-01,2025-12
DFW,DGO,365.0,34662.0,43444.0,757.0,2025-01,2025-12
DFW,DOH,723.0,216860.0,229204.0,7919.0,2025-01,2025-12
DFW,DUB,251.0,58192.0,66681.0,4461.0,2025-01,2025-12
DFW,DXB,334.0,92096.0,118236.0,8028.0,2025-01,2025-12
DFW,EZE,152.0,34090.0,39718.0,5303.0,2025-01,2025-12
DFW,FCO,277.0,67924.0,73626.0,5601.0,2025-01,2025-12
DFW,FRA,712.0,133956.0,164496.0,5131.0,2025-01,2025-12
DFW,GCM,172.0,24910.0,30064.0,1350.0,2025-01,2025-12
DFW,GDL,1668.0,202034.0,263734.0,938.0,2025-01,2025-12
DFW,GEO,0.0,0.0,0.0,3083.0,2025-01,2025-12
DFW,GIG,76.0,15277.0,17847.0,5232.0,2025-01,2025-12
DFW,GRU,368.0,90806.0,103756.0,5122.0,2025-01,2025-12
DFW,GUA,538.0,82476.0,92478.0,1330.0,2025-01,2025-12
DFW,HEL,345.0,75042.0,104586.0,5212.0,2025-01,2025-12
DFW,HHN,2.0,0.0,0.0,5086.0,2025-01,2025-12
DFW,HKG,175.0,51386.0,57281.0,8111.0,2025-01,2025-12
DFW,HND,688.0,150005.0,168632.0,6448.0,2025-01,2025-12
DFW,HUX,167.0,11339.0,13108.0,1184.0,2025-01,2025-12
DFW,ICN,764.0,170876.0,197741.0,6827.0,2025-01,2025-12
DFW,IST,483.0,121399.0,146364.0,6260.0,2025-01,2025-12
DFW,JED,0.0,0.0,0.0,7687.0,2025-01,2025-12
DFW,KIN,2.0,186.0,344.0,1627.0,2025-01,2025-12
DFW,KIX,0.0,2.0,7.0,6681.0,2025-01,2025-12
DFW,LEJ,0.0,0.0,0.0,5211.0,2025-01,2025-12
DFW,LGG,0.0,0.0,0.0,4992.0,2025-01,2025-12
DFW,LHR,1686.0,412222.0,510920.0,4739.0,2025-01,2025-12
DFW,LIM,40.0,0.0,16.0,3370.0,2025-01,2025-12
DFW,LIR,432.0,65090.0,75574.0,1705.0,2025-01,2025-12
DFW,LTO,40.0,2439.0,3040.0,983.0,2025-01,2025-12
DFW,LUX,56.0,0.0,0.0,5057.0,2025-01,2025-12
DFW,MAD,638.0,156591.0,181968.0,4954.0,2025-01,2025-12
DFW,MAN,0.0,0.0,0.0,4615.0,2025-01,2025-12
DFW,MAO,0.0,140.0,142.0,3464.0,2025-01,2025-12
DFW,MBJ,322.0,48766.0,55522.0,1546.0,2025-01,2025-12
DFW,MCA,0.0,0.0,6.0,5758.0,2025-01,2025-12
DFW,MEL,200.0,37786.0,46012.0,8995.0,2025-01,2025-12
DFW,MEX,2280.0,317522.0,392386.0,939.0,2025-01,2025-12
DFW,MGA,3.0,455.0,522.0,1590.0,2025-01,2025-12
DFW,MID,274.0,24858.0,31180.0,943.0,2025-01,2025-12
DFW,MLM,482.0,52934.0,71420.0,934.0,2025-01,2025-12
DFW,MTY,2442.0,203870.0,269956.0,525.0,2025-01,2025-12
DFW,MUC,0.0,134.0,138.0,5317.0,2025-01,2025-12
DFW,MZT,202.0,19676.0,23485.0,876.0,2025-01,2025-12
DFW,NAN,132.0,28230.0,44088.0,6628.0,2025-01,2025-12
DFW,NAS,269.0,39002.0,46130.0,1299.0,2025-01,2025-12
DFW,NLD,0.0,76.0,90.0,406.0,2025-01,2025-12
DFW,NLU,51.0,0.0,0.0,917.0,2025-01,2025-12
DFW,NRT,462.0,81177.0,96088.0,6414.0,2025-01,2025-12
DFW,OAX,431.0,53332.0,60440.0,1099.0,2025-01,2025-12
DFW,OOL,0.0,111.0,122.0,8305.0,2025-01,2025-12
DFW,PLS,111.0,15092.0,19013.0,1697.0,2025-01,2025-12
DFW,POA,0.0,0.0,0.0,5280.0,2025-01,2025-12
DFW,POP,0.0,56.0,86.0,1866.0,2025-01,2025-12
DFW,POS,0.0,0.0,0.0,2739.0,2025-01,2025-12
DFW,PTY,0.0,51.0,90.0,1995.0,2025-01,2025-12
DFW,PUJ,362.0,57268.0,66493.0,2031.0,2025-01,2025-12
DFW,PVG,358.0,80080.0,95384.0,7337.0,2025-01,2025-12
DFW,PVR,1121.0,170048.0,200841.0,984.0,2025-01,2025-12
DFW,PXM,9.0,506.0,684.0,1176.0,2025-01,2025-12
DFW,QRO,1081.0,136163.0,173897.0,870.0,2025-01,2025-12
DFW,RTB,82.0,11781.0,14168.0,1320.0,2025-01,2025-12
DFW,RZE,0.0,0.0,0.0,5602.0,2025-01,2025-12
DFW,SAL,820.0,115500.0,144812.0,1435.0,2025-01,2025-12
DFW,SAP,0.0,58.0,88.0,1334.0,2025-01,2025-12
DFW,SCL,144.0,28516.0,35985.0,4888.0,2025-01,2025-12
DFW,SDQ,0.0,2.0,6.0,1967.0,2025-01,2025-12
DFW,SJD,1618.0,243834.0,303704.0,1024.0,2025-01,2025-12
DFW,SJK,0.0,0.0,0.0,5138.0,2025-01,2025-12
DFW,SJO,618.0,93448.0,106382.0,1781.0,2025-01,2025-12
DFW,SLP,770.0,74362.0,105324.0,772.0,2025-01,2025-12
DFW,SYD,348.0,78256.0,94954.0,8580.0,2025-01,2025-12
DFW,TAM,297.0,13848.0,20141.0,734.0,2025-01,2025-12
DFW,TPE,58.0,11204.0,15559.0,7706.0,2025-01,2025-12
DFW,TQO,357.0,46632.0,61404.0,1052.0,2025-01,2025-12
DFW,TRC,724.0,39926.0,53251.0,635.0,2025-01,2025-12
DFW,UIO,2.0,0.0,0.0,2585.0,2025-01,2025-12
DFW,VCE,87.0,19272.0,22753.0,5453.0,2025-01,2025-12
DFW,VCP,3.0,0.0,0.0,5072.0,2025-01,2025-12
DFW,VER,361.0,20413.0,27363.0,952.0,2025-01,2025-12
DFW,VRN,0.0,0.0,7.0,5400.0,2025-01,2025-12
DFW,XPL,110.0,13910.0,19006.0,1410.0,2025-01,2025-12
DFW,YQB,13.0,661.0,988.0,1653.0,2025-01,2025-12
DFW,YTM,0.0,5.0,6.0,1499.0,2025-01,2025-12
DFW,YUL,588.0,56322.0,72014.0,1511.0,2025-01,2025-12
DFW,YVR,852.0,128774.0,150643.0,1752.0,2025-01,2025-12
DFW,YYC,684.0,100565.0,116093.0,1523.0,2025-01,2025-12
DFW,YYR,0.0,128.0,152.0,2284.0,2025-01,2025-12
DFW,YYT,0.0,136.0,136.0,2505.0,2025-01,2025-12
DFW,YYZ,1814.0,188512.0,239842.0,1198.0,2025-01,2025-12
DFW,ZCL,331.0,18485.0,24991.0,772.0,2025-01,2025-12
DFW,ZIH,145.0,10220.0,12148.0,1092.0,2025-01,2025-12
DFW,ZLO,32.0,2040.0,2470.0,1058.0,2025-01,2025-12
DLH,BQH,0.0,4.0,7.0,3899.0,2025-01,2025-12
DLH,FAB,0.0,0.0,8.0,3873.0,2025-01,2025-12
DLH,JMK,0.0,0.0,8.0,5453.0,2025-01,2025-12
DLH,MUC,0.0,0.0,7.0,4436.0,2025-01,2025-12
DLH,NBO,0.0,4.0,7.0,8059.0,2025-01,2025-12
DLH,NCE,0.0,0.0,8.0,4491.0,2025-01,2025-12
DLH,TLN,1.0,4.0,14.0,4477.0,2025-01,2025-12
DOV,LUZ,0.0,0.0,0.0,4489.0,2025-01,2025-12
DOV,MAD,0.0,0.0,0.0,3705.0,2025-01,2025-12
DOV,ORB,2.0,0.0,0.0,3966.0,2025-01,2025-12
DOV,PLA,1.0,0.0,0.0,2483.0,2025-01,2025-12
DOV,RMS,9.0,0.0,4.0,3959.0,2025-01,2025-12
DOV,TAR,0.0,0.0,0.0,4673.0,2025-01,2025-12
DOV,TER,8.0,0.0,4.0,2568.0,2025-01,2025-12
DOV,ZAZ,0.0,0.0,0.0,3793.0,2025-01,2025-12
DPA,ANG,0.0,7.0,7.0,4181.0,2025-01,2025-12
DPA,BHX,0.0,2.0,7.0,3878.0,2025-01,2025-12
DPA,CUN,1.0,6.0,12.0,1444.0,2025-01,2025-12
DPA,FAO,1.0,2.0,14.0,4134.0,2025-01,2025-12
DPA,FLR,0.0,2.0,8.0,4700.0,2025-01,2025-12
DPA,GIG,0.0,1.0,7.0,5315.0,2025-01,2025-12
DPA,GOA,0.0,4.0,7.0,4581.0,2025-01,2025-12
DPA,LGG,1.0,3.0,14.0,4209.0,2025-01,2025-12
DPA,NAS,0.0,6.0,7.0,1318.0,2025-01,2025-12
DPA,POA,0.0,1.0,7.0,5501.0,2025-01,2025-12
DPA,PSA,0.0,4.0,7.0,4673.0,2025-01,2025-12
DPA,YOW,0.0,0.0,4.0,671.0,2025-01,2025-12
DPA,YYZ,0.0,1.0,4.0,454.0,2025-01,2025-12
DRT,GDL,0.0,0.0,0.0,629.0,2025-01,2025-12
DSM,MBJ,0.0,87.0,93.0,1842.0,2025-01,2025-12
DSM,PUJ,0.0,70.0,93.0,2176.0,2025-01,2025-12
DSM,YVR,1.0,169.0,170.0,1516.0,2025-01,2025-12
DSM,YWG,0.0,0.0,93.0,604.0,2025-01,2025-12
DSM,YYC,0.0,24.0,63.0,1169.0,2025-01,2025-12
DSM,YYZ,0.0,49.0,98.0,728.0,2025-01,2025-12
DTW,AMM,164.0,37685.0,43592.0,6042.0,2025-01,2025-12
DTW,AMS,1040.0,254980.0,296779.0,3929.0,2025-01,2025-12
DTW,ATH,0.0,117.0,117.0,5262.0,2025-01,2025-12
DTW,BCN,0.0,106.0,122.0,4201.0,2025-01,2025-12
DTW,CDG,770.0,197951.0,227872.0,3952.0,2025-01,2025-12
DTW,CUN,1044.0,170792.0,197236.0,1477.0,2025-01,2025-12
DTW,DUB,86.0,16499.0,19373.0,3478.0,2025-01,2025-12
DTW,FCO,207.0,50821.0,58137.0,4615.0,2025-01,2025-12
DTW,FRA,638.0,128288.0,163090.0,4150.0,2025-01,2025-12
DTW,GCM,2.0,224.0,320.0,1588.0,2025-01,2025-12
DTW,HND,360.0,91064.0,108808.0,6413.0,2025-01,2025-12
DTW,IBZ,0.0,2.0,7.0,4260.0,2025-01,2025-12
DTW,ICN,360.0,87143.0,100128.0,6620.0,2025-01,2025-12
DTW,IST,354.0,90462.0,108642.0,5284.0,2025-01,2025-12
DTW,KEF,286.0,36738.0,51920.0,2785.0,2025-01,2025-12
DTW,LHR,362.0,72756.0,84874.0,3756.0,2025-01,2025-12
DTW,LIR,2.0,256.0,360.0,2189.0,2025-01,2025-12
DTW,MBJ,133.0,19554.0,24080.0,1669.0,2025-01,2025-12
DTW,MEX,367.0,40982.0,48446.0,1822.0,2025-01,2025-12
DTW,MTY,320.0,20210.0,31657.0,1481.0,2025-01,2025-12
DTW,MUC,172.0,30250.0,39900.0,4335.0,2025-01,2025-12
DTW,NAS,27.0,3041.0,3588.0,1233.0,2025-01,2025-12
DTW,NCE,0.0,2.0,6.0,4333.0,2025-01,2025-12
DTW,NLU,0.0,34.0,36.0,1802.0,2025-01,2025-12
DTW,OSL,0.0,2.0,7.0,3892.0,2025-01,2025-12
DTW,PLS,18.0,2441.0,3068.0,1551.0,2025-01,2025-12
DTW,PUJ,242.0,35330.0,43465.0,1856.0,2025-01,2025-12
DTW,PVG,357.0,84330.0,107998.0,7122.0,2025-01,2025-12
DTW,PVR,112.0,16302.0,20786.0,1958.0,2025-01,2025-12
DTW,QRO,246.0,15662.0,24255.0,1785.0,2025-01,2025-12
DTW,SCL,0.0,2.0,7.0,5284.0,2025-01,2025-12
DTW,SJD,134.0,19511.0,23706.0,2006.0,2025-01,2025-12
DTW,STI,0.0,88.0,90.0,1744.0,2025-01,2025-12
DTW,TQO,14.0,1385.0,1846.0,1544.0,2025-01,2025-12
DTW,TRN,0.0,0.0,7.0,4292.0,2025-01,2025-12
DTW,YFC,0.0,0.0,97.0,871.0,2025-01,2025-12
DTW,YHM,1.0,0.0,0.0,186.0,2025-01,2025-12
DTW,YHZ,2.0,150.0,210.0,1008.0,2025-01,2025-12
DTW,YOW,5.0,136.0,622.0,439.0,2025-01,2025-12
DTW,YQB,1.0,56.0,76.0,668.0,2025-01,2025-12
DTW,YQG,4.0,0.0,0.0,21.0,2025-01,2025-12
DTW,YQS,0.0,0.0,0.0,121.0,2025-01,2025-12
DTW,YUL,1140.0,68765.0,84410.0,529.0,2025-01,2025-12
DTW,YVR,140.0,18876.0,24006.0,1957.0,2025-01,2025-12
DTW,YWG,2.0,130.0,187.0,850.0,2025-01,2025-12
DTW,YXU,0.0,0.0,0.0,126.0,2025-01,2025-12
DTW,YYC,192.0,27542.0,31944.0,1564.0,2025-01,2025-12
DTW,YYZ,2258.0,124366.0,168045.0,214.0,2025-01,2025-12
DTW,ZRH,1.0,68.0,126.0,4244.0,2025-01,2025-12
ECA,TAR,1.0,0.0,0.0,4796.0,2025-01,2025-12
ECP,CPH,0.0,0.0,6.0,4822.0,2025-01,2025-12
ECP,LBG,1.0,3.0,18.0,4595.0,2025-01,2025-12
ECP,LIS,0.0,1.0,7.0,4274.0,2025-01,2025-12
ECP,SXM,0.0,1.0,7.0,1659.0,2025-01,2025-12
EDF,ICN,0.0,0.0,0.0,3793.0,2025-01,2025-12
EDF,NKT,0.0,0.0,0.0,5590.0,2025-01,2025-12
EDF,YOW,0.0,0.0,126.0,3060.0,2025-01,2025-12
EGE,BDA,0.0,1.0,7.0,2391.0,2025-01,2025-12
EGE,FAB,1.0,8.0,14.0,4744.0,2025-01,2025-12
EGE,LBG,0.0,3.0,7.0,4955.0,2025-01,2025-12
EGE,LTN,0.0,3.0,7.0,4733.0,2025-01,2025-12
EGE,TQO,0.0,1.0,7.0,1764.0,2025-01,2025-12
EGE,WAW,0.0,1.0,7.0,5365.0,2025-01,2025-12
EGE,YKA,0.0,4.0,7.0,1006.0,2025-01,2025-12
EGE,YLW,0.0,4.0,7.0,936.0,2025-01,2025-12
EGE,YYZ,1.0,4.0,22.0,1429.0,2025-01,2025-12
EIL,ICN,0.0,0.0,0.0,3813.0,2025-01,2025-12
EIL,YXY,0.0,0.0,0.0,468.0,2025-01,2025-12
ELP,ARN,0.0,2.0,7.0,5369.0,2025-01,2025-12
ELP,AUA,0.0,90.0,126.0,2663.0,2025-01,2025-12
ELP,BCN,0.0,2.0,7.0,5639.0,2025-01,2025-12
ELP,CCS,8.0,2126.0,2680.0,2905.0,2025-01,2025-12
ELP,CDG,0.0,79.0,136.0,5352.0,2025-01,2025-12
ELP,CJS,1.0,0.0,0.0,12.0,2025-01,2025-12
ELP,CUU,254.0,24.0,32.0,216.0,2025-01,2025-12
ELP,DSS,0.0,16.0,106.0,5648.0,2025-01,2025-12
ELP,GUA,30.0,2209.0,4824.0,1555.0,2025-01,2025-12
ELP,HKG,0.0,3.0,7.0,7846.0,2025-01,2025-12
ELP,HMO,14.0,0.0,0.0,336.0,2025-01,2025-12
ELP,LBG,0.0,1.0,7.0,5350.0,2025-01,2025-12
ELP,MEX,3.0,408.0,482.0,968.0,2025-01,2025-12
ELP,MTY,0.0,36.0,38.0,563.0,2025-01,2025-12
ELP,MZT,0.0,68.0,93.0,598.0,2025-01,2025-12
ELP,NBW,2.0,60.0,310.0,2095.0,2025-01,2025-12
ELP,NLU,2.0,158.0,542.0,950.0,2025-01,2025-12
ELP,PPT,0.0,4.0,4.0,4453.0,2025-01,2025-12
ELP,QRO,1.0,0.0,0.0,863.0,2025-01,2025-12
ELP,SAL,15.0,714.0,2434.0,1677.0,2025-01,2025-12
ELP,SAP,38.0,3463.0,6512.0,1620.0,2025-01,2025-12
ELP,SJD,1.0,164.0,166.0,632.0,2025-01,2025-12
ELP,SLW,2.0,0.0,0.0,545.0,2025-01,2025-12
ELP,TAP,11.0,1432.0,1690.0,1471.0,2025-01,2025-12
ELP,VSA,12.0,1390.0,1914.0,1275.0,2025-01,2025-12
ELP,XPL,0.0,120.0,123.0,1689.0,2025-01,2025-12
ELP,YHM,0.0,0.0,0.0,1639.0,2025-01,2025-12
ELP,YQG,1.0,0.0,0.0,1473.0,2025-01,2025-12
ELP,YUL,0.0,1.0,7.0,1979.0,2025-01,2025-12
ENW,AGP,0.0,1.0,7.0,4273.0,2025-01,2025-12
ERI,YHM,0.0,4.0,6.0,76.0,2025-01,2025-12
ERI,YYZ,2.0,3.0,17.0,113.0,2025-01,2025-12
ESD,YVR,3.0,4.0,19.0,36.0,2025-01,2025-12
ESD,YYJ,1.0,2.0,6.0,24.0,2025-01,2025-12
EVV,YQB,0.0,37.0,74.0,1018.0,2025-01,2025-12
EVV,YYZ,0.0,0.0,4.0,567.0,2025-01,2025-12
EWR,ACC,0.0,1.0,7.0,5129.0,2025-01,2025-12
EWR,ADD,208.0,33130.0,56160.0,6977.0,2025-01,2025-12
EWR,AGP,145.0,21526.0,25442.0,3668.0,2025-01,2025-12
EWR,AMS,366.0,72258.0,94136.0,3647.0,2025-01,2025-12
EWR,ANU,109.0,15409.0,19511.0,1787.0,2025-01,2025-12
EWR,ARN,408.0,77829.0,100607.0,3920.0,2025-01,2025-12
EWR,ATH,678.0,163698.0,207604.0,4944.0,2025-01,2025-12
EWR,AUA,988.0,154758.0,172918.0,1964.0,2025-01,2025-12
EWR,AUH,0.0,2.0,7.0,6867.0,2025-01,2025-12
EWR,AXA,4.0,159.0,391.0,1688.0,2025-01,2025-12
EWR,AZI,5.0,17.0,70.0,6860.0,2025-01,2025-12
EWR,BCN,362.0,87166.0,100086.0,3838.0,2025-01,2025-12
EWR,BDA,354.0,39272.0,58232.0,779.0,2025-01,2025-12
EWR,BER,366.0,72844.0,83593.0,3983.0,2025-01,2025-12
EWR,BGI,117.0,14097.0,20774.0,2105.0,2025-01,2025-12
EWR,BHX,1.0,36.0,76.0,3384.0,2025-01,2025-12
EWR,BIO,50.0,7203.0,8800.0,3549.0,2025-01,2025-12
EWR,BJV,0.0,6.0,10.0,5133.0,2025-01,2025-12
EWR,BJX,1.0,116.0,166.0,2100.0,2025-01,2025-12
EWR,BOG,504.0,70334.0,83249.0,2487.0,2025-01,2025-12
EWR,BOM,142.0,35934.0,46351.0,7796.0,2025-01,2025-12
EWR,BON,42.0,5664.0,7076.0,2006.0,2025-01,2025-12
EWR,BQH,0.0,1.0,7.0,3479.0,2025-01,2025-12
EWR,BRU,479.0,112402.0,134654.0,3671.0,2025-01,2025-12
EWR,BSL,0.0,114.0,118.0,3888.0,2025-01,2025-12
EWR,BUD,0.0,2.0,8.0,4373.0,2025-01,2025-12
EWR,BZE,62.0,7826.0,10386.0,1807.0,2025-01,2025-12
EWR,CAI,77.0,16903.0,23639.0,5618.0,2025-01,2025-12
EWR,CDG,1250.0,233132.0,272852.0,3640.0,2025-01,2025-12
EWR,CGN,154.0,0.0,0.0,3779.0,2025-01,2025-12
EWR,CIA,0.0,4.0,7.0,4297.0,2025-01,2025-12
EWR,CLO,0.0,80.0,83.0,2570.0,2025-01,2025-12
EWR,CMN,1.0,86.0,90.0,3620.0,2025-01,2025-12
EWR,CNF,0.0,3.0,7.0,4597.0,2025-01,2025-12
EWR,CPH,358.0,77585.0,95129.0,3857.0,2025-01,2025-12
EWR,CPT,162.0,35786.0,41634.0,7825.0,2025-01,2025-12
EWR,CTG,0.0,77.0,83.0,2091.0,2025-01,2025-12
EWR,CUN,1569.0,237976.0,273828.0,1549.0,2025-01,2025-12
EWR,CUR,52.0,5980.0,6791.0,1994.0,2025-01,2025-12
EWR,DBV,159.0,30195.0,36347.0,4515.0,2025-01,2025-12
EWR,DEB,0.0,5.0,7.0,4463.0,2025-01,2025-12
EWR,DEL,560.0,127984.0,156018.0,7310.0,2025-01,2025-12
EWR,DIJ,0.0,0.0,6.0,3794.0,2025-01,2025-12
EWR,DOM,47.0,3899.0,5922.0,1901.0,2025-01,2025-12
EWR,DUB,963.0,160668.0,205623.0,3185.0,2025-01,2025-12
EWR,DWC,2.0,3.0,21.0,6861.0,2025-01,2025-12
EWR,DXB,339.0,93396.0,112434.0,6849.0,2025-01,2025-12
EWR,EDI,482.0,68004.0,84787.0,3259.0,2025-01,2025-12
EWR,EZE,0.0,2.0,7.0,5311.0,2025-01,2025-12
EWR,FAB,2.0,8.0,37.0,3447.0,2025-01,2025-12
EWR,FAO,73.0,10184.0,12848.0,3485.0,2025-01,2025-12
EWR,FCO,606.0,141180.0,157438.0,4282.0,2025-01,2025-12
EWR,FIH,0.0,1.0,7.0,6396.0,2025-01,2025-12
EWR,FNC,46.0,5657.0,7553.0,3171.0,2025-01,2025-12
EWR,FRA,891.0,238970.0,282982.0,3859.0,2025-01,2025-12
EWR,GCM,167.0,23940.0,29884.0,1538.0,2025-01,2025-12
EWR,GDL,146.0,21319.0,26822.0,2205.0,2025-01,2025-12
EWR,GEO,0.0,3.0,6.0,2559.0,2025-01,2025-12
EWR,GIG,2.0,278.0,326.0,4816.0,2025-01,2025-12
EWR,GLA,2.0,145.0,194.0,3220.0,2025-01,2025-12
EWR,GOH,28.0,2434.0,4731.0,1857.0,2025-01,2025-12
EWR,GOX,0.0,0.0,7.0,8032.0,2025-01,2025-12
EWR,GRU,364.0,89814.0,100886.0,4774.0,2025-01,2025-12
EWR,GUA,313.0,47556.0,51992.0,2055.0,2025-01,2025-12
EWR,GVA,362.0,46496.0,62226.0,3868.0,2025-01,2025-12
EWR,HAM,0.0,1.0,7.0,3814.0,2025-01,2025-12
EWR,HHN,0.0,0.0,0.0,3809.0,2025-01,2025-12
EWR,HKG,0.0,1.0,7.0,8053.0,2025-01,2025-12
EWR,HND,355.0,78689.0,97405.0,6745.0,2025-01,2025-12
EWR,ICN,276.0,67200.0,86828.0,6881.0,2025-01,2025-12
EWR,INV,0.0,4.0,7.0,3212.0,2025-01,2025-12
EWR,IST,338.0,90241.0,106665.0,5001.0,2025-01,2025-12
EWR,JER,0.0,0.0,6.0,3434.0,2025-01,2025-12
EWR,JNB,345.0,66492.0,88536.0,7994.0,2025-01,2025-12
EWR,KEF,451.0,75500.0,90629.0,2596.0,2025-01,2025-12
EWR,KIX,0.0,1.0,7.0,6920.0,2025-01,2025-12
EWR,KRK,28.0,6282.0,7035.0,4297.0,2025-01,2025-12
EWR,KWI,0.0,3.0,7.0,6352.0,2025-01,2025-12
EWR,LBG,3.0,10.0,44.0,3636.0,2025-01,2025-12
EWR,LCA,1.0,4.0,14.0,5491.0,2025-01,2025-12
EWR,LGG,2.0,0.0,0.0,3717.0,2025-01,2025-12
EWR,LHR,3200.0,466866.0,588514.0,3456.0,2025-01,2025-12
EWR,LIM,311.0,48846.0,54776.0,3647.0,2025-01,2025-12
EWR,LIN,0.0,4.0,7.0,4029.0,2025-01,2025-12
EWR,LIR,295.0,40621.0,50462.0,2192.0,2025-01,2025-12
EWR,LIS,1035.0,219176.0,247273.0,3376.0,2025-01,2025-12
EWR,LPL,0.0,38.0,38.0,3323.0,2025-01,2025-12
EWR,LTN,4.0,14.0,50.0,3451.0,2025-01,2025-12
EWR,LUZ,1.0,0.0,0.0,4364.0,2025-01,2025-12
EWR,LYS,0.0,22.0,38.0,3839.0,2025-01,2025-12
EWR,MAD,364.0,73118.0,83487.0,3597.0,2025-01,2025-12
EWR,MBJ,574.0,89234.0,102425.0,1549.0,2025-01,2025-12
EWR,MEX,1082.0,152111.0,179238.0,2077.0,2025-01,2025-12
EWR,MFM,1.0,115.0,275.0,8067.0,2025-01,2025-12
EWR,MGA,2.0,230.0,262.0,2103.0,2025-01,2025-12
EWR,MID,0.0,70.0,83.0,1640.0,2025-01,2025-12
EWR,MLH,0.0,2.0,10.0,,2025-01,2025-12
EWR,MUC,679.0,158768.0,180846.0,4041.0,2025-01,2025-12
EWR,MXP,610.0,103814.0,120702.0,4000.0,2025-01,2025-12
EWR,NAP,353.0,50064.0,58874.0,4405.0,2025-01,2025-12
EWR,NAS,658.0,91294.0,109494.0,1098.0,2025-01,2025-12
EWR,NCE,221.0,27163.0,33534.0,3997.0,2025-01,2025-12
EWR,NHT,2.0,3.0,28.0,3456.0,2025-01,2025-12
EWR,NLU,1.0,107.0,176.0,2058.0,2025-01,2025-12
EWR,NRT,358.0,81136.0,93502.0,6717.0,2025-01,2025-12
EWR,OLB,1.0,1.0,14.0,4192.0,2025-01,2025-12
EWR,OPO,712.0,105480.0,122402.0,3331.0,2025-01,2025-12
EWR,ORY,635.0,131532.0,156912.0,3639.0,2025-01,2025-12
EWR,OSL,296.0,34824.0,46672.0,3687.0,2025-01,2025-12
EWR,PDL,101.0,12774.0,16694.0,2570.0,2025-01,2025-12
EWR,PDP,0.0,2.0,7.0,5359.0,2025-01,2025-12
EWR,PEK,0.0,0.0,7.0,6815.0,2025-01,2025-12
EWR,PLS,350.0,51230.0,62430.0,1312.0,2025-01,2025-12
EWR,PMI,82.0,15210.0,18902.0,3925.0,2025-01,2025-12
EWR,PMO,54.0,10360.0,12562.0,4452.0,2025-01,2025-12
EWR,POA,2.0,4.0,28.0,5101.0,2025-01,2025-12
EWR,POP,181.0,25864.0,32321.0,1462.0,2025-01,2025-12
EWR,POS,42.0,5744.0,7264.0,2222.0,2025-01,2025-12
EWR,PPT,0.0,2.0,7.0,6277.0,2025-01,2025-12
EWR,PSA,0.0,2.0,7.0,4135.0,2025-01,2025-12
EWR,PTP,0.0,2.0,7.0,1849.0,2025-01,2025-12
EWR,PTY,596.0,90560.0,103592.0,2208.0,2025-01,2025-12
EWR,PUJ,1125.0,172536.0,197148.0,1567.0,2025-01,2025-12
EWR,PVR,96.0,11425.0,15898.0,2287.0,2025-01,2025-12
EWR,QSR,1.0,4.0,14.0,4443.0,2025-01,2025-12
EWR,RAK,81.0,9982.0,13686.0,3656.0,2025-01,2025-12
EWR,RUH,1.0,2.0,14.0,6526.0,2025-01,2025-12
EWR,RZE,31.0,6834.0,7749.0,4381.0,2025-01,2025-12
EWR,SAL,284.0,40933.0,48224.0,2086.0,2025-01,2025-12
EWR,SAP,146.0,18285.0,24262.0,1929.0,2025-01,2025-12
EWR,SCL,1.0,2.0,14.0,5123.0,2025-01,2025-12
EWR,SDQ,1453.0,226544.0,258816.0,1561.0,2025-01,2025-12
EWR,SEN,0.0,2.0,7.0,3501.0,2025-01,2025-12
EWR,SIN,327.0,47006.0,53452.0,9530.0,2025-01,2025-12
EWR,SJD,156.0,21552.0,26312.0,2388.0,2025-01,2025-12
EWR,SJO,692.0,105938.0,116094.0,2208.0,2025-01,2025-12
EWR,SKB,42.0,4756.0,7428.0,1754.0,2025-01,2025-12
EWR,SMA,0.0,1.0,4.0,2616.0,2025-01,2025-12
EWR,SNN,204.0,28832.0,35831.0,3087.0,2025-01,2025-12
EWR,SOF,0.0,0.0,0.0,4724.0,2025-01,2025-12
EWR,SPU,0.0,1.0,7.0,4395.0,2025-01,2025-12
EWR,SQQ,0.0,0.0,0.0,4219.0,2025-01,2025-12
EWR,STI,1552.0,237283.0,269106.0,1486.0,2025-01,2025-12
EWR,STN,3.0,184.0,258.0,3475.0,2025-01,2025-12
EWR,SXF,1.0,2.0,14.0,,2025-01,2025-12
EWR,SXM,304.0,39083.0,46921.0,1697.0,2025-01,2025-12
EWR,TER,0.0,77.0,84.0,2475.0,2025-01,2025-12
EWR,TFS,53.0,5746.0,9323.0,3338.0,2025-01,2025-12
EWR,TLC,1.0,4.0,14.0,2103.0,2025-01,2025-12
EWR,TLV,946.0,249080.0,272178.0,5680.0,2025-01,2025-12
EWR,TQO,168.0,22424.0,29970.0,1625.0,2025-01,2025-12
EWR,TUN,0.0,0.0,0.0,4370.0,2025-01,2025-12
EWR,UIO,0.0,4.0,7.0,2832.0,2025-01,2025-12
EWR,UVF,58.0,5859.0,7388.0,2026.0,2025-01,2025-12
EWR,VCE,258.0,48918.0,58706.0,4158.0,2025-01,2025-12
EWR,VER,0.0,80.0,83.0,1977.0,2025-01,2025-12
EWR,VIE,339.0,94520.0,105628.0,4242.0,2025-01,2025-12
EWR,VLC,0.0,3.0,6.0,3774.0,2025-01,2025-12
EWR,WAW,207.0,48118.0,54684.0,4267.0,2025-01,2025-12
EWR,YEG,2.0,168.0,198.0,2018.0,2025-01,2025-12
EWR,YHU,2.0,78.0,407.0,336.0,2025-01,2025-12
EWR,YHZ,526.0,34670.0,40304.0,613.0,2025-01,2025-12
EWR,YOW,1540.0,75919.0,109546.0,329.0,2025-01,2025-12
EWR,YQB,924.0,55420.0,69877.0,444.0,2025-01,2025-12
EWR,YQX,2.0,421.0,456.0,1112.0,2025-01,2025-12
EWR,YTZ,1682.0,94540.0,131196.0,336.0,2025-01,2025-12
EWR,YUL,1982.0,124362.0,161416.0,331.0,2025-01,2025-12
EWR,YVR,739.0,124471.0,146557.0,2423.0,2025-01,2025-12
EWR,YWG,1.0,102.0,146.0,1282.0,2025-01,2025-12
EWR,YYC,350.0,41016.0,52685.0,2017.0,2025-01,2025-12
EWR,YYR,1.0,144.0,167.0,1083.0,2025-01,2025-12
EWR,YYT,2.0,462.0,493.0,1160.0,2025-01,2025-12
EWR,YYZ,3756.0,251186.0,307769.0,347.0,2025-01,2025-12
EWR,ZAG,0.0,0.0,7.0,4305.0,2025-01,2025-12
EWR,ZRH,722.0,120454.0,146358.0,3935.0,2025-01,2025-12
EYW,BS3,0.0,2.0,4.0,,2025-01,2025-12
EYW,CXY,1.0,0.0,8.0,170.0,2025-01,2025-12
EYW,ELH,0.0,4.0,4.0,324.0,2025-01,2025-12
EYW,NAS,1.0,2.0,8.0,271.0,2025-01,2025-12
EYW,NSB,0.0,0.0,4.0,178.0,2025-01,2025-12
FAI,CSX,0.0,0.0,0.0,4721.0,2025-01,2025-12
FAI,GDL,0.0,0.0,0.0,3665.0,2025-01,2025-12
FAI,HAN,0.0,0.0,0.0,5357.0,2025-01,2025-12
FAI,HKG,4.0,0.0,0.0,5065.0,2025-01,2025-12
FAI,ICN,2.0,0.0,0.0,3789.0,2025-01,2025-12
FAI,NLU,0.0,0.0,0.0,3821.0,2025-01,2025-12
FAI,NRT,0.0,0.0,0.0,3484.0,2025-01,2025-12
FAI,UTP,0.0,0.0,0.0,6025.0,2025-01,2025-12
FAI,YDA,1.0,9.0,9.0,265.0,2025-01,2025-12
FAI,YFC,0.0,47.0,109.0,3181.0,2025-01,2025-12
FAI,YOC,6.0,0.0,0.0,293.0,2025-01,2025-12
FAR,CIA,0.0,1.0,6.0,4939.0,2025-01,2025-12
FAR,FAB,0.0,3.0,7.0,4031.0,2025-01,2025-12
FAR,LBG,0.0,0.0,7.0,4242.0,2025-01,2025-12
FAR,NCE,0.0,2.0,6.0,4656.0,2025-01,2025-12
FAR,RAK,0.0,1.0,7.0,4610.0,2025-01,2025-12
FAR,VCE,0.0,2.0,7.0,4744.0,2025-01,2025-12
FAR,YVR,0.0,62.0,65.0,1221.0,2025-01,2025-12
FAR,YWG,74.0,0.0,372.0,207.0,2025-01,2025-12
FAR,YYC,1.0,4.0,98.0,829.0,2025-01,2025-12
FAR,YYZ,2.0,8.0,16.0,863.0,2025-01,2025-12
FAT,BJX,158.0,20924.0,28984.0,1546.0,2025-01,2025-12
FAT,CUN,2.0,276.0,356.0,2248.0,2025-01,2025-12
FAT,GDL,1086.0,178978.0,217371.0,1496.0,2025-01,2025-12
FAT,MEX,2.0,90.0,250.0,1730.0,2025-01,2025-12
FAT,MLM,232.0,31567.0,42372.0,1625.0,2025-01,2025-12
FAT,TIJ,0.0,68.0,80.0,332.0,2025-01,2025-12
FBS,CXH,2.0,2.0,12.0,52.0,2025-01,2025-12
FBS,YWH,273.0,1002.0,2357.0,18.0,2025-01,2025-12
FBS,YYJ,0.0,3.0,3.0,21.0,2025-01,2025-12
FBS,YZT,0.0,0.0,3.0,245.0,2025-01,2025-12
FBS,ZNA,2.0,5.0,18.0,61.0,2025-01,2025-12
FCA,ALC,0.0,1.0,7.0,5207.0,2025-01,2025-12
FCA,YBL,0.0,3.0,3.0,510.0,2025-01,2025-12
FCA,YYC,0.0,70.0,75.0,194.0,2025-01,2025-12
FLG,NCE,0.0,1.0,7.0,5776.0,2025-01,2025-12
FLL,AGP,0.0,0.0,7.0,4410.0,2025-01,2025-12
FLL,ANU,2.0,88.0,100.0,1329.0,2025-01,2025-12
FLL,ARN,2.0,2.0,18.0,4948.0,2025-01,2025-12
FLL,ASD,2.0,2.0,13.0,175.0,2025-01,2025-12
FLL,ASU,0.0,3.0,7.0,3853.0,2025-01,2025-12
FLL,ATH,1.0,2.0,14.0,5831.0,2025-01,2025-12
FLL,AUA,155.0,23248.0,32718.0,1146.0,2025-01,2025-12
FLL,AXA,0.0,32.0,38.0,1220.0,2025-01,2025-12
FLL,AXM,187.0,25238.0,32912.0,1522.0,2025-01,2025-12
FLL,BAQ,305.0,43626.0,53680.0,1106.0,2025-01,2025-12
FLL,BCN,2.0,5.0,21.0,4670.0,2025-01,2025-12
FLL,BDA,0.0,2.0,7.0,1028.0,2025-01,2025-12
FLL,BDS,0.0,2.0,7.0,5460.0,2025-01,2025-12
FLL,BEL,130.0,16884.0,20535.0,2839.0,2025-01,2025-12
FLL,BGA,62.0,7642.0,10824.0,1387.0,2025-01,2025-12
FLL,BGI,1.0,4.0,14.0,1613.0,2025-01,2025-12
FLL,BHX,0.0,2.0,7.0,4333.0,2025-01,2025-12
FLL,BIM,98.0,2139.0,4615.0,61.0,2025-01,2025-12
FLL,BLL,0.0,2.0,7.0,4721.0,2025-01,2025-12
FLL,BLQ,1.0,3.0,16.0,5045.0,2025-01,2025-12
FLL,BOG,763.0,114684.0,135248.0,1529.0,2025-01,2025-12
FLL,BON,0.0,53.0,81.0,1235.0,2025-01,2025-12
FLL,BS3,145.0,242.0,1178.0,,2025-01,2025-12
FLL,BSB,1.0,170.0,170.0,3618.0,2025-01,2025-12
FLL,BSL,1.0,10.0,14.0,4807.0,2025-01,2025-12
FLL,BUD,0.0,4.0,6.0,5323.0,2025-01,2025-12
FLL,BZE,18.0,1354.0,3168.0,788.0,2025-01,2025-12
FLL,CAI,0.0,0.0,7.0,6476.0,2025-01,2025-12
FLL,CAP,8.0,980.0,1440.0,669.0,2025-01,2025-12
FLL,CCC,1.0,1.0,8.0,275.0,2025-01,2025-12
FLL,CCZ,1.0,2.0,8.0,148.0,2025-01,2025-12
FLL,CDG,0.0,0.0,94.0,4561.0,2025-01,2025-12
FLL,CIA,0.0,4.0,7.0,5174.0,2025-01,2025-12
FLL,CLO,334.0,48994.0,61171.0,1577.0,2025-01,2025-12
FLL,CNF,46.0,9989.0,12140.0,3983.0,2025-01,2025-12
FLL,CTG,374.0,69094.0,83556.0,1122.0,2025-01,2025-12
FLL,CUN,1160.0,151481.0,206698.0,549.0,2025-01,2025-12
FLL,CUR,71.0,7647.0,11936.0,1204.0,2025-01,2025-12
FLL,CXY,596.0,1684.0,4830.0,65.0,2025-01,2025-12
FLL,DUB,2.0,8.0,21.0,4139.0,2025-01,2025-12
FLL,DUS,1.0,2.0,14.0,4705.0,2025-01,2025-12
FLL,EIS,1.0,59.0,76.0,1127.0,2025-01,2025-12
FLL,ELH,326.0,7954.0,16823.0,220.0,2025-01,2025-12
FLL,FAB,2.0,10.0,22.0,4386.0,2025-01,2025-12
FLL,FLR,0.0,2.0,6.0,5058.0,2025-01,2025-12
FLL,FPO,483.0,18558.0,24152.0,96.0,2025-01,2025-12
FLL,GCM,24.0,1144.0,3980.0,475.0,2025-01,2025-12
FLL,GEO,0.0,87.0,100.0,1977.0,2025-01,2025-12
FLL,GGT,78.0,2244.0,4894.0,319.0,2025-01,2025-12
FLL,GHB,0.0,3.0,4.0,244.0,2025-01,2025-12
FLL,GHC,46.0,134.0,366.0,146.0,2025-01,2025-12
FLL,GIB,0.0,1.0,7.0,4373.0,2025-01,2025-12
FLL,GND,0.0,70.0,100.0,1540.0,2025-01,2025-12
FLL,GRU,2.0,6.0,38.0,4095.0,2025-01,2025-12
FLL,GUA,776.0,106550.0,140020.0,1039.0,2025-01,2025-12
FLL,GYE,241.0,33190.0,40645.0,1951.0,2025-01,2025-12
FLL,HAV,0.0,24.0,86.0,256.0,2025-01,2025-12
FLL,HBI,26.0,62.0,218.0,,2025-01,2025-12
FLL,HKG,0.0,1.0,7.0,8964.0,2025-01,2025-12
FLL,IBZ,0.0,2.0,7.0,4680.0,2025-01,2025-12
FLL,ISL,0.0,0.0,7.0,5950.0,2025-01,2025-12
FLL,KIN,1657.0,201876.0,294069.0,602.0,2025-01,2025-12
FLL,KRK,1.0,2.0,14.0,5269.0,2025-01,2025-12
FLL,LBG,2.0,6.0,28.0,4557.0,2025-01,2025-12
FLL,LGI,0.0,2.0,4.0,375.0,2025-01,2025-12
FLL,LIM,88.0,11371.0,15218.0,2640.0,2025-01,2025-12
FLL,LIN,0.0,2.0,7.0,4931.0,2025-01,2025-12
FLL,LIR,28.0,2988.0,4555.0,1126.0,2025-01,2025-12
FLL,LPA,0.0,3.0,7.0,3940.0,2025-01,2025-12
FLL,LTN,6.0,15.0,88.0,4397.0,2025-01,2025-12
FLL,MAD,2.0,97.0,201.0,4397.0,2025-01,2025-12
FLL,MAN,1.0,0.0,189.0,4303.0,2025-01,2025-12
FLL,MAO,24.0,3030.0,3860.0,2419.0,2025-01,2025-12
FLL,MBJ,1480.0,184664.0,264701.0,542.0,2025-01,2025-12
FLL,MCT,0.0,2.0,7.0,8022.0,2025-01,2025-12
FLL,MDE,1089.0,149554.0,188134.0,1410.0,2025-01,2025-12
FLL,MEX,0.0,63.0,80.0,1288.0,2025-01,2025-12
FLL,MGA,246.0,30590.0,46403.0,1039.0,2025-01,2025-12
FLL,MHH,564.0,11222.0,19948.0,192.0,2025-01,2025-12
FLL,MLA,0.0,0.0,7.0,5428.0,2025-01,2025-12
FLL,MTY,1.0,63.0,186.0,1239.0,2025-01,2025-12
FLL,MUC,1.0,2.0,14.0,4978.0,2025-01,2025-12
FLL,MVD,0.0,2.0,7.0,4495.0,2025-01,2025-12
FLL,NAS,1517.0,124260.0,170127.0,182.0,2025-01,2025-12
FLL,NLU,1.0,25.0,186.0,1276.0,2025-01,2025-12
FLL,NMC,12.0,30.0,92.0,232.0,2025-01,2025-12
FLL,NSB,2517.0,8028.0,20406.0,60.0,2025-01,2025-12
FLL,OAX,0.0,30.0,89.0,1234.0,2025-01,2025-12
FLL,OLB,0.0,2.0,7.0,5047.0,2025-01,2025-12
FLL,OPO,1.0,6.0,14.0,4126.0,2025-01,2025-12
FLL,OTP,0.0,2.0,6.0,5705.0,2025-01,2025-12
FLL,PBM,0.0,4.0,7.0,2178.0,2025-01,2025-12
FLL,PDL,1.0,4.0,14.0,3248.0,2025-01,2025-12
FLL,PLS,2.0,2.0,16.0,580.0,2025-01,2025-12
FLL,POS,198.0,26414.0,31601.0,1629.0,2025-01,2025-12
FLL,PRG,0.0,0.0,7.0,5042.0,2025-01,2025-12
FLL,PSA,0.0,2.0,8.0,5023.0,2025-01,2025-12
FLL,PTY,293.0,43492.0,48636.0,1176.0,2025-01,2025-12
FLL,PUJ,954.0,133682.0,171780.0,914.0,2025-01,2025-12
FLL,PVR,0.0,4.0,7.0,1632.0,2025-01,2025-12
FLL,QSR,0.0,2.0,7.0,5316.0,2025-01,2025-12
FLL,REC,50.0,9750.0,13841.0,3846.0,2025-01,2025-12
FLL,RSD,1.0,0.0,5.0,261.0,2025-01,2025-12
FLL,SAL,104.0,15088.0,21456.0,1046.0,2025-01,2025-12
FLL,SAP,314.0,39468.0,64152.0,888.0,2025-01,2025-12
FLL,SAQ,44.0,70.0,348.0,149.0,2025-01,2025-12
FLL,SCL,0.0,6.0,7.0,4155.0,2025-01,2025-12
FLL,SCU,0.0,0.0,0.0,503.0,2025-01,2025-12
FLL,SDQ,758.0,110060.0,136674.0,853.0,2025-01,2025-12
FLL,SFJ,0.0,2.0,6.0,3092.0,2025-01,2025-12
FLL,SJD,0.0,0.0,7.0,1864.0,2025-01,2025-12
FLL,SJO,891.0,140140.0,167376.0,1142.0,2025-01,2025-12
FLL,SKB,1.0,73.0,166.0,1271.0,2025-01,2025-12
FLL,SKG,0.0,3.0,7.0,5700.0,2025-01,2025-12
FLL,SML,15.0,34.0,82.0,351.0,2025-01,2025-12
FLL,SNU,0.0,8.0,78.0,248.0,2025-01,2025-12
FLL,STI,320.0,41239.0,62640.0,763.0,2025-01,2025-12
FLL,STN,0.0,0.0,30.0,4422.0,2025-01,2025-12
FLL,SVD,2.0,64.0,94.0,1522.0,2025-01,2025-12
FLL,SXM,205.0,26190.0,42878.0,1223.0,2025-01,2025-12
FLL,TLV,83.0,18801.0,19396.0,6573.0,2025-01,2025-12
FLL,TQO,0.0,72.0,81.0,627.0,2025-01,2025-12
FLL,TRN,0.0,40.0,145.0,4861.0,2025-01,2025-12
FLL,TYM,2.0,4.0,17.0,267.0,2025-01,2025-12
FLL,TZN,5.0,16.0,40.0,208.0,2025-01,2025-12
FLL,UVF,2.0,46.0,266.0,1508.0,2025-01,2025-12
FLL,VCP,367.0,83678.0,98435.0,4047.0,2025-01,2025-12
FLL,VIE,0.0,0.0,6.0,5190.0,2025-01,2025-12
FLL,XPL,606.0,69578.0,109300.0,941.0,2025-01,2025-12
FLL,YAM,2.0,10.0,28.0,1430.0,2025-01,2025-12
FLL,YEG,6.0,386.0,726.0,2545.0,2025-01,2025-12
FLL,YHM,14.0,1249.0,1854.0,1181.0,2025-01,2025-12
FLL,YHU,0.0,22.0,93.0,1394.0,2025-01,2025-12
FLL,YHZ,30.0,4134.0,5880.0,1595.0,2025-01,2025-12
FLL,YKF,28.0,3826.0,5284.0,1201.0,2025-01,2025-12
FLL,YLS,0.0,0.0,0.0,1595.0,2025-01,2025-12
FLL,YOW,570.0,59653.0,76882.0,1353.0,2025-01,2025-12
FLL,YQB,154.0,24867.0,28662.0,1510.0,2025-01,2025-12
FLL,YUL,1730.0,292556.0,341363.0,1386.0,2025-01,2025-12
FLL,YVR,30.0,4270.0,5331.0,2790.0,2025-01,2025-12
FLL,YWG,22.0,2898.0,3753.0,1882.0,2025-01,2025-12
FLL,YYC,140.0,21200.0,23588.0,2478.0,2025-01,2025-12
FLL,YYZ,2370.0,353524.0,418730.0,1217.0,2025-01,2025-12
FLL,ZRH,1.0,4.0,13.0,4855.0,2025-01,2025-12
FNL,NAS,0.0,52.0,93.0,1910.0,2025-01,2025-12
FNL,YYZ,2.0,70.0,79.0,1316.0,2025-01,2025-12
FOK,ABZ,0.0,0.0,6.0,3220.0,2025-01,2025-12
FOK,AGP,2.0,8.0,21.0,3588.0,2025-01,2025-12
FOK,AMS,0.0,1.0,7.0,3579.0,2025-01,2025-12
FOK,ARN,2.0,5.0,21.0,3862.0,2025-01,2025-12
FOK,AVN,0.0,1.0,6.0,3812.0,2025-01,2025-12
FOK,AXA,0.0,6.0,6.0,1664.0,2025-01,2025-12
FOK,AZI,0.0,0.0,7.0,6794.0,2025-01,2025-12
FOK,BLL,0.0,1.0,7.0,3664.0,2025-01,2025-12
FOK,BLQ,0.0,4.0,7.0,4073.0,2025-01,2025-12
FOK,BQH,1.0,1.0,12.0,3410.0,2025-01,2025-12
FOK,BRN,2.0,4.0,20.0,3836.0,2025-01,2025-12
FOK,BYJ,0.0,2.0,7.0,3376.0,2025-01,2025-12
FOK,CAT,0.0,4.0,7.0,3288.0,2025-01,2025-12
FOK,CGN,0.0,1.0,7.0,3710.0,2025-01,2025-12
FOK,CIA,0.0,1.0,5.0,4224.0,2025-01,2025-12
FOK,CPH,0.0,2.0,7.0,3794.0,2025-01,2025-12
FOK,DIJ,0.0,4.0,7.0,3722.0,2025-01,2025-12
FOK,EDI,0.0,2.0,7.0,3194.0,2025-01,2025-12
FOK,ELH,0.0,0.0,4.0,1087.0,2025-01,2025-12
FOK,EMA,0.0,4.0,7.0,3324.0,2025-01,2025-12
FOK,FAB,4.0,13.0,58.0,3378.0,2025-01,2025-12
FOK,FLR,1.0,2.0,14.0,4094.0,2025-01,2025-12
FOK,GIB,1.0,4.0,14.0,3562.0,2025-01,2025-12
FOK,GVA,0.0,1.0,6.0,3796.0,2025-01,2025-12
FOK,HAM,1.0,2.0,12.0,3748.0,2025-01,2025-12
FOK,HEL,0.0,1.0,8.0,4060.0,2025-01,2025-12
FOK,HKG,1.0,7.0,14.0,8053.0,2025-01,2025-12
FOK,IBZ,0.0,1.0,7.0,3804.0,2025-01,2025-12
FOK,JMK,0.0,1.0,10.0,4953.0,2025-01,2025-12
FOK,JTR,1.0,2.0,14.0,5003.0,2025-01,2025-12
FOK,KEF,0.0,0.0,4.0,2542.0,2025-01,2025-12
FOK,KIX,0.0,4.0,7.0,6942.0,2025-01,2025-12
FOK,LBA,0.0,1.0,8.0,3292.0,2025-01,2025-12
FOK,LBG,6.0,17.0,84.0,3565.0,2025-01,2025-12
FOK,LIN,0.0,1.0,7.0,3957.0,2025-01,2025-12
FOK,LTN,4.0,26.0,54.0,3382.0,2025-01,2025-12
FOK,LUX,0.0,1.0,7.0,3705.0,2025-01,2025-12
FOK,MAH,0.0,2.0,7.0,3907.0,2025-01,2025-12
FOK,MXP,0.0,0.0,6.0,3927.0,2025-01,2025-12
FOK,NAP,0.0,4.0,7.0,4332.0,2025-01,2025-12
FOK,NCE,2.0,10.0,37.0,3923.0,2025-01,2025-12
FOK,NHT,0.0,2.0,7.0,3387.0,2025-01,2025-12
FOK,OLB,1.0,6.0,14.0,4117.0,2025-01,2025-12
FOK,OSL,0.0,2.0,7.0,3629.0,2025-01,2025-12
FOK,OTP,0.0,0.0,7.0,4688.0,2025-01,2025-12
FOK,PMI,2.0,10.0,22.0,3847.0,2025-01,2025-12
FOK,POP,0.0,1.0,7.0,1462.0,2025-01,2025-12
FOK,PSA,0.0,2.0,7.0,4062.0,2025-01,2025-12
FOK,RKV,0.0,2.0,6.0,2564.0,2025-01,2025-12
FOK,SGD,0.0,0.0,7.0,3707.0,2025-01,2025-12
FOK,SXM,0.0,0.0,4.0,1674.0,2025-01,2025-12
FOK,TLN,0.0,4.0,8.0,3892.0,2025-01,2025-12
FOK,XRY,1.0,5.0,13.0,3509.0,2025-01,2025-12
FOK,YOW,0.0,0.0,4.0,345.0,2025-01,2025-12
FOK,YTZ,4.0,14.0,28.0,396.0,2025-01,2025-12
FOK,YUL,1.0,2.0,8.0,324.0,2025-01,2025-12
FOK,YYZ,6.0,12.0,54.0,408.0,2025-01,2025-12
FOK,ZRH,3.0,8.0,40.0,3864.0,2025-01,2025-12
FPR,BIM,0.0,2.0,4.0,142.0,2025-01,2025-12
FPR,CXY,1.0,5.0,8.0,150.0,2025-01,2025-12
FPR,ELH,3.0,17.0,24.0,267.0,2025-01,2025-12
FPR,GGT,0.0,0.0,4.0,390.0,2025-01,2025-12
FPR,MHH,7.0,24.0,56.0,213.0,2025-01,2025-12
FPR,NAS,2.0,3.0,16.0,247.0,2025-01,2025-12
FPR,SML,1.0,2.0,5.0,417.0,2025-01,2025-12
FPR,TCB,0.0,2.0,4.0,190.0,2025-01,2025-12
FPR,YXU,0.0,2.0,4.0,1074.0,2025-01,2025-12
FPR,YYZ,2.0,6.0,12.0,1119.0,2025-01,2025-12
FRD,YAZ,1.0,0.0,6.0,131.0,2025-01,2025-12
FRD,YBL,2.0,0.0,9.0,141.0,2025-01,2025-12
FRD,YVR,4.0,3.0,22.0,47.0,2025-01,2025-12
FRD,YWH,0.0,1.0,3.0,17.0,2025-01,2025-12
FRD,YYJ,51.0,97.0,408.0,20.0,2025-01,2025-12
FRD,YZT,2.0,6.0,9.0,245.0,2025-01,2025-12
FRG,AGP,1.0,6.0,14.0,3629.0,2025-01,2025-12
FRG,ARN,0.0,0.0,5.0,3894.0,2025-01,2025-12
FRG,AXA,0.0,6.0,7.0,1673.0,2025-01,2025-12
FRG,BJV,0.0,0.0,7.0,5099.0,2025-01,2025-12
FRG,BUD,0.0,2.0,7.0,4341.0,2025-01,2025-12
FRG,DBV,0.0,2.0,7.0,4481.0,2025-01,2025-12
FRG,ELH,0.0,3.0,7.0,1070.0,2025-01,2025-12
FRG,GVA,2.0,6.0,28.0,3834.0,2025-01,2025-12
FRG,ISL,0.0,0.0,8.0,4985.0,2025-01,2025-12
FRG,JTR,1.0,4.0,14.0,5042.0,2025-01,2025-12
FRG,LBG,2.0,3.0,21.0,3602.0,2025-01,2025-12
FRG,NAS,1.0,5.0,11.0,1109.0,2025-01,2025-12
FRG,NCE,1.0,12.0,14.0,3962.0,2025-01,2025-12
FRG,PEG,0.0,2.0,7.0,4213.0,2025-01,2025-12
FRG,PUJ,0.0,1.0,8.0,1560.0,2025-01,2025-12
FRG,SCQ,1.0,16.0,19.0,3265.0,2025-01,2025-12
FRG,SJD,0.0,5.0,7.0,2426.0,2025-01,2025-12
FRG,SNN,0.0,1.0,5.0,3055.0,2025-01,2025-12
FRG,SVD,0.0,1.0,7.0,2044.0,2025-01,2025-12
FRG,WAW,0.0,3.0,10.0,4237.0,2025-01,2025-12
FRG,YOW,2.0,53.0,82.0,337.0,2025-01,2025-12
FRG,YUL,1.0,46.0,108.0,328.0,2025-01,2025-12
FRG,YWG,0.0,22.0,39.0,1312.0,2025-01,2025-12
FRG,YYC,0.0,26.0,35.0,2048.0,2025-01,2025-12
FRG,YYZ,4.0,112.0,160.0,378.0,2025-01,2025-12
FRH,YYZ,0.0,1.0,3.0,510.0,2025-01,2025-12
FSD,AMS,0.0,105.0,111.0,4339.0,2025-01,2025-12
FSD,CMN,1.0,1.0,14.0,4640.0,2025-01,2025-12
FSD,QSR,0.0,2.0,8.0,5235.0,2025-01,2025-12
FSD,YWG,0.0,32.0,36.0,438.0,2025-01,2025-12
FSD,YYC,235.0,28.0,38.0,958.0,2025-01,2025-12
FTW,BIO,0.0,4.0,10.0,4911.0,2025-01,2025-12
FTW,BTS,0.0,0.0,10.0,5539.0,2025-01,2025-12
FTW,DIJ,0.0,1.0,7.0,5115.0,2025-01,2025-12
FTW,DUB,0.0,2.0,10.0,4478.0,2025-01,2025-12
FTW,FAB,0.0,0.0,10.0,4750.0,2025-01,2025-12
FTW,FAO,0.0,1.0,7.0,4873.0,2025-01,2025-12
FTW,LBG,2.0,4.0,22.0,4950.0,2025-01,2025-12
FTW,LPA,1.0,2.0,14.0,4771.0,2025-01,2025-12
FTW,LTN,2.0,2.0,21.0,4747.0,2025-01,2025-12
FTW,ORK,0.0,0.0,10.0,4431.0,2025-01,2025-12
FTW,SXM,0.0,4.0,10.0,2354.0,2025-01,2025-12
FTW,YUL,0.0,5.0,6.0,1529.0,2025-01,2025-12
FTY,CIW,0.0,0.0,7.0,2060.0,2025-01,2025-12
FTY,FAB,0.0,2.0,6.0,4189.0,2025-01,2025-12
FTY,GCM,0.0,0.0,8.0,1020.0,2025-01,2025-12
FTY,KLU,11.0,66.0,156.0,4944.0,2025-01,2025-12
FTY,LOS,0.0,0.0,8.0,5843.0,2025-01,2025-12
FTY,LTN,0.0,1.0,6.0,4193.0,2025-01,2025-12
FTY,SJD,0.0,6.0,10.0,1691.0,2025-01,2025-12
FWA,BJX,0.0,0.0,0.0,1678.0,2025-01,2025-12
FWA,PUJ,0.0,93.0,93.0,1841.0,2025-01,2025-12
FWA,YKF,1.0,3.0,6.0,300.0,2025-01,2025-12
FWA,YOW,0.0,2.0,4.0,566.0,2025-01,2025-12
FWA,YYZ,1.0,58.0,70.0,340.0,2025-01,2025-12
FXE,ASD,95.0,573.0,835.0,181.0,2025-01,2025-12
FXE,AXA,0.0,2.0,7.0,1225.0,2025-01,2025-12
FXE,CCZ,52.0,326.0,458.0,152.0,2025-01,2025-12
FXE,CUZ,0.0,3.0,7.0,2801.0,2025-01,2025-12
FXE,ELH,10.0,64.0,85.0,223.0,2025-01,2025-12
FXE,FAB,0.0,3.0,7.0,4381.0,2025-01,2025-12
FXE,FLR,0.0,3.0,7.0,5053.0,2025-01,2025-12
FXE,FPO,1.0,2.0,9.0,95.0,2025-01,2025-12
FXE,GGT,2.0,14.0,16.0,325.0,2025-01,2025-12
FXE,LGI,0.0,2.0,2.0,381.0,2025-01,2025-12
FXE,LIM,0.0,3.0,7.0,2649.0,2025-01,2025-12
FXE,MHH,7.0,36.0,56.0,192.0,2025-01,2025-12
FXE,NAS,76.0,352.0,660.0,187.0,2025-01,2025-12
FXE,NMC,2.0,6.0,12.0,237.0,2025-01,2025-12
FXE,NSB,2.0,7.0,12.0,64.0,2025-01,2025-12
FXE,PRG,0.0,1.0,7.0,5036.0,2025-01,2025-12
FXE,RBA,0.0,2.0,8.0,4329.0,2025-01,2025-12
FXE,RSD,1.0,6.0,8.0,265.0,2025-01,2025-12
FXE,SAQ,265.0,1538.0,2296.0,154.0,2025-01,2025-12
FXE,SML,4.0,4.0,21.0,356.0,2025-01,2025-12
FXE,SXM,2.0,6.0,23.0,1227.0,2025-01,2025-12
FXE,TBI,58.0,337.0,513.0,322.0,2025-01,2025-12
FXE,TYM,46.0,196.0,401.0,272.0,2025-01,2025-12
FXE,TZN,140.0,792.0,1235.0,214.0,2025-01,2025-12
FXE,YKF,4.0,10.0,20.0,1193.0,2025-01,2025-12
FXE,YUL,1.0,4.0,5.0,1378.0,2025-01,2025-12
FXE,YYC,2.0,4.0,9.0,2471.0,2025-01,2025-12
FXE,YYZ,35.0,94.0,204.0,1208.0,2025-01,2025-12
FXE,ZLO,0.0,0.0,7.0,1626.0,2025-01,2025-12
GEG,DUB,0.0,0.0,7.0,4381.0,2025-01,2025-12
GEG,MEX,2.0,1.0,148.0,2206.0,2025-01,2025-12
GEG,NGO,0.0,0.0,7.0,5124.0,2025-01,2025-12
GEG,YEG,1.0,40.0,189.0,430.0,2025-01,2025-12
GEG,YLW,1.0,4.0,45.0,182.0,2025-01,2025-12
GEG,YWG,0.0,38.0,94.0,935.0,2025-01,2025-12
GEG,YYC,4.0,246.0,538.0,289.0,2025-01,2025-12
GEG,YYJ,0.0,44.0,68.0,281.0,2025-01,2025-12
GEG,YYZ,0.0,73.0,89.0,1832.0,2025-01,2025-12
GFK,AZI,0.0,2.0,7.0,7135.0,2025-01,2025-12
GFK,BER,0.0,0.0,7.0,4399.0,2025-01,2025-12
GFK,MAD,0.0,2.0,7.0,4370.0,2025-01,2025-12
GFK,VIP,0.0,1.0,7.0,4458.0,2025-01,2025-12
GJT,CUN,0.0,89.0,90.0,1790.0,2025-01,2025-12
GJT,LIR,0.0,78.0,83.0,2426.0,2025-01,2025-12
GJT,PVR,0.0,77.0,83.0,1289.0,2025-01,2025-12
GJT,SJD,1.0,100.0,166.0,1106.0,2025-01,2025-12
GJT,YEG,0.0,0.0,8.0,1009.0,2025-01,2025-12
GJT,YVR,2.0,202.0,266.0,1002.0,2025-01,2025-12
GJT,YYC,1.0,158.0,166.0,870.0,2025-01,2025-12
GPT,MBJ,0.0,24.0,78.0,1080.0,2025-01,2025-12
GPT,YYZ,2.0,177.0,279.0,1053.0,2025-01,2025-12
GRB,YKF,1.0,2.0,30.0,392.0,2025-01,2025-12
GRB,YYC,0.0,29.0,38.0,1277.0,2025-01,2025-12
GRB,YYZ,1.0,2.0,10.0,425.0,2025-01,2025-12
GRI,MBJ,0.0,84.0,93.0,1966.0,2025-01,2025-12
GRK,PVR,0.0,0.0,145.0,853.0,2025-01,2025-12
GRR,ANG,1.0,12.0,14.0,4029.0,2025-01,2025-12
GRR,CSL,0.0,4.0,7.0,,2025-01,2025-12
GRR,EDI,0.0,67.0,88.0,3572.0,2025-01,2025-12
GRR,LTN,0.0,0.0,7.0,3800.0,2025-01,2025-12
GRR,NAS,0.0,26.0,83.0,1315.0,2025-01,2025-12
GRR,NCL,0.0,2.0,7.0,3657.0,2025-01,2025-12
GRR,PLS,0.0,6.0,8.0,1646.0,2025-01,2025-12
GRR,SPU,0.0,5.0,7.0,4761.0,2025-01,2025-12
GRR,YHZ,0.0,0.0,38.0,1102.0,2025-01,2025-12
GRR,YKF,0.0,4.0,5.0,262.0,2025-01,2025-12
GRR,YVR,0.0,32.0,75.0,1838.0,2025-01,2025-12
GRR,YYZ,2.0,66.0,100.0,301.0,2025-01,2025-12
GSO,ANR,0.0,2.0,7.0,4107.0,2025-01,2025-12
GSO,GOT,0.0,4.0,7.0,4232.0,2025-01,2025-12
GSO,MLA,0.0,0.0,7.0,5035.0,2025-01,2025-12
GSO,SNN,0.0,2.0,7.0,3531.0,2025-01,2025-12
GSO,YYC,0.0,85.0,86.0,1970.0,2025-01,2025-12
GSO,YYZ,1.0,4.0,99.0,524.0,2025-01,2025-12
GSP,AUA,0.0,92.0,94.0,1726.0,2025-01,2025-12
GSP,BGI,0.0,75.0,80.0,2071.0,2025-01,2025-12
GSP,BOG,68.0,94.0,100.0,2149.0,2025-01,2025-12
GSP,BRU,1.0,4.0,7.0,4265.0,2025-01,2025-12
GSP,DIJ,0.0,0.0,6.0,4387.0,2025-01,2025-12
GSP,GCM,0.0,6.0,8.0,1079.0,2025-01,2025-12
GSP,HHN,84.0,0.0,0.0,4403.0,2025-01,2025-12
GSP,KTW,0.0,0.0,0.0,4849.0,2025-01,2025-12
GSP,LBG,0.0,4.0,7.0,4229.0,2025-01,2025-12
GSP,LGG,88.0,0.0,0.0,4310.0,2025-01,2025-12
GSP,LUZ,0.0,0.0,0.0,4955.0,2025-01,2025-12
GSP,MAD,1.0,7.0,12.0,4172.0,2025-01,2025-12
GSP,MST,1.0,0.0,0.0,4316.0,2025-01,2025-12
GSP,NLU,0.0,0.0,0.0,1465.0,2025-01,2025-12
GSP,PLS,1.0,12.0,16.0,1089.0,2025-01,2025-12
GSP,SCL,1.0,0.0,0.0,4776.0,2025-01,2025-12
GSP,SLW,10.0,0.0,0.0,1287.0,2025-01,2025-12
GSP,SZX,0.0,1.0,7.0,8325.0,2025-01,2025-12
GSP,TKU,0.0,2.0,7.0,4602.0,2025-01,2025-12
GSP,VCP,0.0,0.0,0.0,4614.0,2025-01,2025-12
GSP,YQX,0.0,0.0,0.0,1706.0,2025-01,2025-12
GSP,YUL,0.0,38.0,66.0,855.0,2025-01,2025-12
GSP,YYR,1.0,3.0,8.0,1656.0,2025-01,2025-12
GSP,YYZ,2.0,21.0,89.0,622.0,2025-01,2025-12
GTF,DUB,0.0,0.0,7.0,4205.0,2025-01,2025-12
GTF,GLA,0.0,4.0,7.0,4147.0,2025-01,2025-12
GTF,LBG,1.0,3.0,13.0,4689.0,2025-01,2025-12
GTF,LTN,0.0,0.0,7.0,4458.0,2025-01,2025-12
GTF,RKE,1.0,6.0,12.0,4601.0,2025-01,2025-12
GTF,YEG,2.0,2.0,191.0,414.0,2025-01,2025-12
GTF,YWG,0.0,0.0,93.0,665.0,2025-01,2025-12
GTF,YYC,5.0,96.0,206.0,278.0,2025-01,2025-12
GTF,ZRH,0.0,1.0,6.0,4949.0,2025-01,2025-12
GUM,AVV,1.0,0.0,0.0,3560.0,2025-01,2025-12
GUM,BKK,5.0,0.0,0.0,2954.0,2025-01,2025-12
GUM,BNE,2.0,4.0,14.0,2878.0,2025-01,2025-12
GUM,BWN,1.0,0.0,0.0,2118.0,2025-01,2025-12
GUM,CGK,0.0,0.0,0.0,2947.0,2025-01,2025-12
GUM,CJU,3.0,772.0,816.0,1799.0,2025-01,2025-12
GUM,CRK,2.0,70.0,83.0,1626.0,2025-01,2025-12
GUM,DAC,0.0,72.0,123.0,3611.0,2025-01,2025-12
GUM,HAN,0.0,21.0,43.0,2619.0,2025-01,2025-12
GUM,HKG,94.0,0.0,0.0,2115.0,2025-01,2025-12
GUM,HND,363.0,45009.0,60258.0,1556.0,2025-01,2025-12
GUM,ICN,1788.0,294092.0,437157.0,2005.0,2025-01,2025-12
GUM,IWO,1.0,131.0,166.0,813.0,2025-01,2025-12
GUM,KIX,392.0,47966.0,65155.0,1566.0,2025-01,2025-12
GUM,KSA,4.0,170.0,415.0,1358.0,2025-01,2025-12
GUM,KUL,0.0,0.0,0.0,3033.0,2025-01,2025-12
GUM,KWA,33.0,45.0,83.0,1589.0,2025-01,2025-12
GUM,MAJ,46.0,33.0,166.0,1852.0,2025-01,2025-12
GUM,MNL,684.0,98040.0,120893.0,1595.0,2025-01,2025-12
GUM,NGO,268.0,27096.0,44488.0,1559.0,2025-01,2025-12
GUM,NRT,1436.0,196616.0,249398.0,1564.0,2025-01,2025-12
GUM,PER,1.0,0.0,0.0,3673.0,2025-01,2025-12
GUM,PNI,34.0,3228.0,5229.0,1016.0,2025-01,2025-12
GUM,PUS,490.0,53920.0,90510.0,1795.0,2025-01,2025-12
GUM,PVG,25.0,0.0,0.0,1902.0,2025-01,2025-12
GUM,QPG,1.0,0.0,123.0,2918.0,2025-01,2025-12
GUM,ROR,322.0,21834.0,51045.0,815.0,2025-01,2025-12
GUM,SGN,12.0,0.0,0.0,2581.0,2025-01,2025-12
GUM,TKK,261.0,26521.0,38014.0,634.0,2025-01,2025-12
GUM,TPE,94.0,11104.0,15580.0,1729.0,2025-01,2025-12
GUM,VTE,0.0,100.0,122.0,2820.0,2025-01,2025-12
GUM,YAP,120.0,7037.0,17264.0,531.0,2025-01,2025-12
GVL,YYZ,1.0,2.0,5.0,688.0,2025-01,2025-12
GYY,NCE,0.0,0.0,7.0,4525.0,2025-01,2025-12
HDN,MAD,0.0,1.0,7.0,5074.0,2025-01,2025-12
HDN,YEG,0.0,62.0,75.0,935.0,2025-01,2025-12
HFD,YUL,0.0,2.0,4.0,264.0,2025-01,2025-12
HHH,YHM,0.0,1.0,3.0,758.0,2025-01,2025-12
HHR,PVR,0.0,3.0,4.0,1215.0,2025-01,2025-12
HIO,YYJ,0.0,0.0,3.0,216.0,2025-01,2025-12
HNL,ADL,2.0,6.0,20.0,5694.0,2025-01,2025-12
HNL,AKL,304.0,51055.0,65984.0,4405.0,2025-01,2025-12
HNL,APW,58.0,5956.0,9779.0,2610.0,2025-01,2025-12
HNL,AVV,1.0,0.0,0.0,5546.0,2025-01,2025-12
HNL,BKK,1.0,0.0,0.0,6582.0,2025-01,2025-12
HNL,BNE,2.0,112.0,150.0,4693.0,2025-01,2025-12
HNL,CDG,0.0,0.0,0.0,7431.0,2025-01,2025-12
HNL,CGO,0.0,0.0,0.0,5300.0,2025-01,2025-12
HNL,CHC,0.0,2.0,7.0,4854.0,2025-01,2025-12
HNL,CXI,56.0,2302.0,8324.0,1336.0,2025-01,2025-12
HNL,DJJ,0.0,6.0,9.0,4472.0,2025-01,2025-12
HNL,DRW,1.0,4.0,14.0,5360.0,2025-01,2025-12
HNL,FRA,0.0,1.0,7.0,7438.0,2025-01,2025-12
HNL,FUK,140.0,27868.0,38846.0,4389.0,2025-01,2025-12
HNL,GDL,0.0,0.0,0.0,3507.0,2025-01,2025-12
HNL,HAN,0.0,20.0,43.0,6073.0,2025-01,2025-12
HNL,HKG,160.0,572.0,817.0,5559.0,2025-01,2025-12
HNL,HND,2100.0,451098.0,521590.0,3847.0,2025-01,2025-12
HNL,ICN,1110.0,247156.0,314844.0,4569.0,2025-01,2025-12
HNL,KIX,648.0,143316.0,169112.0,4110.0,2025-01,2025-12
HNL,KKJ,0.0,84.0,100.0,4353.0,2025-01,2025-12
HNL,KSA,0.0,18.0,83.0,2840.0,2025-01,2025-12
HNL,KWA,0.0,0.0,0.0,2444.0,2025-01,2025-12
HNL,LBG,0.0,2.0,7.0,7432.0,2025-01,2025-12
HNL,MAJ,256.0,22155.0,34279.0,2279.0,2025-01,2025-12
HNL,MEL,192.0,27880.0,38986.0,5515.0,2025-01,2025-12
HNL,MNL,236.0,53924.0,73180.0,5294.0,2025-01,2025-12
HNL,NAN,56.0,4824.0,9100.0,3174.0,2025-01,2025-12
HNL,NGB,0.0,0.0,0.0,4960.0,2025-01,2025-12
HNL,NGO,316.0,46730.0,61184.0,4018.0,2025-01,2025-12
HNL,NLU,0.0,0.0,0.0,3791.0,2025-01,2025-12
HNL,NRT,1216.0,359624.0,459922.0,3813.0,2025-01,2025-12
HNL,OHA,0.0,0.0,0.0,4585.0,2025-01,2025-12
HNL,PEK,0.0,101.0,138.0,5053.0,2025-01,2025-12
HNL,PER,1.0,0.0,0.0,6769.0,2025-01,2025-12
HNL,PPT,54.0,11254.0,14476.0,2744.0,2025-01,2025-12
HNL,PVG,11.0,88.0,142.0,4917.0,2025-01,2025-12
HNL,RAR,52.0,6286.0,9828.0,2941.0,2025-01,2025-12
HNL,SDK,0.0,1.0,7.0,5686.0,2025-01,2025-12
HNL,SDL,0.0,2.0,7.0,6638.0,2025-01,2025-12
HNL,SGN,46.0,0.0,0.0,6291.0,2025-01,2025-12
HNL,SIN,2.0,424.0,642.0,6704.0,2025-01,2025-12
HNL,SYD,910.0,132462.0,172484.0,5077.0,2025-01,2025-12
HNL,TPE,2.0,160.0,175.0,5060.0,2025-01,2025-12
HNL,TSA,1.0,1.0,14.0,5041.0,2025-01,2025-12
HNL,TSV,0.0,0.0,106.0,4672.0,2025-01,2025-12
HNL,XMN,7.0,0.0,0.0,5257.0,2025-01,2025-12
HNL,YEG,38.0,5626.0,6612.0,3206.0,2025-01,2025-12
HNL,YKF,0.0,1.0,6.0,4607.0,2025-01,2025-12
HNL,YOW,0.0,0.0,0.0,4817.0,2025-01,2025-12
HNL,YVR,988.0,148489.0,169472.0,2705.0,2025-01,2025-12
HNL,YYC,120.0,24102.0,27584.0,3125.0,2025-01,2025-12
HNL,YYZ,33.0,8065.0,8931.0,4642.0,2025-01,2025-12
HOU,BLQ,0.0,4.0,7.0,5541.0,2025-01,2025-12
HOU,BRU,0.0,3.0,6.0,5050.0,2025-01,2025-12
HOU,BZE,317.0,40050.0,50339.0,945.0,2025-01,2025-12
HOU,CRL,0.0,1.0,8.0,5062.0,2025-01,2025-12
HOU,CUN,1108.0,143266.0,173984.0,792.0,2025-01,2025-12
HOU,DUB,0.0,1.0,7.0,4563.0,2025-01,2025-12
HOU,DUS,0.0,1.0,8.0,5126.0,2025-01,2025-12
HOU,GCM,0.0,0.0,90.0,1129.0,2025-01,2025-12
HOU,GIG,1.0,4.0,14.0,5007.0,2025-01,2025-12
HOU,GVA,1.0,1.0,14.0,5265.0,2025-01,2025-12
HOU,LBG,2.0,10.0,35.0,5027.0,2025-01,2025-12
HOU,LIR,328.0,42041.0,52048.0,1458.0,2025-01,2025-12
HOU,LIS,0.0,6.0,7.0,4780.0,2025-01,2025-12
HOU,LTN,1.0,4.0,14.0,4832.0,2025-01,2025-12
HOU,MAD,2.0,6.0,26.0,5006.0,2025-01,2025-12
HOU,MBJ,106.0,14643.0,18382.0,1336.0,2025-01,2025-12
HOU,MEX,0.0,44.0,50.0,744.0,2025-01,2025-12
HOU,MXP,0.0,1.0,7.0,5395.0,2025-01,2025-12
HOU,NAS,2.0,199.0,378.0,1137.0,2025-01,2025-12
HOU,NCE,0.0,2.0,7.0,5399.0,2025-01,2025-12
HOU,NLU,1.0,52.0,186.0,723.0,2025-01,2025-12
HOU,ORK,0.0,2.0,6.0,4507.0,2025-01,2025-12
HOU,PLS,1.0,10.0,14.0,1529.0,2025-01,2025-12
HOU,PSA,0.0,2.0,8.0,5535.0,2025-01,2025-12
HOU,PUJ,23.0,3336.0,3865.0,1856.0,2025-01,2025-12
HOU,PVR,374.0,44886.0,56498.0,878.0,2025-01,2025-12
HOU,QRO,0.0,0.0,0.0,695.0,2025-01,2025-12
HOU,SJD,758.0,82761.0,112121.0,999.0,2025-01,2025-12
HOU,SJO,370.0,51648.0,61639.0,1534.0,2025-01,2025-12
HOU,SNN,0.0,2.0,8.0,4472.0,2025-01,2025-12
HOU,SXM,0.0,4.0,7.0,2176.0,2025-01,2025-12
HOU,TBS,0.0,1.0,7.0,6895.0,2025-01,2025-12
HOU,TLC,0.0,4.0,7.0,761.0,2025-01,2025-12
HOU,YFB,0.0,1.0,5.0,2633.0,2025-01,2025-12
HOU,YHU,0.0,15.0,93.0,1613.0,2025-01,2025-12
HOU,YLW,0.0,2.0,5.0,1882.0,2025-01,2025-12
HOU,YOW,2.0,2.0,4.0,1518.0,2025-01,2025-12
HOU,YUL,1.0,22.0,100.0,1599.0,2025-01,2025-12
HOU,YVR,2.0,110.0,412.0,1990.0,2025-01,2025-12
HOU,YYR,3.0,10.0,30.0,2393.0,2025-01,2025-12
HOU,YYZ,2.0,30.0,50.0,1296.0,2025-01,2025-12
HPN,ABJ,0.0,4.0,7.0,4930.0,2025-01,2025-12
HPN,AGP,2.0,8.0,27.0,3636.0,2025-01,2025-12
HPN,ANR,0.0,2.0,7.0,3627.0,2025-01,2025-12
HPN,ANU,0.0,4.0,5.0,1799.0,2025-01,2025-12
HPN,ARN,2.0,6.0,30.0,3884.0,2025-01,2025-12
HPN,ATH,1.0,5.0,14.0,4909.0,2025-01,2025-12
HPN,AXA,4.0,16.0,62.0,1701.0,2025-01,2025-12
HPN,AZI,0.0,2.0,7.0,6825.0,2025-01,2025-12
HPN,BBQ,0.0,4.0,5.0,1768.0,2025-01,2025-12
HPN,BCN,0.0,4.0,6.0,3805.0,2025-01,2025-12
HPN,BDA,62.0,1560.0,5172.0,781.0,2025-01,2025-12
HPN,BDS,1.0,12.0,14.0,4540.0,2025-01,2025-12
HPN,BGI,2.0,6.0,18.0,2116.0,2025-01,2025-12
HPN,BHX,0.0,2.0,7.0,3348.0,2025-01,2025-12
HPN,BJV,0.0,4.0,7.0,5098.0,2025-01,2025-12
HPN,BOD,0.0,3.0,8.0,3573.0,2025-01,2025-12
HPN,BOH,3.0,14.0,42.0,3379.0,2025-01,2025-12
HPN,BQH,2.0,2.0,24.0,3444.0,2025-01,2025-12
HPN,BRI,1.0,2.0,13.0,4470.0,2025-01,2025-12
HPN,CAT,0.0,1.0,7.0,3335.0,2025-01,2025-12
HPN,CEG,1.0,12.0,14.0,3285.0,2025-01,2025-12
HPN,CFU,0.0,2.0,7.0,4666.0,2025-01,2025-12
HPN,CIA,1.0,2.0,13.0,4263.0,2025-01,2025-12
HPN,CIW,0.0,4.0,7.0,2098.0,2025-01,2025-12
HPN,CPH,0.0,2.0,7.0,3821.0,2025-01,2025-12
HPN,DIA,0.0,2.0,7.0,6668.0,2025-01,2025-12
HPN,DKR,0.0,6.0,7.0,3805.0,2025-01,2025-12
HPN,DUB,1.0,2.0,12.0,3149.0,2025-01,2025-12
HPN,DUS,0.0,2.0,8.0,3717.0,2025-01,2025-12
HPN,EDI,2.0,4.0,21.0,3224.0,2025-01,2025-12
HPN,EIS,0.0,6.0,7.0,1654.0,2025-01,2025-12
HPN,ELH,4.0,29.0,48.0,1091.0,2025-01,2025-12
HPN,FAB,4.0,15.0,60.0,3412.0,2025-01,2025-12
HPN,FAO,0.0,2.0,7.0,3454.0,2025-01,2025-12
HPN,FCO,0.0,4.0,7.0,4248.0,2025-01,2025-12
HPN,FIH,0.0,0.0,7.0,6373.0,2025-01,2025-12
HPN,FLR,2.0,6.0,21.0,4132.0,2025-01,2025-12
HPN,FVJ,1.0,16.0,16.0,,2025-01,2025-12
HPN,GGT,1.0,10.0,16.0,1216.0,2025-01,2025-12
HPN,GLA,0.0,2.0,7.0,3185.0,2025-01,2025-12
HPN,GOA,1.0,5.0,11.0,4009.0,2025-01,2025-12
HPN,GOH,0.0,2.0,5.0,1824.0,2025-01,2025-12
HPN,GRU,0.0,2.0,7.0,4787.0,2025-01,2025-12
HPN,GVA,0.0,2.0,7.0,3834.0,2025-01,2025-12
HPN,HEL,0.0,2.0,7.0,4079.0,2025-01,2025-12
HPN,HND,2.0,4.0,21.0,6733.0,2025-01,2025-12
HPN,HUY,4.0,12.0,56.0,3382.0,2025-01,2025-12
HPN,IBZ,2.0,10.0,19.0,3849.0,2025-01,2025-12
HPN,ISL,0.0,0.0,7.0,4982.0,2025-01,2025-12
HPN,JMK,0.0,4.0,7.0,4991.0,2025-01,2025-12
HPN,KIR,2.0,18.0,35.0,3035.0,2025-01,2025-12
HPN,LBG,4.0,14.0,50.0,3601.0,2025-01,2025-12
HPN,LCA,0.0,2.0,6.0,5456.0,2025-01,2025-12
HPN,LIN,2.0,6.0,21.0,3994.0,2025-01,2025-12
HPN,LIR,0.0,2.0,7.0,2225.0,2025-01,2025-12
HPN,LIS,0.0,2.0,7.0,3345.0,2025-01,2025-12
HPN,LPA,1.0,9.0,13.0,3378.0,2025-01,2025-12
HPN,LPL,0.0,4.0,7.0,3287.0,2025-01,2025-12
HPN,LTN,15.0,50.0,204.0,3416.0,2025-01,2025-12
HPN,LYR,0.0,3.0,7.0,3441.0,2025-01,2025-12
HPN,MAD,1.0,2.0,13.0,3564.0,2025-01,2025-12
HPN,MAN,0.0,0.0,8.0,3310.0,2025-01,2025-12
HPN,MHH,4.0,24.0,39.0,1024.0,2025-01,2025-12
HPN,MLA,0.0,2.0,7.0,4572.0,2025-01,2025-12
HPN,MMX,0.0,2.0,10.0,3849.0,2025-01,2025-12
HPN,MRS,1.0,6.0,14.0,3880.0,2025-01,2025-12
HPN,MUC,0.0,0.0,7.0,4006.0,2025-01,2025-12
HPN,MXP,0.0,2.0,6.0,3965.0,2025-01,2025-12
HPN,NAP,0.0,2.0,7.0,4371.0,2025-01,2025-12
HPN,NAS,6.0,40.0,78.0,1128.0,2025-01,2025-12
HPN,NCE,6.0,30.0,86.0,3962.0,2025-01,2025-12
HPN,NHT,2.0,4.0,35.0,3421.0,2025-01,2025-12
HPN,NRT,0.0,0.0,7.0,6705.0,2025-01,2025-12
HPN,OLB,2.0,8.0,21.0,4158.0,2025-01,2025-12
HPN,OPO,0.0,1.0,7.0,3299.0,2025-01,2025-12
HPN,OSL,0.0,1.0,6.0,3651.0,2025-01,2025-12
HPN,OST,0.0,2.0,7.0,3563.0,2025-01,2025-12
HPN,OXF,0.0,0.0,7.0,3378.0,2025-01,2025-12
HPN,PAD,0.0,1.0,6.0,3781.0,2025-01,2025-12
HPN,PEG,1.0,2.0,18.0,4213.0,2025-01,2025-12
HPN,PIK,0.0,4.0,7.0,3185.0,2025-01,2025-12
HPN,PLS,2.0,18.0,36.0,1336.0,2025-01,2025-12
HPN,PMO,1.0,8.0,14.0,4419.0,2025-01,2025-12
HPN,PNT,0.0,4.0,7.0,6408.0,2025-01,2025-12
HPN,PSA,1.0,7.0,14.0,4101.0,2025-01,2025-12
HPN,PUJ,1.0,10.0,15.0,1586.0,2025-01,2025-12
HPN,QSR,2.0,13.0,28.0,4408.0,2025-01,2025-12
HPN,RKV,2.0,5.0,19.0,2582.0,2025-01,2025-12
HPN,ROB,0.0,2.0,7.0,4557.0,2025-01,2025-12
HPN,SCL,0.0,2.0,7.0,5148.0,2025-01,2025-12
HPN,SID,0.0,3.0,7.0,3438.0,2025-01,2025-12
HPN,SIR,0.0,2.0,6.0,3886.0,2025-01,2025-12
HPN,SKB,2.0,12.0,28.0,1767.0,2025-01,2025-12
HPN,SLU,10.0,1.0,9.0,2019.0,2025-01,2025-12
HPN,SNN,0.0,3.0,7.0,3052.0,2025-01,2025-12
HPN,SPU,0.0,2.0,7.0,4360.0,2025-01,2025-12
HPN,STN,2.0,6.0,27.0,3440.0,2025-01,2025-12
HPN,SVD,0.0,4.0,7.0,2072.0,2025-01,2025-12
HPN,SXM,4.0,22.0,43.0,1711.0,2025-01,2025-12
HPN,SZG,0.0,2.0,6.0,4074.0,2025-01,2025-12
HPN,TLC,2.0,6.0,26.0,2138.0,2025-01,2025-12
HPN,TLN,1.0,7.0,14.0,3933.0,2025-01,2025-12
HPN,TMS,0.0,0.0,7.0,5703.0,2025-01,2025-12
HPN,TSF,0.0,2.0,6.0,4112.0,2025-01,2025-12
HPN,VCE,2.0,2.0,20.0,4123.0,2025-01,2025-12
HPN,VLC,1.0,2.0,14.0,3741.0,2025-01,2025-12
HPN,YCL,3.0,12.0,24.0,600.0,2025-01,2025-12
HPN,YCM,2.0,2.0,16.0,316.0,2025-01,2025-12
HPN,YHU,0.0,2.0,4.0,308.0,2025-01,2025-12
HPN,YKF,0.0,0.0,4.0,379.0,2025-01,2025-12
HPN,YOW,4.0,104.0,200.0,310.0,2025-01,2025-12
HPN,YPS,0.0,2.0,4.0,695.0,2025-01,2025-12
HPN,YTZ,6.0,18.0,52.0,340.0,2025-01,2025-12
HPN,YUL,8.0,129.0,336.0,304.0,2025-01,2025-12
HPN,YWG,0.0,26.0,36.0,1286.0,2025-01,2025-12
HPN,YYC,1.0,23.0,41.0,2022.0,2025-01,2025-12
HPN,YYZ,27.0,276.0,740.0,352.0,2025-01,2025-12
HPN,YZV,0.0,2.0,4.0,727.0,2025-01,2025-12
HPN,ZAG,0.0,2.0,7.0,4270.0,2025-01,2025-12
HPN,ZRH,4.0,14.0,52.0,3900.0,2025-01,2025-12
HRL,BJX,0.0,0.0,93.0,435.0,2025-01,2025-12
HRL,BOG,8.0,532.0,1409.0,2150.0,2025-01,2025-12
HRL,BZE,0.0,0.0,110.0,848.0,2025-01,2025-12
HRL,CCS,10.0,1845.0,2352.0,2272.0,2025-01,2025-12
HRL,CUN,21.0,2456.0,3888.0,770.0,2025-01,2025-12
HRL,DSS,0.0,18.0,106.0,5202.0,2025-01,2025-12
HRL,FOR,0.0,40.0,136.0,4458.0,2025-01,2025-12
HRL,GUA,98.0,5883.0,15272.0,927.0,2025-01,2025-12
HRL,GYE,32.0,3623.0,6461.0,2292.0,2025-01,2025-12
HRL,LIM,8.0,202.0,2074.0,2982.0,2025-01,2025-12
HRL,MAO,0.0,0.0,121.0,3224.0,2025-01,2025-12
HRL,MEX,6.0,439.0,1022.0,478.0,2025-01,2025-12
HRL,MGA,12.0,458.0,1896.0,1227.0,2025-01,2025-12
HRL,MID,0.0,8.0,34.0,625.0,2025-01,2025-12
HRL,MTY,2.0,0.0,279.0,155.0,2025-01,2025-12
HRL,NAS,0.0,0.0,97.0,1259.0,2025-01,2025-12
HRL,NBW,6.0,398.0,1222.0,1490.0,2025-01,2025-12
HRL,NLU,4.0,48.0,770.0,456.0,2025-01,2025-12
HRL,PBC,2.0,20.0,279.0,491.0,2025-01,2025-12
HRL,PUJ,0.0,0.0,75.0,1940.0,2025-01,2025-12
HRL,QRO,1.0,0.0,186.0,419.0,2025-01,2025-12
HRL,RZE,0.0,0.0,126.0,6004.0,2025-01,2025-12
HRL,SAL,40.0,2048.0,6420.0,1044.0,2025-01,2025-12
HRL,SAP,88.0,4437.0,13986.0,973.0,2025-01,2025-12
HRL,SDQ,0.0,10.0,126.0,1864.0,2025-01,2025-12
HRL,SJD,0.0,0.0,87.0,786.0,2025-01,2025-12
HRL,SJO,1.0,43.0,218.0,1425.0,2025-01,2025-12
HRL,TAP,50.0,2124.0,7908.0,861.0,2025-01,2025-12
HRL,TLC,0.0,0.0,0.0,491.0,2025-01,2025-12
HRL,TRC,2.0,0.0,279.0,360.0,2025-01,2025-12
HRL,VSA,70.0,3510.0,11496.0,648.0,2025-01,2025-12
HRL,XPL,16.0,1410.0,3544.0,1044.0,2025-01,2025-12
HRL,YEG,0.0,0.0,136.0,2043.0,2025-01,2025-12
HRL,YHM,0.0,0.0,97.0,1537.0,2025-01,2025-12
HRL,YHU,0.0,0.0,34.0,1888.0,2025-01,2025-12
HRL,YKF,1.0,3.0,9.0,1535.0,2025-01,2025-12
HRL,YOW,0.0,0.0,92.0,1794.0,2025-01,2025-12
HRL,YYZ,0.0,0.0,75.0,1572.0,2025-01,2025-12
HSH,YYC,0.0,4.0,5.0,1048.0,2025-01,2025-12
HST,SJD,0.0,0.0,92.0,1850.0,2025-01,2025-12
HSV,BSL,0.0,0.0,0.0,4683.0,2025-01,2025-12
HSV,HHN,0.0,0.0,0.0,4599.0,2025-01,2025-12
HSV,ICN,1.0,0.0,0.0,7018.0,2025-01,2025-12
HSV,LGG,0.0,0.0,0.0,4506.0,2025-01,2025-12
HSV,LUX,102.0,0.0,0.0,4567.0,2025-01,2025-12
HSV,NAS,0.0,84.0,90.0,866.0,2025-01,2025-12
HSV,NLU,1.0,0.0,0.0,1272.0,2025-01,2025-12
HSV,PTY,0.0,80.0,90.0,1827.0,2025-01,2025-12
HSV,SAP,0.0,0.0,0.0,1327.0,2025-01,2025-12
HSV,UIO,1.0,0.0,0.0,2463.0,2025-01,2025-12
HSV,YQX,0.0,0.0,0.0,1910.0,2025-01,2025-12
HSV,YYR,0.0,0.0,0.0,1819.0,2025-01,2025-12
HTO,YTZ,4.0,12.0,32.0,409.0,2025-01,2025-12
HTO,YYZ,1.0,4.0,8.0,421.0,2025-01,2025-12
HUM,LTN,0.0,2.0,8.0,4652.0,2025-01,2025-12
HVN,EDI,2.0,2.0,18.0,3183.0,2025-01,2025-12
HVN,GHB,0.0,0.0,4.0,1122.0,2025-01,2025-12
HVN,GMP,0.0,0.0,7.0,6851.0,2025-01,2025-12
HVN,PSA,0.0,2.0,6.0,4058.0,2025-01,2025-12
HVN,SNN,0.0,4.0,7.0,3010.0,2025-01,2025-12
HVN,YHM,2.0,4.0,11.0,384.0,2025-01,2025-12
HVN,YYB,1.0,1.0,8.0,480.0,2025-01,2025-12
HYA,GOH,0.0,0.0,7.0,1723.0,2025-01,2025-12
HYA,NAS,1.0,4.0,12.0,1220.0,2025-01,2025-12
IAD,ACC,286.0,59828.0,69530.0,5293.0,2025-01,2025-12
IAD,ACU,0.0,1.0,4.0,2056.0,2025-01,2025-12
IAD,ADD,395.0,114378.0,142869.0,7185.0,2025-01,2025-12
IAD,AEY,0.0,30.0,32.0,2944.0,2025-01,2025-12
IAD,AMM,74.0,15383.0,19478.0,5952.0,2025-01,2025-12
IAD,AMS,702.0,123792.0,167151.0,3857.0,2025-01,2025-12
IAD,ARN,0.0,0.0,7.0,4120.0,2025-01,2025-12
IAD,ATH,210.0,46047.0,50800.0,5156.0,2025-01,2025-12
IAD,AUA,285.0,44986.0,51015.0,1883.0,2025-01,2025-12
IAD,AUH,365.0,98516.0,111156.0,7075.0,2025-01,2025-12
IAD,AZI,12.0,33.0,168.0,7069.0,2025-01,2025-12
IAD,AZS,0.0,77.0,84.0,1436.0,2025-01,2025-12
IAD,BCN,297.0,59190.0,69064.0,4049.0,2025-01,2025-12
IAD,BDA,1.0,80.0,166.0,848.0,2025-01,2025-12
IAD,BEG,0.0,2.0,7.0,4724.0,2025-01,2025-12
IAD,BER,2.0,34.0,136.0,4192.0,2025-01,2025-12
IAD,BGI,42.0,4116.0,6909.0,2098.0,2025-01,2025-12
IAD,BJX,0.0,57.0,83.0,1888.0,2025-01,2025-12
IAD,BMA,2.0,2.0,19.0,4130.0,2025-01,2025-12
IAD,BOG,604.0,83752.0,102990.0,2375.0,2025-01,2025-12
IAD,BQH,0.0,2.0,6.0,3691.0,2025-01,2025-12
IAD,BRI,1.0,4.0,14.0,4716.0,2025-01,2025-12
IAD,BRS,0.0,1.0,7.0,3577.0,2025-01,2025-12
IAD,BRU,452.0,124944.0,151753.0,3882.0,2025-01,2025-12
IAD,BSL,0.0,1.0,6.0,4099.0,2025-01,2025-12
IAD,BUD,5.0,34.0,73.0,4583.0,2025-01,2025-12
IAD,BWE,2.0,4.0,18.0,4082.0,2025-01,2025-12
IAD,CAI,83.0,17160.0,25325.0,5830.0,2025-01,2025-12
IAD,CDG,1156.0,255332.0,319858.0,3851.0,2025-01,2025-12
IAD,CIA,1.0,3.0,16.0,4509.0,2025-01,2025-12
IAD,CMN,228.0,46523.0,63948.0,3821.0,2025-01,2025-12
IAD,CPH,318.0,64282.0,79322.0,4063.0,2025-01,2025-12
IAD,CPT,152.0,33844.0,39192.0,7932.0,2025-01,2025-12
IAD,CTA,0.0,2.0,7.0,4781.0,2025-01,2025-12
IAD,CTG,0.0,84.0,100.0,1973.0,2025-01,2025-12
IAD,CUN,756.0,114774.0,135317.0,1357.0,2025-01,2025-12
IAD,DBV,1.0,41.0,122.0,4726.0,2025-01,2025-12
IAD,DEL,114.0,25581.0,33825.0,7493.0,2025-01,2025-12
IAD,DIA,1.0,1.0,14.0,6913.0,2025-01,2025-12
IAD,DND,0.0,1.0,7.0,3473.0,2025-01,2025-12
IAD,DOH,586.0,175146.0,191769.0,6914.0,2025-01,2025-12
IAD,DSS,97.0,10966.0,19874.0,4002.0,2025-01,2025-12
IAD,DUB,1176.0,154508.0,212016.0,3395.0,2025-01,2025-12
IAD,DUS,1.0,6.0,16.0,3963.0,2025-01,2025-12
IAD,DWC,0.0,0.0,7.0,7069.0,2025-01,2025-12
IAD,DXB,336.0,120558.0,173346.0,7056.0,2025-01,2025-12
IAD,EDI,250.0,36741.0,44170.0,3468.0,2025-01,2025-12
IAD,EMA,0.0,0.0,7.0,3604.0,2025-01,2025-12
IAD,EZE,1.0,2.0,14.0,5238.0,2025-01,2025-12
IAD,FAB,4.0,13.0,48.0,3659.0,2025-01,2025-12
IAD,FCO,630.0,128163.0,154486.0,4494.0,2025-01,2025-12
IAD,FDH,0.0,1.0,7.0,4180.0,2025-01,2025-12
IAD,FLR,0.0,2.0,7.0,4378.0,2025-01,2025-12
IAD,FRA,1197.0,318996.0,387674.0,4070.0,2025-01,2025-12
IAD,GCM,66.0,8221.0,11432.0,1378.0,2025-01,2025-12
IAD,GDL,0.0,0.0,83.0,1994.0,2025-01,2025-12
IAD,GIG,0.0,2.0,7.0,4806.0,2025-01,2025-12
IAD,GLA,1.0,2.0,13.0,3429.0,2025-01,2025-12
IAD,GRU,364.0,66632.0,82941.0,4753.0,2025-01,2025-12
IAD,GUA,490.0,69310.0,84646.0,1862.0,2025-01,2025-12
IAD,GVA,342.0,50891.0,68863.0,4080.0,2025-01,2025-12
IAD,HHN,2.0,0.0,0.0,4020.0,2025-01,2025-12
IAD,HND,722.0,135492.0,168347.0,6768.0,2025-01,2025-12
IAD,ICN,363.0,84620.0,100621.0,6943.0,2025-01,2025-12
IAD,INN,0.0,2.0,6.0,4269.0,2025-01,2025-12
IAD,IST,712.0,194691.0,231631.0,5211.0,2025-01,2025-12
IAD,JED,208.0,41206.0,60219.0,6581.0,2025-01,2025-12
IAD,JMK,0.0,2.0,6.0,5238.0,2025-01,2025-12
IAD,KEF,497.0,65204.0,84798.0,2793.0,2025-01,2025-12
IAD,KIN,1.0,18.0,381.0,1452.0,2025-01,2025-12
IAD,KIR,0.0,3.0,7.0,3281.0,2025-01,2025-12
IAD,KIX,2.0,386.0,422.0,6953.0,2025-01,2025-12
IAD,KLU,2.0,5.0,20.0,4413.0,2025-01,2025-12
IAD,LBA,1.0,4.0,14.0,3570.0,2025-01,2025-12
IAD,LBG,14.0,36.0,200.0,3848.0,2025-01,2025-12
IAD,LBV,0.0,6.0,7.0,6030.0,2025-01,2025-12
IAD,LEJ,3.0,2.0,6.0,4173.0,2025-01,2025-12
IAD,LEN,0.0,2.0,8.0,3650.0,2025-01,2025-12
IAD,LFW,200.0,33073.0,54020.0,5345.0,2025-01,2025-12
IAD,LHR,1935.0,413174.0,547462.0,3667.0,2025-01,2025-12
IAD,LIN,4.0,18.0,54.0,4241.0,2025-01,2025-12
IAD,LIR,1.0,148.0,166.0,2021.0,2025-01,2025-12
IAD,LIS,836.0,140312.0,158604.0,3583.0,2025-01,2025-12
IAD,LNZ,0.0,1.0,8.0,4353.0,2025-01,2025-12
IAD,LOS,226.0,46170.0,55304.0,5438.0,2025-01,2025-12
IAD,LTN,10.0,35.0,130.0,3662.0,2025-01,2025-12
IAD,LUG,0.0,0.0,7.0,4207.0,2025-01,2025-12
IAD,LUX,0.0,4.0,8.0,3986.0,2025-01,2025-12
IAD,LUZ,5.0,0.0,0.0,4571.0,2025-01,2025-12
IAD,MAD,448.0,79574.0,91898.0,3806.0,2025-01,2025-12
IAD,MAN,0.0,2.0,8.0,3556.0,2025-01,2025-12
IAD,MBJ,163.0,22748.0,27182.0,1413.0,2025-01,2025-12
IAD,MEX,732.0,87832.0,120834.0,1865.0,2025-01,2025-12
IAD,MGA,0.0,79.0,83.0,1928.0,2025-01,2025-12
IAD,MLA,0.0,1.0,7.0,4817.0,2025-01,2025-12
IAD,MRS,0.0,2.0,7.0,4126.0,2025-01,2025-12
IAD,MUC,642.0,167503.0,209394.0,4252.0,2025-01,2025-12
IAD,MXP,2.0,4.0,28.0,4211.0,2025-01,2025-12
IAD,NAS,64.0,6397.0,7878.0,961.0,2025-01,2025-12
IAD,NCE,74.0,10728.0,14296.0,4208.0,2025-01,2025-12
IAD,NHT,0.0,2.0,7.0,3667.0,2025-01,2025-12
IAD,NLU,0.0,79.0,90.0,1847.0,2025-01,2025-12
IAD,NRT,1.0,205.0,276.0,6738.0,2025-01,2025-12
IAD,OSL,0.0,2.0,8.0,3889.0,2025-01,2025-12
IAD,OST,0.0,0.0,10.0,3809.0,2025-01,2025-12
IAD,PBM,0.0,6.0,7.0,2700.0,2025-01,2025-12
IAD,PDL,2.0,352.0,422.0,2767.0,2025-01,2025-12
IAD,PEK,104.0,27910.0,36770.0,6905.0,2025-01,2025-12
IAD,PLS,254.0,28730.0,45132.0,1225.0,2025-01,2025-12
IAD,PMI,0.0,2.0,7.0,4135.0,2025-01,2025-12
IAD,POP,1.0,109.0,179.0,1388.0,2025-01,2025-12
IAD,PRG,2.0,7.0,25.0,4294.0,2025-01,2025-12
IAD,PSA,1.0,4.0,16.0,4347.0,2025-01,2025-12
IAD,PT1,0.0,6.0,7.0,,2025-01,2025-12
IAD,PTY,1088.0,159601.0,180655.0,2068.0,2025-01,2025-12
IAD,PUJ,565.0,82348.0,101126.0,1510.0,2025-01,2025-12
IAD,PUY,0.0,2.0,9.0,4457.0,2025-01,2025-12
IAD,PVR,0.0,6.0,7.0,2076.0,2025-01,2025-12
IAD,QSR,0.0,4.0,7.0,4655.0,2025-01,2025-12
IAD,RAK,0.0,1.0,6.0,3855.0,2025-01,2025-12
IAD,RBA,2.0,14.0,28.0,3842.0,2025-01,2025-12
IAD,RTM,0.0,2.0,6.0,3853.0,2025-01,2025-12
IAD,RUH,153.0,25262.0,43589.0,6737.0,2025-01,2025-12
IAD,RVN,0.0,29.0,32.0,4120.0,2025-01,2025-12
IAD,RZE,4.0,0.0,0.0,4589.0,2025-01,2025-12
IAD,SAL,2202.0,314535.0,397742.0,1899.0,2025-01,2025-12
IAD,SCL,1.0,2.0,14.0,5016.0,2025-01,2025-12
IAD,SDQ,3.0,420.0,462.0,1492.0,2025-01,2025-12
IAD,SDR,0.0,1.0,6.0,3714.0,2025-01,2025-12
IAD,SEN,0.0,2.0,7.0,3712.0,2025-01,2025-12
IAD,SJD,0.0,83.0,83.0,2183.0,2025-01,2025-12
IAD,SJO,122.0,16042.0,21252.0,2043.0,2025-01,2025-12
IAD,SKB,0.0,60.0,90.0,1738.0,2025-01,2025-12
IAD,SNN,2.0,108.0,181.0,3298.0,2025-01,2025-12
IAD,SOF,2.0,110.0,174.0,4936.0,2025-01,2025-12
IAD,STI,4.0,567.0,626.0,1411.0,2025-01,2025-12
IAD,STN,3.0,11.0,117.0,3686.0,2025-01,2025-12
IAD,SXM,121.0,13936.0,18166.0,1682.0,2025-01,2025-12
IAD,SZG,1.0,2.0,13.0,4320.0,2025-01,2025-12
IAD,TLC,1.0,2.0,15.0,1891.0,2025-01,2025-12
IAD,TLL,0.0,3.0,8.0,4340.0,2025-01,2025-12
IAD,TLV,26.0,5348.0,6210.0,5892.0,2025-01,2025-12
IAD,TQO,0.0,86.0,90.0,1432.0,2025-01,2025-12
IAD,TSA,0.0,2.0,7.0,7847.0,2025-01,2025-12
IAD,UVF,1.0,168.0,189.0,2012.0,2025-01,2025-12
IAD,VCE,141.0,23684.0,28695.0,4370.0,2025-01,2025-12
IAD,VIE,307.0,57664.0,68240.0,4452.0,2025-01,2025-12
IAD,XRY,0.0,1.0,7.0,3794.0,2025-01,2025-12
IAD,YAM,0.0,2.0,4.0,631.0,2025-01,2025-12
IAD,YDF,0.0,2.0,4.0,1216.0,2025-01,2025-12
IAD,YEG,0.0,28.0,36.0,1964.0,2025-01,2025-12
IAD,YFC,0.0,0.0,109.0,733.0,2025-01,2025-12
IAD,YHM,2.0,0.0,242.0,319.0,2025-01,2025-12
IAD,YHU,2.0,140.0,233.0,499.0,2025-01,2025-12
IAD,YHZ,5.0,802.0,1098.0,824.0,2025-01,2025-12
IAD,YKF,1.0,4.0,9.0,347.0,2025-01,2025-12
IAD,YMX,0.0,0.0,0.0,497.0,2025-01,2025-12
IAD,YOW,1028.0,44750.0,53668.0,450.0,2025-01,2025-12
IAD,YQB,6.0,0.0,275.0,623.0,2025-01,2025-12
IAD,YQX,0.0,1.0,6.0,1324.0,2025-01,2025-12
IAD,YTZ,438.0,21114.0,34168.0,339.0,2025-01,2025-12
IAD,YUL,1034.0,65886.0,78264.0,489.0,2025-01,2025-12
IAD,YVR,126.0,18168.0,20962.0,2338.0,2025-01,2025-12
IAD,YWG,3.0,132.0,213.0,1229.0,2025-01,2025-12
IAD,YXE,0.0,0.0,7.0,1667.0,2025-01,2025-12
IAD,YXU,0.0,1.0,4.0,342.0,2025-01,2025-12
IAD,YYC,122.0,18186.0,19932.0,1947.0,2025-01,2025-12
IAD,YYG,0.0,22.0,94.0,886.0,2025-01,2025-12
IAD,YYR,0.0,1.0,7.0,1278.0,2025-01,2025-12
IAD,YYT,2.0,330.0,422.0,1372.0,2025-01,2025-12
IAD,YYZ,1965.0,124154.0,148360.0,346.0,2025-01,2025-12
IAD,ZAD,0.0,6.0,7.0,4546.0,2025-01,2025-12
IAD,ZAZ,0.0,0.0,6.0,3892.0,2025-01,2025-12
IAD,ZRH,660.0,109357.0,141024.0,4147.0,2025-01,2025-12
IAG,YXU,0.0,0.0,0.0,111.0,2025-01,2025-12
IAH,ACA,72.0,4584.0,5442.0,956.0,2025-01,2025-12
IAH,AGU,724.0,41678.0,54777.0,718.0,2025-01,2025-12
IAH,AKL,290.0,70264.0,90374.0,7422.0,2025-01,2025-12
IAH,AMS,704.0,129284.0,173892.0,5002.0,2025-01,2025-12
IAH,ARN,1.0,0.0,0.0,5184.0,2025-01,2025-12
IAH,AUA,144.0,21621.0,25776.0,2021.0,2025-01,2025-12
IAH,BJX,1272.0,109358.0,147173.0,729.0,2025-01,2025-12
IAH,BOG,726.0,105282.0,120473.0,2228.0,2025-01,2025-12
IAH,BON,52.0,6248.0,8723.0,2127.0,2025-01,2025-12
IAH,BZE,726.0,94219.0,121278.0,968.0,2025-01,2025-12
IAH,CDG,350.0,82835.0,103238.0,5016.0,2025-01,2025-12
IAH,CFB,0.0,0.0,0.0,5085.0,2025-01,2025-12
IAH,CLO,0.0,78.0,83.0,2208.0,2025-01,2025-12
IAH,CUN,2462.0,363074.0,453156.0,812.0,2025-01,2025-12
IAH,CUU,1.0,52.0,65.0,646.0,2025-01,2025-12
IAH,CZM,378.0,46051.0,62892.0,839.0,2025-01,2025-12
IAH,DOH,365.0,106810.0,117584.0,8036.0,2025-01,2025-12
IAH,DXB,374.0,115983.0,173346.0,8156.0,2025-01,2025-12
IAH,EMA,0.0,0.0,0.0,4754.0,2025-01,2025-12
IAH,EZE,504.0,115967.0,138536.0,5079.0,2025-01,2025-12
IAH,FCO,0.0,0.0,0.0,5670.0,2025-01,2025-12
IAH,FDF,2.0,0.0,0.0,2426.0,2025-01,2025-12
IAH,FRA,738.0,184546.0,211726.0,5221.0,2025-01,2025-12
IAH,GCM,278.0,33994.0,47702.0,1146.0,2025-01,2025-12
IAH,GDL,1752.0,194749.0,254234.0,821.0,2025-01,2025-12
IAH,GEO,207.0,16318.0,34196.0,2902.0,2025-01,2025-12
IAH,GIG,360.0,61624.0,72966.0,5025.0,2025-01,2025-12
IAH,GLA,0.0,87.0,128.0,4563.0,2025-01,2025-12
IAH,GRU,366.0,82291.0,93270.0,4912.0,2025-01,2025-12
IAH,GUA,1252.0,182966.0,211312.0,1107.0,2025-01,2025-12
IAH,GYE,0.0,70.0,83.0,2444.0,2025-01,2025-12
IAH,HAV,220.0,17906.0,31930.0,933.0,2025-01,2025-12
IAH,HHN,1.0,2.0,374.0,5173.0,2025-01,2025-12
IAH,HND,363.0,66630.0,77472.0,6664.0,2025-01,2025-12
IAH,ICN,0.0,122.0,136.0,7050.0,2025-01,2025-12
IAH,IST,545.0,135112.0,159814.0,6357.0,2025-01,2025-12
IAH,KEF,1.0,0.0,0.0,3856.0,2025-01,2025-12
IAH,LBG,0.0,2.0,7.0,5012.0,2025-01,2025-12
IAH,LCA,0.0,2.0,187.0,6859.0,2025-01,2025-12
IAH,LGG,55.0,0.0,0.0,5080.0,2025-01,2025-12
IAH,LGW,0.0,111.0,166.0,4843.0,2025-01,2025-12
IAH,LHR,1340.0,254803.0,350198.0,4824.0,2025-01,2025-12
IAH,LIM,364.0,61327.0,70416.0,3146.0,2025-01,2025-12
IAH,LIR,782.0,102910.0,135050.0,1481.0,2025-01,2025-12
IAH,LNZ,0.0,0.0,0.0,5502.0,2025-01,2025-12
IAH,LOS,0.0,2.0,6.0,6505.0,2025-01,2025-12
IAH,LUX,70.0,0.0,0.0,5143.0,2025-01,2025-12
IAH,MAD,0.0,1.0,6.0,4995.0,2025-01,2025-12
IAH,MAN,60.0,9936.0,15274.0,4704.0,2025-01,2025-12
IAH,MBJ,190.0,27918.0,32952.0,1352.0,2025-01,2025-12
IAH,MDE,466.0,62552.0,77439.0,2094.0,2025-01,2025-12
IAH,MDZ,0.0,93.0,138.0,4675.0,2025-01,2025-12
IAH,MEL,0.0,95.0,118.0,9001.0,2025-01,2025-12
IAH,MEX,3580.0,419287.0,560773.0,765.0,2025-01,2025-12
IAH,MGA,562.0,75096.0,93606.0,1366.0,2025-01,2025-12
IAH,MID,364.0,47438.0,62394.0,719.0,2025-01,2025-12
IAH,MLM,447.0,24100.0,34780.0,785.0,2025-01,2025-12
IAH,MTY,2652.0,224176.0,331034.0,411.0,2025-01,2025-12
IAH,MUC,281.0,63710.0,75272.0,5405.0,2025-01,2025-12
IAH,MVD,0.0,0.0,7.0,5159.0,2025-01,2025-12
IAH,MZT,50.0,2860.0,3894.0,823.0,2025-01,2025-12
IAH,NAS,370.0,47685.0,61448.0,1146.0,2025-01,2025-12
IAH,NCE,0.0,0.0,8.0,5386.0,2025-01,2025-12
IAH,NGO,0.0,0.0,0.0,6817.0,2025-01,2025-12
IAH,NLD,0.0,67.0,93.0,311.0,2025-01,2025-12
IAH,NLU,354.0,23050.0,30294.0,744.0,2025-01,2025-12
IAH,NRT,530.0,112787.0,143667.0,6629.0,2025-01,2025-12
IAH,OAX,404.0,25794.0,30707.0,901.0,2025-01,2025-12
IAH,PBC,356.0,13550.0,17801.0,772.0,2025-01,2025-12
IAH,PBM,0.0,0.0,0.0,3113.0,2025-01,2025-12
IAH,PIK,6.0,0.0,0.0,4566.0,2025-01,2025-12
IAH,PLS,102.0,12366.0,17044.0,1539.0,2025-01,2025-12
IAH,POS,362.0,42900.0,60100.0,2563.0,2025-01,2025-12
IAH,PRG,4.0,4.0,63.0,5433.0,2025-01,2025-12
IAH,PTY,984.0,144858.0,176134.0,1775.0,2025-01,2025-12
IAH,PUJ,240.0,38108.0,42815.0,1867.0,2025-01,2025-12
IAH,PVG,0.0,136.0,142.0,7560.0,2025-01,2025-12
IAH,PVR,611.0,70552.0,92930.0,892.0,2025-01,2025-12
IAH,PXM,58.0,3917.0,4390.0,981.0,2025-01,2025-12
IAH,QRO,1247.0,129880.0,160798.0,714.0,2025-01,2025-12
IAH,RTB,281.0,37646.0,46796.0,1097.0,2025-01,2025-12
IAH,SAL,1983.0,310028.0,356448.0,1211.0,2025-01,2025-12
IAH,SAP,841.0,117109.0,147376.0,1109.0,2025-01,2025-12
IAH,SCL,158.0,28666.0,36392.0,4664.0,2025-01,2025-12
IAH,SID,1.0,6.0,12.0,4611.0,2025-01,2025-12
IAH,SIN,60.0,4998.0,15180.0,9925.0,2025-01,2025-12
IAH,SJD,875.0,103224.0,137387.0,1005.0,2025-01,2025-12
IAH,SJO,1116.0,160097.0,185619.0,1556.0,2025-01,2025-12
IAH,SLP,802.0,53722.0,77011.0,636.0,2025-01,2025-12
IAH,SLW,2.0,0.0,125.0,459.0,2025-01,2025-12
IAH,SNN,0.0,2.0,8.0,4457.0,2025-01,2025-12
IAH,SVG,26.0,0.0,0.0,4834.0,2025-01,2025-12
IAH,SXM,0.0,0.0,8.0,2186.0,2025-01,2025-12
IAH,SYD,152.0,26939.0,38904.0,8597.0,2025-01,2025-12
IAH,TAM,632.0,27560.0,45714.0,554.0,2025-01,2025-12
IAH,TAP,0.0,72.0,96.0,1066.0,2025-01,2025-12
IAH,TLS,1.0,4.0,14.0,5129.0,2025-01,2025-12
IAH,TPE,374.0,104069.0,121660.0,7927.0,2025-01,2025-12
IAH,TPQ,2.0,92.0,152.0,836.0,2025-01,2025-12
IAH,TQO,474.0,54028.0,81784.0,830.0,2025-01,2025-12
IAH,TSA,0.0,2.0,7.0,7916.0,2025-01,2025-12
IAH,UIO,416.0,60974.0,69339.0,2362.0,2025-01,2025-12
IAH,VCE,0.0,37.0,117.0,5534.0,2025-01,2025-12
IAH,VER,362.0,33146.0,46345.0,751.0,2025-01,2025-12
IAH,VSA,0.0,80.0,97.0,844.0,2025-01,2025-12
IAH,XCR,0.0,0.0,0.0,5090.0,2025-01,2025-12
IAH,XPL,623.0,75244.0,101602.0,1185.0,2025-01,2025-12
IAH,YEG,157.0,18601.0,20334.0,1854.0,2025-01,2025-12
IAH,YHM,2.0,6.0,24.0,1246.0,2025-01,2025-12
IAH,YHZ,0.0,116.0,138.0,2008.0,2025-01,2025-12
IAH,YMX,0.0,0.0,0.0,1580.0,2025-01,2025-12
IAH,YPQ,0.0,0.0,0.0,1353.0,2025-01,2025-12
IAH,YQB,1.0,0.0,50.0,1728.0,2025-01,2025-12
IAH,YQM,0.0,1.0,4.0,1987.0,2025-01,2025-12
IAH,YQX,0.0,0.0,0.0,2496.0,2025-01,2025-12
IAH,YUL,347.0,38487.0,54004.0,1584.0,2025-01,2025-12
IAH,YVR,690.0,93740.0,114161.0,1969.0,2025-01,2025-12
IAH,YYC,1058.0,136619.0,159575.0,1748.0,2025-01,2025-12
IAH,YYR,0.0,2.0,5.0,2377.0,2025-01,2025-12
IAH,YYZ,1394.0,160726.0,193414.0,1280.0,2025-01,2025-12
IAH,ZCL,0.0,21.0,38.0,668.0,2025-01,2025-12
IAH,ZIH,146.0,8918.0,11016.0,938.0,2025-01,2025-12
IAH,ZLO,37.0,2158.0,2812.0,946.0,2025-01,2025-12
IAH,ZRH,0.0,1.0,7.0,5309.0,2025-01,2025-12
ICT,YVR,0.0,70.0,86.0,1507.0,2025-01,2025-12
ICT,YYC,0.0,61.0,95.0,1234.0,2025-01,2025-12
ICT,YYZ,1.0,2.0,4.0,1019.0,2025-01,2025-12
IDA,YYZ,0.0,4.0,6.0,1613.0,2025-01,2025-12
IFP,YEG,8.0,1188.0,1395.0,1255.0,2025-01,2025-12
IFP,YWG,5.0,746.0,930.0,1341.0,2025-01,2025-12
IFP,YYC,8.0,1086.0,1395.0,1103.0,2025-01,2025-12
IFP,YYZ,1.0,156.0,186.0,1939.0,2025-01,2025-12
ILG,SVD,0.0,1.0,7.0,2033.0,2025-01,2025-12
ILG,YHM,0.0,2.0,4.0,329.0,2025-01,2025-12
ILG,YPD,1.0,5.0,9.0,441.0,2025-01,2025-12
ILG,YYC,0.0,1.0,5.0,1996.0,2025-01,2025-12
ILM,CUN,0.0,0.0,74.0,1065.0,2025-01,2025-12
ILM,EDI,2.0,12.0,21.0,3720.0,2025-01,2025-12
ILM,LIR,0.0,0.0,94.0,1706.0,2025-01,2025-12
ILM,LUZ,0.0,0.0,0.0,4829.0,2025-01,2025-12
ILM,MID,0.0,4.0,7.0,1167.0,2025-01,2025-12
ILM,PLS,0.0,4.0,7.0,929.0,2025-01,2025-12
ILM,PUJ,2.0,132.0,284.0,1234.0,2025-01,2025-12
ILM,SDQ,1.0,0.0,189.0,1206.0,2025-01,2025-12
ILM,SNN,19.0,0.0,0.0,3533.0,2025-01,2025-12
ILM,STI,0.0,75.0,81.0,1121.0,2025-01,2025-12
ILM,SXM,2.0,126.0,206.0,1445.0,2025-01,2025-12
ILM,YUL,0.0,28.0,68.0,804.0,2025-01,2025-12
ILM,YYZ,0.0,1.0,6.0,656.0,2025-01,2025-12
ILN,EIN,1.0,0.0,0.0,4129.0,2025-01,2025-12
IN2,YUL,0.0,12.0,15.0,,2025-01,2025-12
IND,BER,1.0,196.0,304.0,4476.0,2025-01,2025-12
IND,BJX,3.0,0.0,0.0,1574.0,2025-01,2025-12
IND,BUD,1.0,2.0,16.0,4883.0,2025-01,2025-12
IND,CDG,108.0,210.0,282.0,4180.0,2025-01,2025-12
IND,CGN,4.0,0.0,0.0,4297.0,2025-01,2025-12
IND,CUN,78.0,11381.0,13114.0,1291.0,2025-01,2025-12
IND,DUB,188.0,18215.0,25215.0,3708.0,2025-01,2025-12
IND,EIN,2.0,210.0,245.0,4210.0,2025-01,2025-12
IND,FAB,1.0,2.0,14.0,3978.0,2025-01,2025-12
IND,FRA,0.0,170.0,182.0,4380.0,2025-01,2025-12
IND,GDL,0.0,92.0,93.0,1665.0,2025-01,2025-12
IND,GOA,0.0,2.0,6.0,4598.0,2025-01,2025-12
IND,GUA,0.0,36.0,83.0,1755.0,2025-01,2025-12
IND,GVA,0.0,7.0,7.0,4418.0,2025-01,2025-12
IND,KIX,104.0,0.0,0.0,6669.0,2025-01,2025-12
IND,LGG,217.0,0.0,0.0,4240.0,2025-01,2025-12
IND,LHR,1.0,184.0,224.0,3985.0,2025-01,2025-12
IND,LIR,1.0,140.0,186.0,2013.0,2025-01,2025-12
IND,LTN,1.0,3.0,14.0,3977.0,2025-01,2025-12
IND,LUX,45.0,0.0,0.0,4304.0,2025-01,2025-12
IND,MAD,0.0,2.0,7.0,4196.0,2025-01,2025-12
IND,MBJ,18.0,3171.0,3443.0,1549.0,2025-01,2025-12
IND,MTY,1.0,88.0,131.0,1251.0,2025-01,2025-12
IND,MXP,0.0,2.0,7.0,4547.0,2025-01,2025-12
IND,NAS,4.0,77.0,146.0,1136.0,2025-01,2025-12
IND,PUJ,6.0,693.0,962.0,1811.0,2025-01,2025-12
IND,RUH,0.0,4.0,7.0,7040.0,2025-01,2025-12
IND,SAQ,2.0,1.0,20.0,1120.0,2025-01,2025-12
IND,SJD,1.0,116.0,172.0,1784.0,2025-01,2025-12
IND,STN,52.0,0.0,0.0,4000.0,2025-01,2025-12
IND,YHM,0.0,0.0,0.0,407.0,2025-01,2025-12
IND,YHZ,0.0,0.0,0.0,1213.0,2025-01,2025-12
IND,YKF,1.0,8.0,10.0,400.0,2025-01,2025-12
IND,YMX,202.0,0.0,0.0,745.0,2025-01,2025-12
IND,YQB,0.0,0.0,195.0,893.0,2025-01,2025-12
IND,YUL,0.0,38.0,38.0,751.0,2025-01,2025-12
IND,YWG,0.0,0.0,38.0,883.0,2025-01,2025-12
IND,YYC,0.0,1.0,7.0,1544.0,2025-01,2025-12
IND,YYZ,369.0,9832.0,12782.0,439.0,2025-01,2025-12
INL,DUB,1.0,1.0,14.0,3562.0,2025-01,2025-12
INL,ISL,0.0,2.0,7.0,5319.0,2025-01,2025-12
INL,MAH,0.0,1.0,7.0,4532.0,2025-01,2025-12
INL,ZRH,0.0,2.0,7.0,4327.0,2025-01,2025-12
INT,GVA,0.0,1.0,7.0,4319.0,2025-01,2025-12
ISO,CHR,2.0,0.0,0.0,4029.0,2025-01,2025-12
ISP,ARN,0.0,2.0,6.0,3880.0,2025-01,2025-12
ISP,FLR,0.0,1.0,7.0,4116.0,2025-01,2025-12
ISP,JMK,0.0,4.0,7.0,4976.0,2025-01,2025-12
ISP,NAS,3.0,409.0,558.0,1117.0,2025-01,2025-12
ISP,PUJ,1.0,8.0,16.0,1561.0,2025-01,2025-12
JAC,ATH,0.0,3.0,7.0,6130.0,2025-01,2025-12
JAC,DUB,0.0,0.0,7.0,4388.0,2025-01,2025-12
JAC,LBG,0.0,0.0,7.0,4874.0,2025-01,2025-12
JAC,LTN,0.0,2.0,7.0,4645.0,2025-01,2025-12
JAC,MCT,0.0,2.0,7.0,7741.0,2025-01,2025-12
JAC,MHH,0.0,4.0,7.0,2217.0,2025-01,2025-12
JAC,RAK,0.0,1.0,7.0,5317.0,2025-01,2025-12
JAC,YYZ,1.0,5.0,11.0,1546.0,2025-01,2025-12
JAN,PRG,0.0,2.0,6.0,5112.0,2025-01,2025-12
JAN,YYZ,1.0,2.0,10.0,968.0,2025-01,2025-12
JAX,AUA,0.0,87.0,88.0,1450.0,2025-01,2025-12
JAX,BCN,0.0,3.0,6.0,4567.0,2025-01,2025-12
JAX,BDA,0.0,69.0,145.0,1010.0,2025-01,2025-12
JAX,BGI,0.0,68.0,80.0,1857.0,2025-01,2025-12
JAX,BJX,0.0,35.0,50.0,1393.0,2025-01,2025-12
JAX,BOG,0.0,76.0,100.0,1848.0,2025-01,2025-12
JAX,CUN,0.0,0.0,10.0,728.0,2025-01,2025-12
JAX,EIS,0.0,10.0,15.0,1359.0,2025-01,2025-12
JAX,ELH,1.0,4.0,8.0,462.0,2025-01,2025-12
JAX,FRA,0.0,140.0,142.0,4648.0,2025-01,2025-12
JAX,GHC,0.0,2.0,4.0,404.0,2025-01,2025-12
JAX,GUA,4.0,638.0,884.0,1234.0,2025-01,2025-12
JAX,GVA,0.0,2.0,7.0,4635.0,2025-01,2025-12
JAX,INV,0.0,4.0,7.0,4020.0,2025-01,2025-12
JAX,KIN,0.0,55.0,78.0,921.0,2025-01,2025-12
JAX,LRM,0.0,59.0,64.0,1155.0,2025-01,2025-12
JAX,MBJ,1.0,126.0,128.0,862.0,2025-01,2025-12
JAX,MHH,1.0,6.0,8.0,392.0,2025-01,2025-12
JAX,NAS,2.0,72.0,114.0,457.0,2025-01,2025-12
JAX,NBW,3.0,376.0,452.0,836.0,2025-01,2025-12
JAX,NLU,0.0,90.0,90.0,1311.0,2025-01,2025-12
JAX,PBC,0.0,3.0,6.0,1304.0,2025-01,2025-12
JAX,PIK,0.0,4.0,7.0,4021.0,2025-01,2025-12
JAX,POA,1.0,8.0,14.0,4636.0,2025-01,2025-12
JAX,PSA,0.0,2.0,7.0,4896.0,2025-01,2025-12
JAX,PUJ,0.0,90.0,94.0,1173.0,2025-01,2025-12
JAX,QRO,0.0,0.0,50.0,1337.0,2025-01,2025-12
JAX,SAL,0.0,75.0,80.0,1268.0,2025-01,2025-12
JAX,SAP,2.0,109.0,298.0,1112.0,2025-01,2025-12
JAX,SJD,0.0,90.0,100.0,1796.0,2025-01,2025-12
JAX,SML,1.0,6.0,7.0,619.0,2025-01,2025-12
JAX,SNN,0.0,14.0,26.0,3873.0,2025-01,2025-12
JAX,STN,1.0,182.0,189.0,4264.0,2025-01,2025-12
JAX,SXM,0.0,94.0,100.0,1449.0,2025-01,2025-12
JAX,TCB,0.0,4.0,4.0,367.0,2025-01,2025-12
JAX,UVF,0.0,78.0,90.0,1755.0,2025-01,2025-12
JAX,YYZ,141.0,8269.0,10716.0,918.0,2025-01,2025-12
JFK,ACC,363.0,80626.0,100886.0,5109.0,2025-01,2025-12
JFK,ADD,244.0,37686.0,63280.0,6960.0,2025-01,2025-12
JFK,AEP,0.0,2.0,7.0,5287.0,2025-01,2025-12
JFK,AGP,1.0,25.0,182.0,3650.0,2025-01,2025-12
JFK,AKL,412.0,73352.0,100606.0,8833.0,2025-01,2025-12
JFK,ALG,0.0,0.0,0.0,4025.0,2025-01,2025-12
JFK,AMM,206.0,46484.0,54722.0,5726.0,2025-01,2025-12
JFK,AMS,1740.0,406063.0,467686.0,3634.0,2025-01,2025-12
JFK,ANF,0.0,92.0,122.0,4433.0,2025-01,2025-12
JFK,ANU,617.0,82318.0,101913.0,1774.0,2025-01,2025-12
JFK,ARN,186.0,34899.0,39650.0,3910.0,2025-01,2025-12
JFK,ATH,732.0,187693.0,212914.0,4929.0,2025-01,2025-12
JFK,AUA,1444.0,225756.0,260354.0,1958.0,2025-01,2025-12
JFK,AUH,730.0,208107.0,229611.0,6854.0,2025-01,2025-12
JFK,AZI,2.0,4.0,21.0,6848.0,2025-01,2025-12
JFK,BAH,40.0,7510.0,11280.0,6601.0,2025-01,2025-12
JFK,BAQ,2.0,220.0,324.0,2056.0,2025-01,2025-12
JFK,BCN,1017.0,263034.0,292626.0,3822.0,2025-01,2025-12
JFK,BDA,667.0,68407.0,90846.0,762.0,2025-01,2025-12
JFK,BEG,221.0,43844.0,65714.0,4499.0,2025-01,2025-12
JFK,BER,259.0,59607.0,66544.0,3971.0,2025-01,2025-12
JFK,BGI,773.0,107455.0,140477.0,2092.0,2025-01,2025-12
JFK,BGO,0.0,0.0,0.0,3482.0,2025-01,2025-12
JFK,BGY,0.0,1.0,6.0,4026.0,2025-01,2025-12
JFK,BHX,2.0,0.0,0.0,3370.0,2025-01,2025-12
JFK,BOG,1090.0,178944.0,211443.0,2483.0,2025-01,2025-12
JFK,BOM,312.0,79196.0,101947.0,7787.0,2025-01,2025-12
JFK,BON,84.0,8659.0,13689.0,1998.0,2025-01,2025-12
JFK,BRI,16.0,4070.0,5680.0,4489.0,2025-01,2025-12
JFK,BRU,460.0,93744.0,119759.0,3657.0,2025-01,2025-12
JFK,BSL,2.0,0.0,0.0,3873.0,2025-01,2025-12
JFK,BUD,3.0,583.0,655.0,4360.0,2025-01,2025-12
JFK,BZE,132.0,16338.0,21356.0,1815.0,2025-01,2025-12
JFK,BZZ,0.0,0.0,160.0,3391.0,2025-01,2025-12
JFK,CAG,0.0,2.0,6.0,4212.0,2025-01,2025-12
JFK,CAI,196.0,47363.0,67816.0,5603.0,2025-01,2025-12
JFK,CAN,296.0,17942.0,18952.0,7989.0,2025-01,2025-12
JFK,CAY,0.0,0.0,0.0,2809.0,2025-01,2025-12
JFK,CDG,3650.0,871836.0,989376.0,3625.0,2025-01,2025-12
JFK,CGO,6.0,0.0,0.0,7221.0,2025-01,2025-12
JFK,CHC,0.0,74.0,118.0,9122.0,2025-01,2025-12
JFK,CLO,52.0,7514.0,8660.0,2568.0,2025-01,2025-12
JFK,CMN,499.0,108650.0,150698.0,3601.0,2025-01,2025-12
JFK,CPH,516.0,103580.0,127136.0,3846.0,2025-01,2025-12
JFK,CTA,154.0,28472.0,33084.0,4553.0,2025-01,2025-12
JFK,CTG,428.0,62216.0,75180.0,2089.0,2025-01,2025-12
JFK,CUN,2256.0,350748.0,403955.0,1557.0,2025-01,2025-12
JFK,CUR,328.0,46462.0,53688.0,1987.0,2025-01,2025-12
JFK,DBV,1.0,224.0,282.0,4500.0,2025-01,2025-12
JFK,DEL,664.0,161156.0,198624.0,7305.0,2025-01,2025-12
JFK,DOH,1012.0,293051.0,341906.0,6692.0,2025-01,2025-12
JFK,DSS,185.0,28004.0,39536.0,3827.0,2025-01,2025-12
JFK,DUB,1328.0,286634.0,340668.0,3171.0,2025-01,2025-12
JFK,DUS,5.0,1514.0,1550.0,3739.0,2025-01,2025-12
JFK,DWC,0.0,2.0,7.0,6848.0,2025-01,2025-12
JFK,DXB,671.0,264472.0,324918.0,6837.0,2025-01,2025-12
JFK,EDI,426.0,67292.0,81906.0,3247.0,2025-01,2025-12
JFK,EMA,4.0,0.0,0.0,3379.0,2025-01,2025-12
JFK,EZE,514.0,125670.0,145933.0,5303.0,2025-01,2025-12
JFK,FAB,2.0,16.0,48.0,3433.0,2025-01,2025-12
JFK,FCO,2030.0,512170.0,585352.0,4267.0,2025-01,2025-12
JFK,FOC,105.0,26938.0,30135.0,7757.0,2025-01,2025-12
JFK,FOR,0.0,114.0,149.0,3791.0,2025-01,2025-12
JFK,FRA,1862.0,328020.0,419902.0,3846.0,2025-01,2025-12
JFK,FSC,0.0,4.0,7.0,4136.0,2025-01,2025-12
JFK,GCM,354.0,38374.0,56170.0,1542.0,2025-01,2025-12
JFK,GDL,153.0,21867.0,27596.0,2221.0,2025-01,2025-12
JFK,GEO,1278.0,185902.0,229966.0,2546.0,2025-01,2025-12
JFK,GGT,0.0,7.0,7.0,1186.0,2025-01,2025-12
JFK,GIG,252.0,52356.0,60336.0,4803.0,2025-01,2025-12
JFK,GLA,0.0,154.0,168.0,3208.0,2025-01,2025-12
JFK,GND,386.0,56029.0,71456.0,2109.0,2025-01,2025-12
JFK,GOH,4.0,1023.0,1209.0,1853.0,2025-01,2025-12
JFK,GRU,1083.0,268962.0,308932.0,4762.0,2025-01,2025-12
JFK,GUA,602.0,90844.0,112823.0,2063.0,2025-01,2025-12
JFK,GVA,535.0,88545.0,124484.0,3853.0,2025-01,2025-12
JFK,GYE,947.0,139192.0,169176.0,2982.0,2025-01,2025-12
JFK,HAJ,0.0,0.0,0.0,3822.0,2025-01,2025-12
JFK,HAM,0.0,0.0,0.0,3802.0,2025-01,2025-12
JFK,HEL,343.0,72789.0,96023.0,4106.0,2025-01,2025-12
JFK,HHN,10.0,0.0,0.0,3795.0,2025-01,2025-12
JFK,HKG,1254.0,310256.0,347319.0,8059.0,2025-01,2025-12
JFK,HND,1750.0,346978.0,414087.0,6758.0,2025-01,2025-12
JFK,ICN,1518.0,394428.0,449048.0,6890.0,2025-01,2025-12
JFK,INN,0.0,0.0,7.0,4044.0,2025-01,2025-12
JFK,IST,1205.0,330042.0,388182.0,4987.0,2025-01,2025-12
JFK,JED,208.0,49062.0,60593.0,6354.0,2025-01,2025-12
JFK,JNB,0.0,76.0,138.0,7973.0,2025-01,2025-12
JFK,KEF,862.0,124884.0,162179.0,2587.0,2025-01,2025-12
JFK,KIN,1358.0,176934.0,231696.0,1579.0,2025-01,2025-12
JFK,KIX,3.0,790.0,899.0,6931.0,2025-01,2025-12
JFK,KTT,0.0,2.0,7.0,3868.0,2025-01,2025-12
JFK,KTW,0.0,0.0,193.0,4244.0,2025-01,2025-12
JFK,KWI,336.0,51412.0,112393.0,6339.0,2025-01,2025-12
JFK,LDE,0.0,156.0,169.0,3669.0,2025-01,2025-12
JFK,LEJ,8.0,0.0,0.0,3951.0,2025-01,2025-12
JFK,LGG,174.0,0.0,0.0,3703.0,2025-01,2025-12
JFK,LGW,533.0,142170.0,164636.0,3461.0,2025-01,2025-12
JFK,LHR,7497.0,1570196.0,1953324.0,3442.0,2025-01,2025-12
JFK,LIM,539.0,107408.0,123772.0,3645.0,2025-01,2025-12
JFK,LIR,331.0,45357.0,55560.0,2197.0,2025-01,2025-12
JFK,LIS,714.0,156820.0,175488.0,3358.0,2025-01,2025-12
JFK,LOS,102.0,14840.0,27500.0,5247.0,2025-01,2025-12
JFK,LTN,2.0,16.0,33.0,3438.0,2025-01,2025-12
JFK,LUX,90.0,0.0,0.0,3761.0,2025-01,2025-12
JFK,LUZ,8.0,0.0,0.0,4352.0,2025-01,2025-12
JFK,MAD,1572.0,398352.0,447922.0,3579.0,2025-01,2025-12
JFK,MAN,626.0,161478.0,198046.0,3332.0,2025-01,2025-12
JFK,MBJ,1516.0,235285.0,276926.0,1549.0,2025-01,2025-12
JFK,MDE,516.0,74446.0,86654.0,2384.0,2025-01,2025-12
JFK,MEC,0.0,0.0,0.0,2906.0,2025-01,2025-12
JFK,MEX,2154.0,359365.0,416963.0,2091.0,2025-01,2025-12
JFK,MLA,1.0,0.0,0.0,4590.0,2025-01,2025-12
JFK,MNL,144.0,33884.0,42632.0,8510.0,2025-01,2025-12
JFK,MST,0.0,0.0,0.0,3709.0,2025-01,2025-12
JFK,MTY,41.0,5009.0,7100.0,1824.0,2025-01,2025-12
JFK,MUC,355.0,120572.0,139850.0,4027.0,2025-01,2025-12
JFK,MXP,1359.0,362494.0,462782.0,3985.0,2025-01,2025-12
JFK,NAN,0.0,108.0,118.0,7984.0,2025-01,2025-12
JFK,NAP,170.0,31270.0,36522.0,4390.0,2025-01,2025-12
JFK,NAS,988.0,129478.0,162850.0,1099.0,2025-01,2025-12
JFK,NBO,295.0,54384.0,69030.0,7355.0,2025-01,2025-12
JFK,NCE,218.0,44572.0,50932.0,3981.0,2025-01,2025-12
JFK,NLU,6.0,128.0,134.0,2072.0,2025-01,2025-12
JFK,NRT,8.0,1204.0,1498.0,6730.0,2025-01,2025-12
JFK,OPO,0.0,137.0,144.0,3314.0,2025-01,2025-12
JFK,OSL,240.0,37762.0,44880.0,3677.0,2025-01,2025-12
JFK,OTP,0.0,0.0,0.0,4742.0,2025-01,2025-12
JFK,PBM,1.0,178.0,200.0,2690.0,2025-01,2025-12
JFK,PDL,196.0,23170.0,34450.0,2551.0,2025-01,2025-12
JFK,PEI,86.0,11562.0,13625.0,2478.0,2025-01,2025-12
JFK,PEK,260.0,82863.0,93565.0,6822.0,2025-01,2025-12
JFK,PLS,614.0,83338.0,111040.0,1307.0,2025-01,2025-12
JFK,PMI,1.0,14.0,22.0,3908.0,2025-01,2025-12
JFK,PMO,31.0,7686.0,11005.0,4436.0,2025-01,2025-12
JFK,POP,452.0,60866.0,74851.0,1455.0,2025-01,2025-12
JFK,POS,1111.0,144503.0,194317.0,2210.0,2025-01,2025-12
JFK,PPT,1.0,210.0,236.0,6295.0,2025-01,2025-12
JFK,PRG,154.0,30046.0,32042.0,4071.0,2025-01,2025-12
JFK,PSA,0.0,2.0,7.0,4120.0,2025-01,2025-12
JFK,PTY,1244.0,187462.0,204086.0,2208.0,2025-01,2025-12
JFK,PUJ,2266.0,336780.0,405472.0,1559.0,2025-01,2025-12
JFK,PUS,0.0,1.0,7.0,7003.0,2025-01,2025-12
JFK,PVG,405.0,30831.0,32506.0,7378.0,2025-01,2025-12
JFK,PVR,62.0,8025.0,11108.0,2303.0,2025-01,2025-12
JFK,RBA,0.0,2.0,7.0,3621.0,2025-01,2025-12
JFK,RIX,0.0,0.0,0.0,4192.0,2025-01,2025-12
JFK,RMS,1.0,128.0,238.0,3823.0,2025-01,2025-12
JFK,RUH,156.0,34692.0,44834.0,6512.0,2025-01,2025-12
JFK,RZE,9.0,793.0,986.0,4368.0,2025-01,2025-12
JFK,SAL,1149.0,164122.0,199863.0,2094.0,2025-01,2025-12
JFK,SAP,260.0,29530.0,43404.0,1936.0,2025-01,2025-12
JFK,SCL,364.0,83869.0,99369.0,5119.0,2025-01,2025-12
JFK,SDQ,3100.0,474112.0,557302.0,1554.0,2025-01,2025-12
JFK,SFJ,2.0,265.0,334.0,2023.0,2025-01,2025-12
JFK,SHJ,1.0,6.0,14.0,6838.0,2025-01,2025-12
JFK,SID,1.0,0.0,0.0,3435.0,2025-01,2025-12
JFK,SIN,653.0,65720.0,139790.0,9532.0,2025-01,2025-12
JFK,SJD,340.0,49998.0,63480.0,2406.0,2025-01,2025-12
JFK,SJO,356.0,51258.0,58270.0,2211.0,2025-01,2025-12
JFK,SKB,202.0,23408.0,33091.0,1741.0,2025-01,2025-12
JFK,SNN,422.0,63794.0,81044.0,3073.0,2025-01,2025-12
JFK,SOF,0.0,0.0,0.0,4710.0,2025-01,2025-12
JFK,STI,3380.0,525388.0,619156.0,1479.0,2025-01,2025-12
JFK,STR,0.0,0.0,0.0,3912.0,2025-01,2025-12
JFK,SVD,220.0,25972.0,35588.0,2047.0,2025-01,2025-12
JFK,SXM,825.0,119477.0,149351.0,1685.0,2025-01,2025-12
JFK,TAB,49.0,5902.0,7840.0,2185.0,2025-01,2025-12
JFK,TAR,1.0,0.0,0.0,4541.0,2025-01,2025-12
JFK,TAS,227.0,47714.0,61020.0,6323.0,2025-01,2025-12
JFK,TER,34.0,3790.0,6312.0,2456.0,2025-01,2025-12
JFK,TLC,0.0,2.0,6.0,2117.0,2025-01,2025-12
JFK,TLS,0.0,0.0,0.0,3719.0,2025-01,2025-12
JFK,TLV,1088.0,272044.0,289598.0,5665.0,2025-01,2025-12
JFK,TPE,573.0,155243.0,196174.0,7795.0,2025-01,2025-12
JFK,TQO,162.0,18489.0,26282.0,1634.0,2025-01,2025-12
JFK,UIO,331.0,47980.0,54414.0,2831.0,2025-01,2025-12
JFK,UVF,502.0,74632.0,90847.0,2014.0,2025-01,2025-12
JFK,VCE,260.0,51045.0,58486.0,4144.0,2025-01,2025-12
JFK,VER,1.0,168.0,181.0,1990.0,2025-01,2025-12
JFK,VIE,218.0,50314.0,62618.0,4229.0,2025-01,2025-12
JFK,WAW,504.0,124703.0,143463.0,4255.0,2025-01,2025-12
JFK,XCR,0.0,0.0,0.0,3701.0,2025-01,2025-12
JFK,YHM,2.0,0.0,0.0,361.0,2025-01,2025-12
JFK,YHZ,61.0,262.0,274.0,597.0,2025-01,2025-12
JFK,YMX,0.0,0.0,0.0,348.0,2025-01,2025-12
JFK,YOW,2.0,25.0,123.0,337.0,2025-01,2025-12
JFK,YQA,0.0,2.0,4.0,410.0,2025-01,2025-12
JFK,YQM,7.0,0.0,0.0,593.0,2025-01,2025-12
JFK,YQX,2.0,304.0,366.0,1098.0,2025-01,2025-12
JFK,YUL,278.0,15594.0,21261.0,334.0,2025-01,2025-12
JFK,YVR,360.0,48324.0,57428.0,2442.0,2025-01,2025-12
JFK,YWG,2.0,218.0,280.0,1300.0,2025-01,2025-12
JFK,YYC,332.0,46155.0,51990.0,2036.0,2025-01,2025-12
JFK,YYR,1.0,80.0,256.0,1075.0,2025-01,2025-12
JFK,YYT,2.0,250.0,641.0,1144.0,2025-01,2025-12
JFK,YYZ,2640.0,158690.0,199679.0,366.0,2025-01,2025-12
JFK,ZAZ,6.0,0.0,0.0,3665.0,2025-01,2025-12
JFK,ZCL,0.0,86.0,93.0,2078.0,2025-01,2025-12
JFK,ZRH,1062.0,201950.0,249276.0,3921.0,2025-01,2025-12
JNU,DUS,0.0,4.0,6.0,4554.0,2025-01,2025-12
JNU,ICN,0.0,1.0,7.0,4358.0,2025-01,2025-12
JNU,ISL,0.0,2.0,7.0,5508.0,2025-01,2025-12
JRF,OKO,0.0,0.0,126.0,3863.0,2025-01,2025-12
JRV,EIS,4.0,0.0,0.0,,2025-01,2025-12
JZI,YYC,0.0,2.0,5.0,,2025-01,2025-12
KEH,CXH,6.0,2.0,45.0,113.0,2025-01,2025-12
KEH,YWH,270.0,1261.0,2366.0,69.0,2025-01,2025-12
KEH,YYJ,0.0,2.0,3.0,82.0,2025-01,2025-12
KEH,ZNA,66.0,394.0,540.0,124.0,2025-01,2025-12
KOA,ADL,0.0,4.0,7.0,5713.0,2025-01,2025-12
KOA,AKL,1.0,6.0,14.0,4357.0,2025-01,2025-12
KOA,BNE,0.0,1.0,7.0,4708.0,2025-01,2025-12
KOA,GHB,0.0,2.0,7.0,5028.0,2025-01,2025-12
KOA,GMP,0.0,0.0,7.0,4711.0,2025-01,2025-12
KOA,HKG,0.0,1.0,7.0,5712.0,2025-01,2025-12
KOA,HND,1.0,4.0,14.0,4007.0,2025-01,2025-12
KOA,MEL,0.0,2.0,7.0,5518.0,2025-01,2025-12
KOA,NAS,0.0,1.0,7.0,4963.0,2025-01,2025-12
KOA,NRT,1.0,5.0,14.0,3972.0,2025-01,2025-12
KOA,OKA,0.0,1.0,7.0,4808.0,2025-01,2025-12
KOA,OOL,1.0,2.0,12.0,4722.0,2025-01,2025-12
KOA,PPT,2.0,35.0,43.0,2613.0,2025-01,2025-12
KOA,PVG,0.0,4.0,7.0,5076.0,2025-01,2025-12
KOA,SDL,0.0,1.0,7.0,6742.0,2025-01,2025-12
KOA,SJD,0.0,4.0,7.0,2976.0,2025-01,2025-12
KOA,SYD,1.0,10.0,22.0,5080.0,2025-01,2025-12
KOA,YUL,0.0,1.0,7.0,4891.0,2025-01,2025-12
KOA,YVR,147.0,21342.0,25253.0,2725.0,2025-01,2025-12
KOA,YYC,67.0,9657.0,11658.0,3139.0,2025-01,2025-12
LAF,NAS,0.0,54.0,75.0,1195.0,2025-01,2025-12
LAF,YYZ,0.0,2.0,4.0,437.0,2025-01,2025-12
LAL,NAS,2.0,5.0,197.0,348.0,2025-01,2025-12
LAL,SKB,1.0,0.0,189.0,1432.0,2025-01,2025-12
LAN,CUN,1.0,172.0,272.0,1508.0,2025-01,2025-12
LAN,PUJ,1.0,126.0,150.0,1923.0,2025-01,2025-12
LAN,YYZ,1.0,6.0,10.0,257.0,2025-01,2025-12
LAS,AMS,270.0,69698.0,79016.0,5342.0,2025-01,2025-12
LAS,ARN,0.0,4.0,6.0,5303.0,2025-01,2025-12
LAS,BCN,2.0,4.0,21.0,5779.0,2025-01,2025-12
LAS,BDA,4.0,6.0,16.0,2863.0,2025-01,2025-12
LAS,BJX,0.0,46.0,90.0,1329.0,2025-01,2025-12
LAS,BZE,1.0,6.0,9.0,2081.0,2025-01,2025-12
LAS,CAI,0.0,0.0,7.0,7374.0,2025-01,2025-12
LAS,CDG,10.0,2460.0,2747.0,5429.0,2025-01,2025-12
LAS,CJS,0.0,82.0,90.0,587.0,2025-01,2025-12
LAS,CPH,0.0,2.0,7.0,5396.0,2025-01,2025-12
LAS,CUN,0.0,89.0,97.0,1995.0,2025-01,2025-12
LAS,DOH,2.0,252.0,490.0,8110.0,2025-01,2025-12
LAS,DUB,78.0,16733.0,23532.0,4941.0,2025-01,2025-12
LAS,DUS,0.0,103.0,142.0,5452.0,2025-01,2025-12
LAS,EVE,0.0,2.0,7.0,4802.0,2025-01,2025-12
LAS,FAB,1.0,3.0,12.0,5215.0,2025-01,2025-12
LAS,FRA,230.0,55294.0,66398.0,5569.0,2025-01,2025-12
LAS,GCM,0.0,2.0,7.0,2353.0,2025-01,2025-12
LAS,GDL,1049.0,161456.0,214441.0,1292.0,2025-01,2025-12
LAS,GLO,0.0,2.0,8.0,5142.0,2025-01,2025-12
LAS,GMP,0.0,2.0,7.0,5990.0,2025-01,2025-12
LAS,GOT,2.0,10.0,28.0,5280.0,2025-01,2025-12
LAS,GVA,1.0,4.0,14.0,5681.0,2025-01,2025-12
LAS,HAM,0.0,2.0,7.0,5428.0,2025-01,2025-12
LAS,HEL,1.0,6.0,14.0,5403.0,2025-01,2025-12
LAS,HHN,1.0,133.0,142.0,5534.0,2025-01,2025-12
LAS,HKG,1.0,2.0,7.0,7285.0,2025-01,2025-12
LAS,HMO,1.0,166.0,208.0,539.0,2025-01,2025-12
LAS,HND,0.0,115.0,116.0,5536.0,2025-01,2025-12
LAS,ICN,367.0,88909.0,105780.0,6008.0,2025-01,2025-12
LAS,KEF,0.0,1.0,5.0,4083.0,2025-01,2025-12
LAS,KRS,0.0,4.0,8.0,5148.0,2025-01,2025-12
LAS,LBC,1.0,4.0,12.0,5439.0,2025-01,2025-12
LAS,LBG,1.0,1.0,15.0,5427.0,2025-01,2025-12
LAS,LGW,108.0,26870.0,35649.0,5240.0,2025-01,2025-12
LAS,LHR,801.0,206584.0,238269.0,5216.0,2025-01,2025-12
LAS,LIM,2.0,0.0,0.0,4146.0,2025-01,2025-12
LAS,LIN,0.0,2.0,8.0,5825.0,2025-01,2025-12
LAS,LTN,7.0,38.0,102.0,5201.0,2025-01,2025-12
LAS,MAN,76.0,17463.0,22856.0,5074.0,2025-01,2025-12
LAS,MEX,1242.0,203416.0,251448.0,1509.0,2025-01,2025-12
LAS,MLA,0.0,0.0,7.0,6508.0,2025-01,2025-12
LAS,MRS,0.0,1.0,7.0,5789.0,2025-01,2025-12
LAS,MTY,400.0,69620.0,86458.0,1139.0,2025-01,2025-12
LAS,NAN,0.0,4.0,7.0,5758.0,2025-01,2025-12
LAS,NAP,0.0,3.0,7.0,6229.0,2025-01,2025-12
LAS,NAS,0.0,1.0,7.0,2351.0,2025-01,2025-12
LAS,NCE,5.0,25.0,70.0,5847.0,2025-01,2025-12
LAS,NLU,0.0,83.0,83.0,1494.0,2025-01,2025-12
LAS,NRT,10.0,1914.0,2454.0,5500.0,2025-01,2025-12
LAS,OLB,0.0,6.0,7.0,6068.0,2025-01,2025-12
LAS,PEG,0.0,7.0,7.0,6053.0,2025-01,2025-12
LAS,PEK,0.0,3.0,7.0,6233.0,2025-01,2025-12
LAS,PLS,1.0,6.0,13.0,2749.0,2025-01,2025-12
LAS,PMI,0.0,1.0,8.0,5887.0,2025-01,2025-12
LAS,PRG,0.0,1.0,6.0,5731.0,2025-01,2025-12
LAS,PTY,254.0,36090.0,41912.0,2918.0,2025-01,2025-12
LAS,PVG,0.0,3.0,7.0,6506.0,2025-01,2025-12
LAS,PVR,38.0,3249.0,4775.0,1221.0,2025-01,2025-12
LAS,QRO,0.0,77.0,80.0,1400.0,2025-01,2025-12
LAS,RAK,0.0,1.0,7.0,5798.0,2025-01,2025-12
LAS,RUH,0.0,2.0,7.0,8056.0,2025-01,2025-12
LAS,SAL,65.0,9900.0,11552.0,2250.0,2025-01,2025-12
LAS,SCL,0.0,6.0,7.0,5589.0,2025-01,2025-12
LAS,SFJ,0.0,1.0,5.0,3267.0,2025-01,2025-12
LAS,SJD,196.0,16204.0,22350.0,951.0,2025-01,2025-12
LAS,SJO,0.0,6.0,7.0,2646.0,2025-01,2025-12
LAS,SNN,0.0,4.0,7.0,4880.0,2025-01,2025-12
LAS,STN,1.0,6.0,16.0,5220.0,2025-01,2025-12
LAS,STR,1.0,2.0,13.0,5658.0,2025-01,2025-12
LAS,SXM,0.0,2.0,8.0,3391.0,2025-01,2025-12
LAS,SYD,0.0,4.0,7.0,7727.0,2025-01,2025-12
LAS,SZX,0.0,1.0,7.0,7272.0,2025-01,2025-12
LAS,TFS,1.0,3.0,14.0,5540.0,2025-01,2025-12
LAS,TIJ,13.0,660.0,2339.0,266.0,2025-01,2025-12
LAS,TLC,1.0,6.0,14.0,1495.0,2025-01,2025-12
LAS,TLV,1.0,240.0,267.0,7348.0,2025-01,2025-12
LAS,TQO,1.0,2.0,14.0,1992.0,2025-01,2025-12
LAS,TUF,0.0,1.0,7.0,5441.0,2025-01,2025-12
LAS,UIO,0.0,0.0,0.0,3439.0,2025-01,2025-12
LAS,VCE,0.0,1.0,10.0,5920.0,2025-01,2025-12
LAS,VCP,1.0,0.0,0.0,6027.0,2025-01,2025-12
LAS,VLC,1.0,6.0,13.0,5765.0,2025-01,2025-12
LAS,YEG,452.0,54980.0,72053.0,1193.0,2025-01,2025-12
LAS,YKF,2.0,15.0,19.0,1900.0,2025-01,2025-12
LAS,YLW,21.0,1518.0,2968.0,982.0,2025-01,2025-12
LAS,YOW,88.0,8797.0,11682.0,2140.0,2025-01,2025-12
LAS,YPQ,3.0,128.0,238.0,2004.0,2025-01,2025-12
LAS,YQR,25.0,2850.0,4494.0,1121.0,2025-01,2025-12
LAS,YUL,463.0,63343.0,81152.0,2234.0,2025-01,2025-12
LAS,YVR,1454.0,178316.0,232980.0,992.0,2025-01,2025-12
LAS,YWG,82.0,10670.0,13267.0,1309.0,2025-01,2025-12
LAS,YXE,26.0,3236.0,4683.0,1186.0,2025-01,2025-12
LAS,YYC,1068.0,138002.0,169620.0,1040.0,2025-01,2025-12
LAS,YYJ,12.0,1193.0,1677.0,964.0,2025-01,2025-12
LAS,YYR,1.0,2.0,13.0,2854.0,2025-01,2025-12
LAS,YYT,0.0,124.0,129.0,3218.0,2025-01,2025-12
LAS,YYZ,1616.0,222138.0,261072.0,1939.0,2025-01,2025-12
LAS,ZRH,86.0,21184.0,27972.0,5699.0,2025-01,2025-12
LAW,MZT,0.0,36.0,38.0,919.0,2025-01,2025-12
LAX,ACA,0.0,97.0,122.0,1658.0,2025-01,2025-12
LAX,AEY,0.0,2.0,6.0,4382.0,2025-01,2025-12
LAX,AGP,0.0,4.0,7.0,5966.0,2025-01,2025-12
LAX,AGU,261.0,35678.0,47380.0,1294.0,2025-01,2025-12
LAX,AKL,818.0,199364.0,256828.0,6517.0,2025-01,2025-12
LAX,AMS,560.0,150033.0,168232.0,5565.0,2025-01,2025-12
LAX,ANF,0.0,99.0,122.0,5064.0,2025-01,2025-12
LAX,ANU,0.0,0.0,10.0,3667.0,2025-01,2025-12
LAX,ARN,1.0,5.0,15.0,5508.0,2025-01,2025-12
LAX,ASU,0.0,4.0,7.0,5714.0,2025-01,2025-12
LAX,ATH,69.0,20276.0,22998.0,6914.0,2025-01,2025-12
LAX,AVV,0.0,0.0,0.0,7957.0,2025-01,2025-12
LAX,BAQ,0.0,0.0,0.0,3176.0,2025-01,2025-12
LAX,BCN,265.0,69734.0,81046.0,6011.0,2025-01,2025-12
LAX,BGI,2.0,1.0,7.0,3944.0,2025-01,2025-12
LAX,BJV,0.0,2.0,7.0,7056.0,2025-01,2025-12
LAX,BJX,258.0,35306.0,47686.0,1367.0,2025-01,2025-12
LAX,BKK,1.0,0.0,0.0,8259.0,2025-01,2025-12
LAX,BLL,0.0,0.0,0.0,5515.0,2025-01,2025-12
LAX,BLQ,1.0,2.0,15.0,6163.0,2025-01,2025-12
LAX,BNE,395.0,78552.0,96420.0,7167.0,2025-01,2025-12
LAX,BOD,0.0,3.0,8.0,5741.0,2025-01,2025-12
LAX,BOG,40.0,0.0,0.0,3480.0,2025-01,2025-12
LAX,BRS,1.0,2.0,14.0,5374.0,2025-01,2025-12
LAX,BRU,21.0,3.0,34.0,5626.0,2025-01,2025-12
LAX,BSB,0.0,136.0,150.0,5767.0,2025-01,2025-12
LAX,BSL,0.0,1.0,7.0,5885.0,2025-01,2025-12
LAX,BTS,1.0,8.0,14.0,6137.0,2025-01,2025-12
LAX,BUD,2.0,6.0,22.0,6233.0,2025-01,2025-12
LAX,BYJ,0.0,2.0,7.0,5758.0,2025-01,2025-12
LAX,BZE,260.0,36852.0,45006.0,2177.0,2025-01,2025-12
LAX,CAN,570.0,88086.0,94221.0,7219.0,2025-01,2025-12
LAX,CAT,0.0,1.0,7.0,5670.0,2025-01,2025-12
LAX,CAY,0.0,0.0,0.0,4664.0,2025-01,2025-12
LAX,CDG,1784.0,482272.0,543230.0,5656.0,2025-01,2025-12
LAX,CEG,0.0,2.0,7.0,5286.0,2025-01,2025-12
LAX,CGN,1.0,6.0,14.0,5708.0,2025-01,2025-12
LAX,CGO,12.0,0.0,0.0,6623.0,2025-01,2025-12
LAX,CIA,1.0,1.0,14.0,6352.0,2025-01,2025-12
LAX,CIX,0.0,0.0,0.0,3779.0,2025-01,2025-12
LAX,CMA,0.0,0.0,4.0,7586.0,2025-01,2025-12
LAX,CMN,1.0,0.0,0.0,5977.0,2025-01,2025-12
LAX,CNS,0.0,114.0,117.0,7190.0,2025-01,2025-12
LAX,CPH,363.0,87172.0,105845.0,5610.0,2025-01,2025-12
LAX,CSL,102.0,2138.0,3020.0,,2025-01,2025-12
LAX,CTM,0.0,6.0,7.0,2136.0,2025-01,2025-12
LAX,CTS,0.0,2.0,7.0,5118.0,2025-01,2025-12
LAX,CUN,1874.0,291449.0,333866.0,2117.0,2025-01,2025-12
LAX,CWB,1.0,4.0,14.0,6120.0,2025-01,2025-12
LAX,DAC,0.0,0.0,0.0,8019.0,2025-01,2025-12
LAX,DNA,1.0,0.0,0.0,6426.0,2025-01,2025-12
LAX,DNR,0.0,1.0,7.0,5521.0,2025-01,2025-12
LAX,DOH,365.0,110370.0,121757.0,8293.0,2025-01,2025-12
LAX,DUB,326.0,73054.0,99204.0,5169.0,2025-01,2025-12
LAX,DXB,336.0,119271.0,167486.0,8327.0,2025-01,2025-12
LAX,EDI,1.0,6.0,14.0,5152.0,2025-01,2025-12
LAX,EHU,6.0,0.0,0.0,6792.0,2025-01,2025-12
LAX,EMA,1.0,4.0,7.0,5353.0,2025-01,2025-12
LAX,EZE,2.0,4.0,14.0,6127.0,2025-01,2025-12
LAX,FAB,7.0,22.0,100.0,5442.0,2025-01,2025-12
LAX,FAO,0.0,1.0,8.0,5803.0,2025-01,2025-12
LAX,FCO,398.0,106778.0,127450.0,6340.0,2025-01,2025-12
LAX,FLR,2.0,4.0,21.0,6199.0,2025-01,2025-12
LAX,FRA,758.0,181334.0,210900.0,5792.0,2025-01,2025-12
LAX,FRL,0.0,6.0,7.0,6206.0,2025-01,2025-12
LAX,GCM,52.0,4776.0,8320.0,2485.0,2025-01,2025-12
LAX,GDL,3496.0,549596.0,650052.0,1308.0,2025-01,2025-12
LAX,GEO,0.0,0.0,6.0,4266.0,2025-01,2025-12
LAX,GIG,1.0,56.0,152.0,6300.0,2025-01,2025-12
LAX,GLA,0.0,2.0,6.0,5124.0,2025-01,2025-12
LAX,GMP,6.0,24.0,84.0,5963.0,2025-01,2025-12
LAX,GOA,1.0,6.0,14.0,6092.0,2025-01,2025-12
LAX,GOT,0.0,3.0,7.0,5492.0,2025-01,2025-12
LAX,GRU,208.0,55751.0,62554.0,6163.0,2025-01,2025-12
LAX,GUA,1632.0,243692.0,279898.0,2194.0,2025-01,2025-12
LAX,GVA,2.0,18.0,46.0,5909.0,2025-01,2025-12
LAX,GYE,0.0,0.0,0.0,3533.0,2025-01,2025-12
LAX,HAN,2.0,0.0,0.0,7643.0,2025-01,2025-12
LAX,HEL,164.0,34362.0,47362.0,5601.0,2025-01,2025-12
LAX,HHN,1.0,0.0,0.0,5758.0,2025-01,2025-12
LAX,HKG,2036.0,407729.0,513229.0,7248.0,2025-01,2025-12
LAX,HMO,0.0,76.0,83.0,547.0,2025-01,2025-12
LAX,HND,2510.0,554150.0,629805.0,5476.0,2025-01,2025-12
LAX,IBZ,1.0,6.0,16.0,6101.0,2025-01,2025-12
LAX,ICN,2856.0,595822.0,728826.0,5981.0,2025-01,2025-12
LAX,IST,760.0,212748.0,259718.0,6836.0,2025-01,2025-12
LAX,JED,125.0,26368.0,36250.0,8320.0,2025-01,2025-12
LAX,KEF,2.0,422.0,448.0,4304.0,2025-01,2025-12
LAX,KIN,0.0,17.0,190.0,2789.0,2025-01,2025-12
LAX,KIX,316.0,55148.0,67805.0,5730.0,2025-01,2025-12
LAX,KKJ,18.0,0.0,0.0,5945.0,2025-01,2025-12
LAX,KTW,0.0,3.0,7.0,6054.0,2025-01,2025-12
LAX,LAP,188.0,11558.0,14385.0,837.0,2025-01,2025-12
LAX,LBA,0.0,0.0,7.0,5297.0,2025-01,2025-12
LAX,LBG,12.0,42.0,181.0,5655.0,2025-01,2025-12
LAX,LEJ,124.0,0.0,0.0,5824.0,2025-01,2025-12
LAX,LGG,2.0,0.0,0.0,5668.0,2025-01,2025-12
LAX,LGW,112.0,33648.0,37700.0,5467.0,2025-01,2025-12
LAX,LHR,3020.0,709262.0,905090.0,5443.0,2025-01,2025-12
LAX,LIM,700.0,128077.0,150196.0,4176.0,2025-01,2025-12
LAX,LIN,1.0,4.0,14.0,6052.0,2025-01,2025-12
LAX,LIR,616.0,88383.0,106064.0,2628.0,2025-01,2025-12
LAX,LIS,118.0,30688.0,35040.0,5677.0,2025-01,2025-12
LAX,LJU,0.0,0.0,0.0,6168.0,2025-01,2025-12
LAX,LTN,16.0,66.0,225.0,5427.0,2025-01,2025-12
LAX,LTO,293.0,28092.0,37684.0,693.0,2025-01,2025-12
LAX,LUX,134.0,0.0,0.0,5742.0,2025-01,2025-12
LAX,MAD,242.0,70754.0,81722.0,5832.0,2025-01,2025-12
LAX,MAN,2.0,14.0,28.0,5300.0,2025-01,2025-12
LAX,MDE,0.0,0.0,0.0,3347.0,2025-01,2025-12
LAX,MDZ,0.0,0.0,7.0,5627.0,2025-01,2025-12
LAX,MEL,582.0,129394.0,165467.0,7928.0,2025-01,2025-12
LAX,MEX,2895.0,477176.0,566152.0,1554.0,2025-01,2025-12
LAX,MGA,46.0,74.0,83.0,2525.0,2025-01,2025-12
LAX,MHH,0.0,0.0,7.0,2503.0,2025-01,2025-12
LAX,MID,5.0,763.0,968.0,1970.0,2025-01,2025-12
LAX,MLM,350.0,44970.0,63876.0,1443.0,2025-01,2025-12
LAX,MNL,664.0,196894.0,246137.0,7295.0,2025-01,2025-12
LAX,MRS,1.0,2.0,14.0,6019.0,2025-01,2025-12
LAX,MTY,568.0,54440.0,84328.0,1231.0,2025-01,2025-12
LAX,MUC,354.0,137810.0,171333.0,5975.0,2025-01,2025-12
LAX,MVD,0.0,0.0,0.0,6231.0,2025-01,2025-12
LAX,MXP,16.0,1.0,8.0,6025.0,2025-01,2025-12
LAX,MZT,334.0,35465.0,43212.0,1046.0,2025-01,2025-12
LAX,NAN,396.0,95928.0,122651.0,5526.0,2025-01,2025-12
LAX,NAS,65.0,8504.0,11158.0,2520.0,2025-01,2025-12
LAX,NCE,10.0,261.0,418.0,6076.0,2025-01,2025-12
LAX,NGO,14.0,2.0,11.0,5641.0,2025-01,2025-12
LAX,NHT,2.0,4.0,28.0,5441.0,2025-01,2025-12
LAX,NKG,0.0,151.0,152.0,6566.0,2025-01,2025-12
LAX,NLU,393.0,223.0,811.0,1541.0,2025-01,2025-12
LAX,NQY,0.0,2.0,7.0,5338.0,2025-01,2025-12
LAX,NRT,2456.0,368196.0,429611.0,5439.0,2025-01,2025-12
LAX,NUE,1.0,6.0,14.0,5894.0,2025-01,2025-12
LAX,OAX,235.0,32248.0,43256.0,1781.0,2025-01,2025-12
LAX,OLB,0.0,2.0,7.0,6297.0,2025-01,2025-12
LAX,OOL,0.0,2.0,7.0,7174.0,2025-01,2025-12
LAX,OPO,1.0,8.0,14.0,5592.0,2025-01,2025-12
LAX,ORY,116.0,39122.0,47236.0,5663.0,2025-01,2025-12
LAX,OSL,2.0,136.0,188.0,5332.0,2025-01,2025-12
LAX,OST,0.0,6.0,7.0,5561.0,2025-01,2025-12
LAX,OZZ,0.0,2.0,7.0,6114.0,2025-01,2025-12
LAX,PEK,354.0,92640.0,109082.0,6237.0,2025-01,2025-12
LAX,PEN,2.0,0.0,0.0,8733.0,2025-01,2025-12
LAX,PLS,2.0,10.0,25.0,2915.0,2025-01,2025-12
LAX,PMI,2.0,11.0,35.0,6121.0,2025-01,2025-12
LAX,PPT,796.0,199408.0,233137.0,4108.0,2025-01,2025-12
LAX,PRG,0.0,0.0,8.0,5950.0,2025-01,2025-12
LAX,PSR,0.0,0.0,7.0,6368.0,2025-01,2025-12
LAX,PTY,1233.0,175934.0,193044.0,3011.0,2025-01,2025-12
LAX,PVG,1972.0,201353.0,238368.0,6472.0,2025-01,2025-12
LAX,PVR,1350.0,194981.0,232243.0,1219.0,2025-01,2025-12
LAX,QRO,79.0,8522.0,14410.0,1445.0,2025-01,2025-12
LAX,QSR,0.0,1.0,7.0,6490.0,2025-01,2025-12
LAX,RAK,0.0,46.0,94.0,6034.0,2025-01,2025-12
LAX,SAL,2172.0,325560.0,378698.0,2320.0,2025-01,2025-12
LAX,SCL,328.0,72264.0,86916.0,5584.0,2025-01,2025-12
LAX,SCQ,1.0,5.0,10.0,5533.0,2025-01,2025-12
LAX,SGD,0.0,1.0,6.0,5572.0,2025-01,2025-12
LAX,SHE,21.0,0.0,0.0,5906.0,2025-01,2025-12
LAX,SIN,796.0,129628.0,206580.0,8762.0,2025-01,2025-12
LAX,SJD,2172.0,300887.0,380452.0,912.0,2025-01,2025-12
LAX,SJO,532.0,80126.0,89554.0,2723.0,2025-01,2025-12
LAX,SNN,5.0,188.0,235.0,5109.0,2025-01,2025-12
LAX,SPU,1.0,2.0,15.0,6371.0,2025-01,2025-12
LAX,STN,0.0,83.0,118.0,5446.0,2025-01,2025-12
LAX,SVD,1.0,6.0,12.0,3846.0,2025-01,2025-12
LAX,SYD,1486.0,378178.0,494450.0,7495.0,2025-01,2025-12
LAX,SZX,368.0,15012.0,17694.0,7236.0,2025-01,2025-12
LAX,TFU,155.0,46862.0,49322.0,7191.0,2025-01,2025-12
LAX,TIJ,1.0,155.0,173.0,128.0,2025-01,2025-12
LAX,TLC,2.0,4.0,26.0,1535.0,2025-01,2025-12
LAX,TLV,324.0,83477.0,86456.0,7560.0,2025-01,2025-12
LAX,TPE,2856.0,483291.0,670752.0,6787.0,2025-01,2025-12
LAX,TPQ,73.0,8490.0,13220.0,1197.0,2025-01,2025-12
LAX,TRC,0.0,26.0,93.0,1068.0,2025-01,2025-12
LAX,TYN,10.0,0.0,0.0,6499.0,2025-01,2025-12
LAX,UIO,14.0,0.0,4.0,3501.0,2025-01,2025-12
LAX,UPN,92.0,11052.0,16846.0,1421.0,2025-01,2025-12
LAX,UVF,0.0,6.0,7.0,3836.0,2025-01,2025-12
LAX,VCE,2.0,8.0,21.0,6144.0,2025-01,2025-12
LAX,VIE,151.0,39360.0,49830.0,6123.0,2025-01,2025-12
LAX,VLC,0.0,4.0,7.0,6000.0,2025-01,2025-12
LAX,WAW,238.0,52090.0,67160.0,6002.0,2025-01,2025-12
LAX,WMI,0.0,0.0,8.0,5978.0,2025-01,2025-12
LAX,XMN,186.0,42894.0,44779.0,6952.0,2025-01,2025-12
LAX,YEG,293.0,37962.0,45790.0,1359.0,2025-01,2025-12
LAX,YFB,2.0,7.0,15.0,2936.0,2025-01,2025-12
LAX,YKF,0.0,2.0,6.0,2132.0,2025-01,2025-12
LAX,YLW,76.0,4217.0,5814.0,1108.0,2025-01,2025-12
LAX,YOW,0.0,34.0,142.0,2374.0,2025-01,2025-12
LAX,YQX,0.0,130.0,155.0,3358.0,2025-01,2025-12
LAX,YUL,734.0,107954.0,131504.0,2468.0,2025-01,2025-12
LAX,YVR,2918.0,395474.0,466263.0,1082.0,2025-01,2025-12
LAX,YWG,55.0,7090.0,8849.0,1539.0,2025-01,2025-12
LAX,YYC,1110.0,148268.0,174027.0,1207.0,2025-01,2025-12
LAX,YYR,0.0,2.0,10.0,3090.0,2025-01,2025-12
LAX,YYZ,2033.0,297076.0,353234.0,2171.0,2025-01,2025-12
LAX,ZAZ,14.0,2.0,7.0,5876.0,2025-01,2025-12
LAX,ZCL,242.0,33584.0,44325.0,1220.0,2025-01,2025-12
LAX,ZIH,220.0,31770.0,38316.0,1540.0,2025-01,2025-12
LAX,ZLO,274.0,23068.0,28251.0,1331.0,2025-01,2025-12
LAX,ZRH,358.0,92930.0,114247.0,5925.0,2025-01,2025-12
LBB,NAS,2.0,70.0,193.0,1578.0,2025-01,2025-12
LBB,SKB,1.0,2.0,14.0,2667.0,2025-01,2025-12
LBF,YUL,1.0,121.0,137.0,1381.0,2025-01,2025-12
LBF,YVR,1.0,91.0,106.0,1223.0,2025-01,2025-12
LCH,GUA,0.0,76.0,83.0,1088.0,2025-01,2025-12
LCH,NAS,0.0,15.0,83.0,1026.0,2025-01,2025-12
LCK,ADJ,0.0,0.0,0.0,6124.0,2025-01,2025-12
LCK,BOG,2.0,0.0,0.0,2487.0,2025-01,2025-12
LCK,BRU,0.0,0.0,0.0,4059.0,2025-01,2025-12
LCK,CGN,2.0,0.0,0.0,4164.0,2025-01,2025-12
LCK,HHN,29.0,0.0,0.0,4198.0,2025-01,2025-12
LCK,HKG,0.0,0.0,0.0,8009.0,2025-01,2025-12
LCK,ICN,1.0,0.0,0.0,6781.0,2025-01,2025-12
LCK,KEF,0.0,0.0,0.0,2907.0,2025-01,2025-12
LCK,LGG,0.0,0.0,0.0,4105.0,2025-01,2025-12
LCK,LUZ,0.0,0.0,0.0,4720.0,2025-01,2025-12
LCK,MGA,6.0,0.0,0.0,1922.0,2025-01,2025-12
LCK,NGO,0.0,0.0,0.0,6690.0,2025-01,2025-12
LCK,NRT,2.0,0.0,0.0,6532.0,2025-01,2025-12
LCK,OST,2.0,0.0,0.0,3987.0,2025-01,2025-12
LCK,POS,0.0,0.0,0.0,2414.0,2025-01,2025-12
LCK,PVG,1.0,0.0,0.0,7284.0,2025-01,2025-12
LCK,SJK,0.0,0.0,0.0,4968.0,2025-01,2025-12
LCK,SJO,0.0,0.0,0.0,2062.0,2025-01,2025-12
LCK,SXM,0.0,0.0,0.0,1914.0,2025-01,2025-12
LCK,TLV,0.0,94.0,134.0,6078.0,2025-01,2025-12
LCK,VIT,1.0,0.0,0.0,4000.0,2025-01,2025-12
LCK,YHM,2.0,0.0,0.0,279.0,2025-01,2025-12
LCK,YMX,1.0,0.0,0.0,606.0,2025-01,2025-12
LCK,YYT,0.0,0.0,0.0,1588.0,2025-01,2025-12
LCK,YYZ,0.0,0.0,0.0,316.0,2025-01,2025-12
LCK,ZAZ,0.0,0.0,0.0,4115.0,2025-01,2025-12
LDM,YYZ,0.0,2.0,4.0,338.0,2025-01,2025-12
LEB,BDA,0.0,1.0,4.0,881.0,2025-01,2025-12
LEE,YHM,1.0,3.0,9.0,997.0,2025-01,2025-12
LEX,LBG,0.0,0.0,7.0,4185.0,2025-01,2025-12
LEX,LTN,0.0,2.0,4.0,3991.0,2025-01,2025-12
LEX,SNN,0.0,6.0,10.0,3630.0,2025-01,2025-12
LEX,YYC,1.0,1.0,19.0,1689.0,2025-01,2025-12
LEX,YYZ,4.0,12.0,39.0,468.0,2025-01,2025-12
LEX,ZRH,0.0,2.0,6.0,4482.0,2025-01,2025-12
LFT,LIR,0.0,91.0,94.0,1417.0,2025-01,2025-12
LGA,ARN,0.0,0.0,7.0,3906.0,2025-01,2025-12
LGA,AUA,15.0,1820.0,2580.0,1968.0,2025-01,2025-12
LGA,AZI,0.0,1.0,7.0,6845.0,2025-01,2025-12
LGA,BDA,19.0,524.0,1374.0,773.0,2025-01,2025-12
LGA,BRN,0.0,2.0,7.0,3891.0,2025-01,2025-12
LGA,BRU,2.0,2.0,19.0,3655.0,2025-01,2025-12
LGA,BYJ,0.0,2.0,7.0,3439.0,2025-01,2025-12
LGA,DUB,0.0,1.0,7.0,3169.0,2025-01,2025-12
LGA,FAB,1.0,2.0,13.0,3431.0,2025-01,2025-12
LGA,FKB,0.0,1.0,7.0,3860.0,2025-01,2025-12
LGA,FLR,1.0,2.0,14.0,4150.0,2025-01,2025-12
LGA,GOT,0.0,2.0,6.0,3774.0,2025-01,2025-12
LGA,GRU,0.0,1.0,7.0,4773.0,2025-01,2025-12
LGA,GVA,0.0,2.0,7.0,3852.0,2025-01,2025-12
LGA,KIX,0.0,2.0,7.0,6921.0,2025-01,2025-12
LGA,KRK,0.0,1.0,6.0,4282.0,2025-01,2025-12
LGA,LTN,1.0,2.0,14.0,3435.0,2025-01,2025-12
LGA,MST,0.0,0.0,7.0,3707.0,2025-01,2025-12
LGA,MUC,0.0,2.0,6.0,4025.0,2025-01,2025-12
LGA,NAS,148.0,13505.0,16130.0,1107.0,2025-01,2025-12
LGA,RAK,0.0,2.0,6.0,3640.0,2025-01,2025-12
LGA,SXF,0.0,2.0,8.0,,2025-01,2025-12
LGA,TLV,0.0,5.0,7.0,5664.0,2025-01,2025-12
LGA,YHZ,354.0,20158.0,26792.0,596.0,2025-01,2025-12
LGA,YTZ,2.0,3.0,12.0,344.0,2025-01,2025-12
LGA,YUL,3286.0,208817.0,258904.0,324.0,2025-01,2025-12
LGA,YYC,13.0,2032.0,2236.0,2027.0,2025-01,2025-12
LGA,YYZ,7143.0,526800.0,660061.0,356.0,2025-01,2025-12
LGB,BCN,0.0,2.0,7.0,6008.0,2025-01,2025-12
LGB,GMP,3.0,14.0,42.0,5980.0,2025-01,2025-12
LGB,HND,0.0,4.0,7.0,5493.0,2025-01,2025-12
LGB,ICN,1.0,2.0,14.0,5998.0,2025-01,2025-12
LGB,LBG,0.0,1.0,7.0,5654.0,2025-01,2025-12
LGB,LTN,1.0,4.0,14.0,5426.0,2025-01,2025-12
LGB,MAD,2.0,4.0,28.0,5827.0,2025-01,2025-12
LGB,PVG,0.0,0.0,7.0,6489.0,2025-01,2025-12
LGB,SHA,0.0,2.0,7.0,6506.0,2025-01,2025-12
LGB,TLC,0.0,2.0,5.0,1518.0,2025-01,2025-12
LGB,YEG,0.0,26.0,35.0,1365.0,2025-01,2025-12
LGB,YOW,0.0,23.0,35.0,2367.0,2025-01,2025-12
LGB,YUL,0.0,25.0,35.0,2461.0,2025-01,2025-12
LGB,YVR,2.0,80.0,106.0,1093.0,2025-01,2025-12
LGB,YYC,1.0,62.0,70.0,1213.0,2025-01,2025-12
LGB,YYZ,0.0,23.0,35.0,2163.0,2025-01,2025-12
LGB,ZRH,0.0,3.0,7.0,5924.0,2025-01,2025-12
LIH,YVR,68.0,9324.0,11832.0,2723.0,2025-01,2025-12
LIT,BRU,0.0,2.0,8.0,4669.0,2025-01,2025-12
LIT,MTY,0.0,0.0,38.0,776.0,2025-01,2025-12
LIT,NCE,1.0,2.0,14.0,5030.0,2025-01,2025-12
LIT,YYZ,2.0,83.0,95.0,913.0,2025-01,2025-12
LKE,CXH,255.0,709.0,2565.0,120.0,2025-01,2025-12
LKE,YGE,0.0,1.0,3.0,210.0,2025-01,2025-12
LKE,YWH,1207.0,7637.0,11012.0,73.0,2025-01,2025-12
LKE,ZNA,192.0,1312.0,1696.0,129.0,2025-01,2025-12
LNA,GHC,0.0,2.0,4.0,151.0,2025-01,2025-12
LNK,GGT,2.0,10.0,27.0,1699.0,2025-01,2025-12
LNS,INV,1.0,8.0,13.0,3318.0,2025-01,2025-12
LRD,BJX,26.0,0.0,0.0,470.0,2025-01,2025-12
LRD,BZE,0.0,0.0,0.0,991.0,2025-01,2025-12
LRD,CCS,2.0,595.0,776.0,2410.0,2025-01,2025-12
LRD,CUN,0.0,0.0,0.0,910.0,2025-01,2025-12
LRD,CUR,0.0,0.0,0.0,2238.0,2025-01,2025-12
LRD,CUU,72.0,0.0,0.0,404.0,2025-01,2025-12
LRD,GDL,24.0,0.0,30.0,542.0,2025-01,2025-12
LRD,GUA,2.0,346.0,418.0,1064.0,2025-01,2025-12
LRD,HMO,20.0,0.0,0.0,713.0,2025-01,2025-12
LRD,MGA,2.0,0.0,0.0,1368.0,2025-01,2025-12
LRD,MID,1.0,32.0,38.0,768.0,2025-01,2025-12
LRD,MTY,12.0,126.0,140.0,128.0,2025-01,2025-12
LRD,NBW,0.0,14.0,110.0,1619.0,2025-01,2025-12
LRD,NLU,0.0,0.0,0.0,540.0,2025-01,2025-12
LRD,PBC,2.0,0.0,0.0,583.0,2025-01,2025-12
LRD,PIO,0.0,0.0,0.0,3250.0,2025-01,2025-12
LRD,QRO,47.0,84.0,86.0,481.0,2025-01,2025-12
LRD,SAL,1.0,70.0,182.0,1183.0,2025-01,2025-12
LRD,SAP,6.0,866.0,1069.0,1116.0,2025-01,2025-12
LRD,SJD,0.0,0.0,0.0,708.0,2025-01,2025-12
LRD,SLP,6.0,0.0,0.0,376.0,2025-01,2025-12
LRD,SLW,118.0,0.0,0.0,166.0,2025-01,2025-12
LRD,TLC,18.0,0.0,7.0,567.0,2025-01,2025-12
LRD,TRC,0.0,34.0,38.0,280.0,2025-01,2025-12
LRD,VLC,0.0,2.0,7.0,5473.0,2025-01,2025-12
LRD,YHM,3.0,0.0,0.0,1534.0,2025-01,2025-12
LRD,YQG,46.0,0.0,0.0,1377.0,2025-01,2025-12
LRD,YXU,2.0,0.0,0.0,1481.0,2025-01,2025-12
LSF,GUA,1.0,100.0,109.0,1275.0,2025-01,2025-12
LSF,SAP,0.0,92.0,92.0,1181.0,2025-01,2025-12
LSF,YOW,0.0,54.0,102.0,1027.0,2025-01,2025-12
LUK,KEF,0.0,2.0,7.0,2993.0,2025-01,2025-12
LUK,NAS,2.0,16.0,20.0,1053.0,2025-01,2025-12
LUK,TLN,1.0,2.0,14.0,4479.0,2025-01,2025-12
LUK,YUL,0.0,0.0,93.0,700.0,2025-01,2025-12
LYH,NAS,2.0,263.0,471.0,855.0,2025-01,2025-12
MAF,YYC,21.0,382.0,1596.0,1455.0,2025-01,2025-12
MBS,YYZ,0.0,2.0,4.0,223.0,2025-01,2025-12
MCC,HKG,1.0,0.0,0.0,6910.0,2025-01,2025-12
MCC,ICN,2.0,0.0,0.0,5637.0,2025-01,2025-12
MCC,NRT,0.0,0.0,0.0,5117.0,2025-01,2025-12
MCI,AMS,0.0,0.0,195.0,4488.0,2025-01,2025-12
MCI,BCN,0.0,0.0,193.0,4806.0,2025-01,2025-12
MCI,BRE,0.0,2.0,7.0,4600.0,2025-01,2025-12
MCI,CUN,376.0,54944.0,63459.0,1344.0,2025-01,2025-12
MCI,DUB,0.0,0.0,6.0,4048.0,2025-01,2025-12
MCI,GRU,1.0,179.0,350.0,5336.0,2025-01,2025-12
MCI,KLU,0.0,2.0,7.0,5066.0,2025-01,2025-12
MCI,LCA,0.0,0.0,126.0,6344.0,2025-01,2025-12
MCI,LHR,0.0,145.0,152.0,4327.0,2025-01,2025-12
MCI,MAD,0.0,0.0,193.0,4591.0,2025-01,2025-12
MCI,MBJ,8.0,942.0,1334.0,1753.0,2025-01,2025-12
MCI,MEX,1.0,122.0,150.0,1397.0,2025-01,2025-12
MCI,MUC,0.0,2.0,10.0,4899.0,2025-01,2025-12
MCI,NAS,0.0,83.0,89.0,1405.0,2025-01,2025-12
MCI,PVR,12.0,1276.0,2030.0,1430.0,2025-01,2025-12
MCI,SJD,82.0,9282.0,12428.0,1421.0,2025-01,2025-12
MCI,TRN,0.0,0.0,7.0,4876.0,2025-01,2025-12
MCI,YBG,0.0,0.0,121.0,1329.0,2025-01,2025-12
MCI,YHZ,0.0,0.0,193.0,1635.0,2025-01,2025-12
MCI,YVR,2.0,80.0,221.0,1554.0,2025-01,2025-12
MCI,YYC,1.0,50.0,256.0,1238.0,2025-01,2025-12
MCI,YYR,0.0,1.0,2.0,1875.0,2025-01,2025-12
MCI,YYZ,2.0,124.0,138.0,836.0,2025-01,2025-12
MCO,AGP,0.0,4.0,8.0,4391.0,2025-01,2025-12
MCO,AGU,0.0,23.0,93.0,1392.0,2025-01,2025-12
MCO,AMS,153.0,39086.0,43078.0,4531.0,2025-01,2025-12
MCO,ANU,0.0,2.0,7.0,1464.0,2025-01,2025-12
MCO,AUA,364.0,52926.0,57592.0,1319.0,2025-01,2025-12
MCO,BCN,0.0,6.0,7.0,4631.0,2025-01,2025-12
MCO,BDA,38.0,1636.0,3666.0,1026.0,2025-01,2025-12
MCO,BER,0.0,1.0,7.0,4879.0,2025-01,2025-12
MCO,BJX,0.0,81.0,90.0,1364.0,2025-01,2025-12
MCO,BOG,1376.0,208248.0,243890.0,1705.0,2025-01,2025-12
MCO,BRQ,0.0,0.0,0.0,5095.0,2025-01,2025-12
MCO,BSB,432.0,67970.0,72778.0,3788.0,2025-01,2025-12
MCO,BVB,0.0,80.0,84.0,2228.0,2025-01,2025-12
MCO,CAY,2.0,0.0,0.0,2502.0,2025-01,2025-12
MCO,CDG,127.0,35166.0,40881.0,4498.0,2025-01,2025-12
MCO,CIA,0.0,3.0,7.0,5125.0,2025-01,2025-12
MCO,CIW,0.0,2.0,4.0,1683.0,2025-01,2025-12
MCO,CNF,168.0,39028.0,46247.0,4152.0,2025-01,2025-12
MCO,CTG,12.0,1502.0,2567.0,1298.0,2025-01,2025-12
MCO,CUN,1282.0,153162.0,217799.0,618.0,2025-01,2025-12
MCO,DRS,0.0,2.0,7.0,4921.0,2025-01,2025-12
MCO,DUB,260.0,65623.0,81486.0,4065.0,2025-01,2025-12
MCO,DXB,238.0,60902.0,84075.0,7743.0,2025-01,2025-12
MCO,EDI,60.0,20608.0,23820.0,4158.0,2025-01,2025-12
MCO,ELH,1.0,6.0,8.0,351.0,2025-01,2025-12
MCO,ERF,0.0,0.0,145.0,4812.0,2025-01,2025-12
MCO,EZE,0.0,0.0,0.0,4616.0,2025-01,2025-12
MCO,FAB,0.0,4.0,7.0,4318.0,2025-01,2025-12
MCO,FAO,0.0,4.0,7.0,4201.0,2025-01,2025-12
MCO,FKB,0.0,3.0,7.0,4742.0,2025-01,2025-12
MCO,FOR,49.0,7268.0,8274.0,3608.0,2025-01,2025-12
MCO,FPO,1.0,2.0,8.0,206.0,2025-01,2025-12
MCO,FRA,338.0,84206.0,94114.0,4734.0,2025-01,2025-12
MCO,GCM,290.0,30113.0,41734.0,631.0,2025-01,2025-12
MCO,GDL,402.0,53530.0,74749.0,1484.0,2025-01,2025-12
MCO,GIG,0.0,142.0,150.0,4354.0,2025-01,2025-12
MCO,GRU,443.0,120828.0,132378.0,4268.0,2025-01,2025-12
MCO,GUA,323.0,40238.0,60702.0,1124.0,2025-01,2025-12
MCO,GVA,2.0,6.0,20.0,4713.0,2025-01,2025-12
MCO,GYN,1.0,146.0,168.0,3781.0,2025-01,2025-12
MCO,HAV,0.0,35.0,88.0,382.0,2025-01,2025-12
MCO,HHN,1.0,0.0,0.0,4682.0,2025-01,2025-12
MCO,HOG,0.0,54.0,64.0,614.0,2025-01,2025-12
MCO,IBZ,0.0,7.0,7.0,4650.0,2025-01,2025-12
MCO,JHF,2.0,6.0,21.0,4243.0,2025-01,2025-12
MCO,JMK,1.0,6.0,16.0,5865.0,2025-01,2025-12
MCO,KEF,242.0,33152.0,43878.0,3529.0,2025-01,2025-12
MCO,KIN,4.0,432.0,680.0,780.0,2025-01,2025-12
MCO,KMS,0.0,1.0,7.0,5375.0,2025-01,2025-12
MCO,KUN,0.0,0.0,145.0,5194.0,2025-01,2025-12
MCO,LBG,0.0,0.0,7.0,4494.0,2025-01,2025-12
MCO,LGW,790.0,220378.0,263168.0,4345.0,2025-01,2025-12
MCO,LHR,656.0,166984.0,200120.0,4328.0,2025-01,2025-12
MCO,LIM,33.0,4628.0,5716.0,2809.0,2025-01,2025-12
MCO,LIR,2.0,158.0,362.0,1263.0,2025-01,2025-12
MCO,LIS,0.0,1.0,7.0,4109.0,2025-01,2025-12
MCO,LTN,1.0,3.0,14.0,4326.0,2025-01,2025-12
MCO,MAD,45.0,10504.0,13216.0,4365.0,2025-01,2025-12
MCO,MAN,676.0,181812.0,226844.0,4228.0,2025-01,2025-12
MCO,MAO,6.0,663.0,1126.0,2592.0,2025-01,2025-12
MCO,MBJ,1150.0,142187.0,194952.0,719.0,2025-01,2025-12
MCO,MDE,518.0,71045.0,91866.0,1586.0,2025-01,2025-12
MCO,MEX,1334.0,198123.0,249370.0,1280.0,2025-01,2025-12
MCO,MHH,2.0,40.0,61.0,291.0,2025-01,2025-12
MCO,MID,104.0,15364.0,22411.0,736.0,2025-01,2025-12
MCO,MRS,1.0,10.0,14.0,4735.0,2025-01,2025-12
MCO,MTY,250.0,32678.0,46991.0,1169.0,2025-01,2025-12
MCO,MUC,120.0,26861.0,33684.0,4911.0,2025-01,2025-12
MCO,NAS,654.0,71966.0,98253.0,333.0,2025-01,2025-12
MCO,NAT,0.0,81.0,85.0,3863.0,2025-01,2025-12
MCO,NCE,1.0,3.0,14.0,4824.0,2025-01,2025-12
MCO,NCL,1.0,7.0,14.0,4232.0,2025-01,2025-12
MCO,NCY,0.0,1.0,7.0,4719.0,2025-01,2025-12
MCO,NLU,5.0,0.0,93.0,1266.0,2025-01,2025-12
MCO,PDL,0.0,32.0,33.0,3236.0,2025-01,2025-12
MCO,PLS,295.0,33128.0,43646.0,729.0,2025-01,2025-12
MCO,POP,2.0,244.0,394.0,903.0,2025-01,2025-12
MCO,POS,162.0,21726.0,25920.0,1786.0,2025-01,2025-12
MCO,PRG,0.0,2.0,16.0,4969.0,2025-01,2025-12
MCO,PTY,2106.0,308258.0,343078.0,1343.0,2025-01,2025-12
MCO,PUJ,1046.0,137560.0,174960.0,1065.0,2025-01,2025-12
MCO,REC,66.0,15989.0,19758.0,3992.0,2025-01,2025-12
MCO,RTM,1.0,6.0,13.0,4524.0,2025-01,2025-12
MCO,SAL,91.0,13688.0,16392.0,1149.0,2025-01,2025-12
MCO,SAP,170.0,18734.0,30960.0,991.0,2025-01,2025-12
MCO,SCL,58.0,11244.0,15762.0,4327.0,2025-01,2025-12
MCO,SDQ,778.0,99218.0,131406.0,1010.0,2025-01,2025-12
MCO,SJD,0.0,0.0,145.0,1800.0,2025-01,2025-12
MCO,SJO,1309.0,177094.0,234864.0,1288.0,2025-01,2025-12
MCO,SKB,0.0,69.0,95.0,1408.0,2025-01,2025-12
MCO,SMV,0.0,2.0,7.0,4875.0,2025-01,2025-12
MCO,SNN,2.0,106.0,428.0,3960.0,2025-01,2025-12
MCO,STI,438.0,51450.0,68718.0,919.0,2025-01,2025-12
MCO,STM,0.0,70.0,84.0,2764.0,2025-01,2025-12
MCO,STR,0.0,124.0,142.0,4794.0,2025-01,2025-12
MCO,SXM,15.0,2158.0,2786.0,1358.0,2025-01,2025-12
MCO,UIO,0.0,82.0,88.0,1983.0,2025-01,2025-12
MCO,UVF,2.0,322.0,399.0,1654.0,2025-01,2025-12
MCO,VCP,466.0,115816.0,128116.0,4220.0,2025-01,2025-12
MCO,WKR,0.0,2.0,4.0,195.0,2025-01,2025-12
MCO,YAM,0.0,0.0,4.0,1259.0,2025-01,2025-12
MCO,YEG,48.0,6931.0,7983.0,2370.0,2025-01,2025-12
MCO,YHM,11.0,797.0,1146.0,1021.0,2025-01,2025-12
MCO,YHZ,309.0,36930.0,46052.0,1498.0,2025-01,2025-12
MCO,YKF,48.0,6716.0,9156.0,1040.0,2025-01,2025-12
MCO,YOW,533.0,54957.0,69836.0,1207.0,2025-01,2025-12
MCO,YQB,86.0,10485.0,14639.0,1377.0,2025-01,2025-12
MCO,YQM,28.0,4116.0,5672.0,1519.0,2025-01,2025-12
MCO,YQR,17.0,2582.0,3123.0,1949.0,2025-01,2025-12
MCO,YSJ,15.0,1484.0,2832.0,1439.0,2025-01,2025-12
MCO,YUL,1269.0,178178.0,222778.0,1248.0,2025-01,2025-12
MCO,YVR,93.0,13387.0,15789.0,2624.0,2025-01,2025-12
MCO,YWG,89.0,12872.0,15288.0,1704.0,2025-01,2025-12
MCO,YXE,17.0,2484.0,2916.0,2095.0,2025-01,2025-12
MCO,YXU,32.0,4048.0,6045.0,1009.0,2025-01,2025-12
MCO,YYC,384.0,57628.0,63124.0,2306.0,2025-01,2025-12
MCO,YYT,49.0,6809.0,8608.0,2022.0,2025-01,2025-12
MCO,YYZ,2732.0,384760.0,455831.0,1058.0,2025-01,2025-12
MCO,ZAZ,0.0,0.0,0.0,4470.0,2025-01,2025-12
MCO,ZRH,1.0,5.0,14.0,4793.0,2025-01,2025-12
MCO,ZSA,0.0,40.0,68.0,517.0,2025-01,2025-12
MDJ,YVR,0.0,3.0,6.0,327.0,2025-01,2025-12
MDT,BCN,0.0,1.0,7.0,3974.0,2025-01,2025-12
MDT,MBJ,1.0,187.0,192.0,1500.0,2025-01,2025-12
MDT,NAS,2.0,76.0,97.0,1048.0,2025-01,2025-12
MDT,OPO,0.0,1.0,7.0,3470.0,2025-01,2025-12
MDT,PLS,1.0,10.0,12.0,1300.0,2025-01,2025-12
MDT,RLG,2.0,0.0,0.0,4011.0,2025-01,2025-12
MDT,YKF,1.0,8.0,12.0,293.0,2025-01,2025-12
MDT,YOW,1.0,44.0,50.0,359.0,2025-01,2025-12
MDT,YUL,0.0,20.0,25.0,395.0,2025-01,2025-12
MDT,YYZ,2.0,41.0,66.0,282.0,2025-01,2025-12
MDW,AGP,1.0,2.0,16.0,4289.0,2025-01,2025-12
MDW,AGU,246.0,35227.0,45674.0,1625.0,2025-01,2025-12
MDW,ATH,1.0,2.0,16.0,5453.0,2025-01,2025-12
MDW,AXA,0.0,1.0,7.0,2184.0,2025-01,2025-12
MDW,BCN,0.0,2.0,7.0,4409.0,2025-01,2025-12
MDW,BDA,0.0,0.0,7.0,1423.0,2025-01,2025-12
MDW,BER,0.0,1.0,6.0,4420.0,2025-01,2025-12
MDW,BJX,261.0,32194.0,48218.0,1644.0,2025-01,2025-12
MDW,BRQ,0.0,4.0,6.0,4665.0,2025-01,2025-12
MDW,CKY,0.0,0.0,6.0,4963.0,2025-01,2025-12
MDW,CUN,484.0,67930.0,76517.0,1434.0,2025-01,2025-12
MDW,DGO,173.0,23060.0,32089.0,1554.0,2025-01,2025-12
MDW,EDI,0.0,0.0,6.0,3706.0,2025-01,2025-12
MDW,EFL,0.0,5.0,7.0,5309.0,2025-01,2025-12
MDW,FRA,0.0,2.0,4.0,4335.0,2025-01,2025-12
MDW,GDL,331.0,45824.0,61492.0,1727.0,2025-01,2025-12
MDW,GRS,0.0,4.0,8.0,4725.0,2025-01,2025-12
MDW,GVA,1.0,2.0,14.0,4386.0,2025-01,2025-12
MDW,HND,0.0,1.0,6.0,6306.0,2025-01,2025-12
MDW,KIN,0.0,74.0,88.0,1770.0,2025-01,2025-12
MDW,LBG,1.0,6.0,14.0,4141.0,2025-01,2025-12
MDW,LIN,1.0,5.0,14.0,4543.0,2025-01,2025-12
MDW,LTN,0.0,2.0,7.0,3936.0,2025-01,2025-12
MDW,MAD,1.0,7.0,12.0,4190.0,2025-01,2025-12
MDW,MBJ,98.0,14454.0,17150.0,1710.0,2025-01,2025-12
MDW,MLA,0.0,2.0,7.0,5169.0,2025-01,2025-12
MDW,MLM,450.0,64174.0,83448.0,1703.0,2025-01,2025-12
MDW,NCE,1.0,2.0,14.0,4532.0,2025-01,2025-12
MDW,PUJ,114.0,16952.0,19126.0,1968.0,2025-01,2025-12
MDW,SJD,29.0,3634.0,4626.0,1805.0,2025-01,2025-12
MDW,SNN,0.0,2.0,7.0,3583.0,2025-01,2025-12
MDW,SPU,0.0,3.0,6.0,4896.0,2025-01,2025-12
MDW,TLL,0.0,2.0,7.0,4468.0,2025-01,2025-12
MDW,UVF,0.0,1.0,7.0,2516.0,2025-01,2025-12
MDW,VCE,0.0,2.0,7.0,4660.0,2025-01,2025-12
MDW,WAW,0.0,4.0,7.0,4678.0,2025-01,2025-12
MDW,YAM,1.0,2.0,8.0,362.0,2025-01,2025-12
MDW,YHM,1.0,4.0,8.0,410.0,2025-01,2025-12
MDW,YHU,1.0,25.0,39.0,760.0,2025-01,2025-12
MDW,YKF,1.0,4.0,8.0,392.0,2025-01,2025-12
MDW,YOW,2.0,46.0,106.0,652.0,2025-01,2025-12
MDW,YQA,0.0,2.0,4.0,478.0,2025-01,2025-12
MDW,YTZ,471.0,23188.0,36738.0,443.0,2025-01,2025-12
MDW,YUL,2.0,29.0,48.0,744.0,2025-01,2025-12
MDW,YWG,2.0,52.0,110.0,722.0,2025-01,2025-12
MDW,YXU,0.0,2.0,4.0,348.0,2025-01,2025-12
MDW,YYC,1.0,54.0,70.0,1396.0,2025-01,2025-12
MDW,YYZ,22.0,488.0,784.0,432.0,2025-01,2025-12
MDW,ZCL,226.0,29614.0,41955.0,1564.0,2025-01,2025-12
MDW,ZRH,0.0,3.0,7.0,4434.0,2025-01,2025-12
MEM,AGP,0.0,0.0,7.0,4612.0,2025-01,2025-12
MEM,AMS,1.0,0.0,0.0,4533.0,2025-01,2025-12
MEM,BOG,1.0,0.0,0.0,2328.0,2025-01,2025-12
MEM,CDG,626.0,0.0,0.0,4547.0,2025-01,2025-12
MEM,CGN,334.0,0.0,0.0,4670.0,2025-01,2025-12
MEM,CUN,10.0,1016.0,1918.0,986.0,2025-01,2025-12
MEM,DBV,0.0,2.0,7.0,5423.0,2025-01,2025-12
MEM,DWC,130.0,0.0,0.0,7709.0,2025-01,2025-12
MEM,FRA,99.0,0.0,0.0,4752.0,2025-01,2025-12
MEM,GCM,2.0,36.0,193.0,1209.0,2025-01,2025-12
MEM,GDL,420.0,0.0,0.0,1290.0,2025-01,2025-12
MEM,GUA,2.0,0.0,0.0,1414.0,2025-01,2025-12
MEM,HKG,40.0,0.0,0.0,8176.0,2025-01,2025-12
MEM,ICN,78.0,0.0,0.0,6909.0,2025-01,2025-12
MEM,KIX,224.0,0.0,0.0,6819.0,2025-01,2025-12
MEM,KRK,0.0,0.0,7.0,5166.0,2025-01,2025-12
MEM,LGG,362.0,0.0,0.0,4611.0,2025-01,2025-12
MEM,LHR,0.0,71.0,136.0,4355.0,2025-01,2025-12
MEM,MTY,302.0,0.0,0.0,879.0,2025-01,2025-12
MEM,MXP,102.0,0.0,0.0,4913.0,2025-01,2025-12
MEM,NAS,1.0,81.0,186.0,1017.0,2025-01,2025-12
MEM,NLU,4.0,34.0,40.0,1192.0,2025-01,2025-12
MEM,NRT,152.0,0.0,0.0,6568.0,2025-01,2025-12
MEM,PMI,0.0,2.0,6.0,4863.0,2025-01,2025-12
MEM,PTY,28.0,0.0,0.0,1915.0,2025-01,2025-12
MEM,PVG,155.0,0.0,0.0,7419.0,2025-01,2025-12
MEM,PVR,2.0,186.0,205.0,1359.0,2025-01,2025-12
MEM,QRO,252.0,4.0,8.0,1174.0,2025-01,2025-12
MEM,SAP,66.0,0.0,0.0,1360.0,2025-01,2025-12
MEM,SCL,2.0,0.0,0.0,4889.0,2025-01,2025-12
MEM,SDQ,100.0,0.0,0.0,1693.0,2025-01,2025-12
MEM,SJO,128.0,0.0,0.0,1769.0,2025-01,2025-12
MEM,SNN,0.0,2.0,7.0,3989.0,2025-01,2025-12
MEM,STN,310.0,0.0,0.0,4371.0,2025-01,2025-12
MEM,TLC,360.0,0.0,0.0,1233.0,2025-01,2025-12
MEM,VCP,161.0,0.0,0.0,4895.0,2025-01,2025-12
MEM,YEG,204.0,0.0,0.0,1705.0,2025-01,2025-12
MEM,YMX,322.0,0.0,0.0,1112.0,2025-01,2025-12
MEM,YOW,253.0,0.0,0.0,1034.0,2025-01,2025-12
MEM,YQG,1.0,0.0,0.0,627.0,2025-01,2025-12
MEM,YUL,1.0,4.0,8.0,1115.0,2025-01,2025-12
MEM,YVR,299.0,0.0,0.0,1940.0,2025-01,2025-12
MEM,YWG,252.0,0.0,0.0,1091.0,2025-01,2025-12
MEM,YYC,308.0,0.0,0.0,1631.0,2025-01,2025-12
MEM,YYR,0.0,0.0,0.0,1909.0,2025-01,2025-12
MEM,YYZ,524.0,188.0,252.0,812.0,2025-01,2025-12
MEM,ZRH,6.0,7.0,82.0,4841.0,2025-01,2025-12
MFE,BJX,0.0,34.0,50.0,413.0,2025-01,2025-12
MFE,BZE,0.0,76.0,83.0,872.0,2025-01,2025-12
MFE,CUN,87.0,6031.0,15726.0,802.0,2025-01,2025-12
MFE,MDE,0.0,78.0,83.0,2043.0,2025-01,2025-12
MFE,MEX,2.0,214.0,331.0,469.0,2025-01,2025-12
MFE,MTY,2.0,100.0,140.0,119.0,2025-01,2025-12
MFE,NLU,308.0,18720.0,30542.0,447.0,2025-01,2025-12
MFE,OAX,0.0,0.0,38.0,641.0,2025-01,2025-12
MFE,PTY,0.0,86.0,90.0,1709.0,2025-01,2025-12
MFE,QRO,1.0,126.0,136.0,403.0,2025-01,2025-12
MFE,SJD,0.0,60.0,75.0,750.0,2025-01,2025-12
MFE,TAM,0.0,34.0,38.0,269.0,2025-01,2025-12
MFE,TLC,1.0,0.0,0.0,480.0,2025-01,2025-12
MGM,BGI,0.0,45.0,80.0,2158.0,2025-01,2025-12
MGM,MEX,0.0,72.0,80.0,1186.0,2025-01,2025-12
MGM,SJD,0.0,70.0,90.0,1556.0,2025-01,2025-12
MHT,BRN,0.0,1.0,7.0,3703.0,2025-01,2025-12
MHT,CPH,0.0,2.0,7.0,3648.0,2025-01,2025-12
MHT,CUN,0.0,86.0,90.0,1756.0,2025-01,2025-12
MHT,FAB,0.0,2.0,7.0,3242.0,2025-01,2025-12
MHT,LTN,0.0,2.0,7.0,3245.0,2025-01,2025-12
MHT,MLA,0.0,0.0,7.0,4410.0,2025-01,2025-12
MHT,TLN,1.0,3.0,14.0,3767.0,2025-01,2025-12
MHT,VIE,0.0,2.0,7.0,4035.0,2025-01,2025-12
MHT,YUL,1.0,4.0,8.0,209.0,2025-01,2025-12
MIA,ACA,0.0,88.0,90.0,1398.0,2025-01,2025-12
MIA,AGP,0.0,3.0,7.0,4427.0,2025-01,2025-12
MIA,AGT,132.0,0.0,0.0,3927.0,2025-01,2025-12
MIA,ALC,0.0,1.0,7.0,4608.0,2025-01,2025-12
MIA,AMS,420.0,23290.0,25951.0,4625.0,2025-01,2025-12
MIA,ANF,46.0,0.0,0.0,3465.0,2025-01,2025-12
MIA,ANU,676.0,89209.0,111076.0,1329.0,2025-01,2025-12
MIA,ARN,33.0,7224.0,8392.0,4969.0,2025-01,2025-12
MIA,ASD,1.0,4.0,8.0,173.0,2025-01,2025-12
MIA,ASU,147.0,2.0,7.0,3840.0,2025-01,2025-12
MIA,ATH,0.0,2.0,7.0,5850.0,2025-01,2025-12
MIA,AUA,764.0,119515.0,134987.0,1136.0,2025-01,2025-12
MIA,AXA,576.0,33244.0,43738.0,1221.0,2025-01,2025-12
MIA,BAQ,553.0,73432.0,90270.0,1091.0,2025-01,2025-12
MIA,BCN,573.0,132381.0,149734.0,4688.0,2025-01,2025-12
MIA,BDA,286.0,26980.0,36618.0,1045.0,2025-01,2025-12
MIA,BEL,59.0,7343.0,10306.0,2835.0,2025-01,2025-12
MIA,BER,54.0,15786.0,18439.0,4978.0,2025-01,2025-12
MIA,BGI,860.0,105504.0,132404.0,1611.0,2025-01,2025-12
MIA,BIO,0.0,2.0,7.0,4408.0,2025-01,2025-12
MIA,BJX,1.0,166.0,172.0,1382.0,2025-01,2025-12
MIA,BLQ,0.0,0.0,0.0,5064.0,2025-01,2025-12
MIA,BOD,0.0,71.0,146.0,4492.0,2025-01,2025-12
MIA,BOG,7926.0,492277.0,651660.0,1513.0,2025-01,2025-12
MIA,BON,226.0,30368.0,38762.0,1226.0,2025-01,2025-12
MIA,BRU,270.0,0.0,0.0,4635.0,2025-01,2025-12
MIA,BS3,3.0,6.0,25.0,,2025-01,2025-12
MIA,BSB,470.0,71834.0,77194.0,3609.0,2025-01,2025-12
MIA,BZE,541.0,71982.0,83984.0,768.0,2025-01,2025-12
MIA,CAP,498.0,48879.0,71976.0,664.0,2025-01,2025-12
MIA,CAT,0.0,4.0,7.0,4138.0,2025-01,2025-12
MIA,CAY,2.0,0.0,0.0,2348.0,2025-01,2025-12
MIA,CCZ,3.0,8.0,24.0,152.0,2025-01,2025-12
MIA,CDG,748.0,191385.0,218051.0,4581.0,2025-01,2025-12
MIA,CFB,6.0,0.0,0.0,4227.0,2025-01,2025-12
MIA,CFG,29.0,0.0,0.0,252.0,2025-01,2025-12
MIA,CGN,0.0,0.0,0.0,4748.0,2025-01,2025-12
MIA,CIA,0.0,4.0,7.0,5193.0,2025-01,2025-12
MIA,CIW,0.0,2.0,7.0,1528.0,2025-01,2025-12
MIA,CJC,3.0,0.0,0.0,3423.0,2025-01,2025-12
MIA,CLO,662.0,90579.0,105712.0,1559.0,2025-01,2025-12
MIA,CMN,152.0,31425.0,42124.0,4313.0,2025-01,2025-12
MIA,CMW,798.0,52557.0,112900.0,340.0,2025-01,2025-12
MIA,CNF,4.0,0.0,0.0,3974.0,2025-01,2025-12
MIA,COR,0.0,117.0,117.0,4086.0,2025-01,2025-12
MIA,CPH,110.0,24934.0,28676.0,4874.0,2025-01,2025-12
MIA,CTG,850.0,122004.0,147118.0,1106.0,2025-01,2025-12
MIA,CUN,1897.0,264500.0,340208.0,531.0,2025-01,2025-12
MIA,CUR,1458.0,189082.0,233252.0,1195.0,2025-01,2025-12
MIA,CWB,34.0,0.0,0.0,4109.0,2025-01,2025-12
MIA,CXY,8.0,40.0,60.0,65.0,2025-01,2025-12
MIA,CYB,26.0,1992.0,4000.0,423.0,2025-01,2025-12
MIA,CZM,320.0,20624.0,25120.0,557.0,2025-01,2025-12
MIA,DOH,430.0,155730.0,168703.0,7668.0,2025-01,2025-12
MIA,DOM,370.0,22320.0,28082.0,1415.0,2025-01,2025-12
MIA,DUB,66.0,14414.0,20870.0,4159.0,2025-01,2025-12
MIA,DUS,0.0,1.0,8.0,4725.0,2025-01,2025-12
MIA,DWC,0.0,2.0,7.0,7843.0,2025-01,2025-12
MIA,DXB,360.0,78036.0,118236.0,7834.0,2025-01,2025-12
MIA,EIS,1075.0,59887.0,81483.0,1127.0,2025-01,2025-12
MIA,ELH,616.0,37179.0,46261.0,226.0,2025-01,2025-12
MIA,EMA,3.0,0.0,11.0,4367.0,2025-01,2025-12
MIA,EZE,1874.0,358154.0,416811.0,4424.0,2025-01,2025-12
MIA,FAB,2.0,12.0,35.0,4406.0,2025-01,2025-12
MIA,FCO,468.0,116980.0,133000.0,5176.0,2025-01,2025-12
MIA,FDF,144.0,16000.0,24104.0,1468.0,2025-01,2025-12
MIA,FKB,0.0,2.0,7.0,4827.0,2025-01,2025-12
MIA,FLN,50.0,0.0,0.0,4254.0,2025-01,2025-12
MIA,FOR,174.0,34008.0,42226.0,3461.0,2025-01,2025-12
MIA,FPO,623.0,35464.0,47408.0,112.0,2025-01,2025-12
MIA,FRA,488.0,144980.0,170829.0,4824.0,2025-01,2025-12
MIA,GCM,1617.0,142910.0,194554.0,454.0,2025-01,2025-12
MIA,GDL,310.0,37864.0,56240.0,1505.0,2025-01,2025-12
MIA,GEO,658.0,62055.0,79404.0,1972.0,2025-01,2025-12
MIA,GGT,646.0,40940.0,48686.0,317.0,2025-01,2025-12
MIA,GHB,120.0,6284.0,9120.0,249.0,2025-01,2025-12
MIA,GHC,0.0,0.0,4.0,152.0,2025-01,2025-12
MIA,GIG,510.0,106906.0,115586.0,4174.0,2025-01,2025-12
MIA,GLA,0.0,124.0,129.0,4220.0,2025-01,2025-12
MIA,GMP,0.0,0.0,7.0,7720.0,2025-01,2025-12
MIA,GND,406.0,57522.0,70684.0,1536.0,2025-01,2025-12
MIA,GRU,1792.0,426981.0,488530.0,4085.0,2025-01,2025-12
MIA,GUA,1870.0,185971.0,219862.0,1019.0,2025-01,2025-12
MIA,GVA,2.0,10.0,24.0,4789.0,2025-01,2025-12
MIA,GYE,624.0,66932.0,79178.0,1932.0,2025-01,2025-12
MIA,HAV,4560.0,350427.0,696241.0,235.0,2025-01,2025-12
MIA,HBI,2.0,5.0,12.0,,2025-01,2025-12
MIA,HEL,47.0,10766.0,13528.0,5174.0,2025-01,2025-12
MIA,HHN,7.0,0.0,0.0,4770.0,2025-01,2025-12
MIA,HKG,30.0,0.0,0.0,8980.0,2025-01,2025-12
MIA,HOG,773.0,61066.0,121068.0,428.0,2025-01,2025-12
MIA,HOW,2.0,269.0,360.0,,2025-01,2025-12
MIA,ICN,6.0,0.0,0.0,7734.0,2025-01,2025-12
MIA,IGA,1.0,2.0,155.0,536.0,2025-01,2025-12
MIA,IST,605.0,166926.0,194834.0,5955.0,2025-01,2025-12
MIA,JBQ,0.0,0.0,4.0,826.0,2025-01,2025-12
MIA,JED,1.0,0.0,0.0,7221.0,2025-01,2025-12
MIA,JHF,1.0,2.0,14.0,4059.0,2025-01,2025-12
MIA,KEF,28.0,4114.0,5316.0,3660.0,2025-01,2025-12
MIA,KIN,1837.0,116942.0,150618.0,588.0,2025-01,2025-12
MIA,KIX,0.0,4.0,7.0,7669.0,2025-01,2025-12
MIA,LBG,8.0,28.0,120.0,4576.0,2025-01,2025-12
MIA,LGG,130.0,1.0,8.0,4680.0,2025-01,2025-12
MIA,LGW,146.0,43621.0,49516.0,4433.0,2025-01,2025-12
MIA,LHR,1890.0,514636.0,627772.0,4417.0,2025-01,2025-12
MIA,LIM,2800.0,433114.0,489903.0,2622.0,2025-01,2025-12
MIA,LIN,2.0,11.0,21.0,4950.0,2025-01,2025-12
MIA,LIR,682.0,100499.0,118314.0,1105.0,2025-01,2025-12
MIA,LIS,508.0,131270.0,149930.0,4149.0,2025-01,2025-12
MIA,LRM,338.0,31221.0,43416.0,887.0,2025-01,2025-12
MIA,LTN,5.0,20.0,71.0,4417.0,2025-01,2025-12
MIA,LUX,44.0,0.0,0.0,4730.0,2025-01,2025-12
MIA,MAD,1370.0,362575.0,407822.0,4415.0,2025-01,2025-12
MIA,MAH,0.0,1.0,7.0,4824.0,2025-01,2025-12
MIA,MAN,1.0,192.0,206.0,4323.0,2025-01,2025-12
MIA,MAO,312.0,5986.0,8490.0,2409.0,2025-01,2025-12
MIA,MBJ,952.0,129298.0,157828.0,526.0,2025-01,2025-12
MIA,MDE,2838.0,241870.0,298554.0,1394.0,2025-01,2025-12
MIA,MDZ,0.0,112.0,117.0,4121.0,2025-01,2025-12
MIA,MEX,2810.0,383956.0,467978.0,1274.0,2025-01,2025-12
MIA,MFM,0.0,3.0,7.0,8996.0,2025-01,2025-12
MIA,MGA,1948.0,209168.0,269645.0,1018.0,2025-01,2025-12
MIA,MHH,644.0,36432.0,48192.0,205.0,2025-01,2025-12
MIA,MID,1460.0,53422.0,66402.0,682.0,2025-01,2025-12
MIA,MRS,0.0,2.0,7.0,4801.0,2025-01,2025-12
MIA,MST,62.0,0.0,0.0,4689.0,2025-01,2025-12
MIA,MTY,646.0,53744.0,79939.0,1232.0,2025-01,2025-12
MIA,MUC,171.0,40944.0,48245.0,4998.0,2025-01,2025-12
MIA,MVD,236.0,17481.0,21059.0,4480.0,2025-01,2025-12
MIA,MXP,5.0,2.0,102.0,4921.0,2025-01,2025-12
MIA,NAS,1832.0,197420.0,234564.0,184.0,2025-01,2025-12
MIA,NBW,12.0,490.0,1464.0,520.0,2025-01,2025-12
MIA,NCE,6.0,27.0,78.0,4892.0,2025-01,2025-12
MIA,NHT,0.0,4.0,7.0,4418.0,2025-01,2025-12
MIA,NLU,87.0,125.0,180.0,1263.0,2025-01,2025-12
MIA,NMC,5.0,26.0,40.0,232.0,2025-01,2025-12
MIA,NRT,1.0,0.0,0.0,7423.0,2025-01,2025-12
MIA,NSB,4.0,10.0,28.0,65.0,2025-01,2025-12
MIA,NSI,0.0,1.0,7.0,6221.0,2025-01,2025-12
MIA,NUE,0.0,1.0,7.0,4942.0,2025-01,2025-12
MIA,OCJ,306.0,14917.0,23218.0,553.0,2025-01,2025-12
MIA,OPO,0.0,4.0,7.0,4143.0,2025-01,2025-12
MIA,ORY,144.0,52524.0,59184.0,4576.0,2025-01,2025-12
MIA,OSL,22.0,6090.0,7276.0,4732.0,2025-01,2025-12
MIA,PBM,76.0,0.0,266.0,2174.0,2025-01,2025-12
MIA,PDL,3.0,158.0,184.0,3264.0,2025-01,2025-12
MIA,PIO,2.0,146.0,153.0,2746.0,2025-01,2025-12
MIA,PLS,886.0,112697.0,152808.0,578.0,2025-01,2025-12
MIA,PMI,0.0,1.0,6.0,4755.0,2025-01,2025-12
MIA,POA,4.0,15.0,49.0,4310.0,2025-01,2025-12
MIA,POP,506.0,62171.0,76066.0,746.0,2025-01,2025-12
MIA,POS,1264.0,138914.0,164848.0,1624.0,2025-01,2025-12
MIA,PRG,1.0,0.0,0.0,5062.0,2025-01,2025-12
MIA,PSA,1.0,4.0,14.0,5042.0,2025-01,2025-12
MIA,PTP,196.0,23990.0,33446.0,1375.0,2025-01,2025-12
MIA,PTY,3692.0,439763.0,515284.0,1157.0,2025-01,2025-12
MIA,PUJ,1524.0,230410.0,287782.0,911.0,2025-01,2025-12
MIA,QRO,0.0,44.0,86.0,1312.0,2025-01,2025-12
MIA,REC,12.0,0.0,0.0,3843.0,2025-01,2025-12
MIA,REX,0.0,83.0,90.0,1114.0,2025-01,2025-12
MIA,RSD,0.0,0.0,4.0,264.0,2025-01,2025-12
MIA,RTB,368.0,43586.0,49140.0,768.0,2025-01,2025-12
MIA,RTM,0.0,0.0,7.0,4616.0,2025-01,2025-12
MIA,RUH,0.0,0.0,94.0,7456.0,2025-01,2025-12
MIA,SAL,1616.0,156618.0,202898.0,1026.0,2025-01,2025-12
MIA,SAP,1254.0,101252.0,131192.0,868.0,2025-01,2025-12
MIA,SAQ,2.0,10.0,20.0,149.0,2025-01,2025-12
MIA,SCL,1890.0,222112.0,270390.0,4137.0,2025-01,2025-12
MIA,SCU,436.0,24984.0,59979.0,492.0,2025-01,2025-12
MIA,SDQ,2938.0,292458.0,338790.0,849.0,2025-01,2025-12
MIA,SID,2.0,0.0,0.0,3717.0,2025-01,2025-12
MIA,SJK,49.0,0.0,370.0,4096.0,2025-01,2025-12
MIA,SJO,1910.0,207310.0,255781.0,1122.0,2025-01,2025-12
MIA,SKB,522.0,63042.0,89711.0,1270.0,2025-01,2025-12
MIA,SMA,2.0,4.0,18.0,3295.0,2025-01,2025-12
MIA,SML,2.0,2.0,11.0,350.0,2025-01,2025-12
MIA,SNN,3.0,8.0,21.0,4051.0,2025-01,2025-12
MIA,SNU,1262.0,85424.0,199568.0,229.0,2025-01,2025-12
MIA,SOF,1.0,6.0,14.0,5669.0,2025-01,2025-12
MIA,SSH,1.0,6.0,14.0,6726.0,2025-01,2025-12
MIA,STI,578.0,70323.0,82140.0,759.0,2025-01,2025-12
MIA,STN,4.0,16.0,240.0,4442.0,2025-01,2025-12
MIA,SVD,348.0,39162.0,58480.0,1519.0,2025-01,2025-12
MIA,SXB,1.0,2.0,14.0,4812.0,2025-01,2025-12
MIA,SXM,874.0,117294.0,144628.0,1223.0,2025-01,2025-12
MIA,TAP,0.0,82.0,87.0,1090.0,2025-01,2025-12
MIA,TCB,0.0,2.0,4.0,191.0,2025-01,2025-12
MIA,TLC,1.0,26.0,42.0,1307.0,2025-01,2025-12
MIA,TLS,1.0,0.0,0.0,4612.0,2025-01,2025-12
MIA,TLV,198.0,50723.0,52232.0,6592.0,2025-01,2025-12
MIA,TQO,312.0,32328.0,40430.0,609.0,2025-01,2025-12
MIA,TYM,0.0,1.0,4.0,266.0,2025-01,2025-12
MIA,UIO,3599.0,148628.0,171650.0,1796.0,2025-01,2025-12
MIA,UVF,542.0,79274.0,94488.0,1505.0,2025-01,2025-12
MIA,VCP,454.0,81.0,150.0,4036.0,2025-01,2025-12
MIA,VIT,0.0,1.0,7.0,4423.0,2025-01,2025-12
MIA,VIX,26.0,0.0,0.0,4162.0,2025-01,2025-12
MIA,VRA,346.0,27514.0,47291.0,204.0,2025-01,2025-12
MIA,VSA,0.0,70.0,87.0,966.0,2025-01,2025-12
MIA,VVI,11.0,2304.0,3811.0,3215.0,2025-01,2025-12
MIA,WAW,190.0,45663.0,52464.0,5276.0,2025-01,2025-12
MIA,XPL,784.0,98954.0,114840.0,920.0,2025-01,2025-12
MIA,XSC,66.0,2792.0,4978.0,628.0,2025-01,2025-12
MIA,YHZ,0.0,2.0,7.0,1616.0,2025-01,2025-12
MIA,YMX,2.0,0.0,0.0,1417.0,2025-01,2025-12
MIA,YOW,2.0,97.0,110.0,1373.0,2025-01,2025-12
MIA,YQM,2.0,115.0,155.0,1646.0,2025-01,2025-12
MIA,YQX,4.0,124.0,129.0,2113.0,2025-01,2025-12
MIA,YUL,884.0,102018.0,123018.0,1407.0,2025-01,2025-12
MIA,YVR,204.0,28698.0,34560.0,2798.0,2025-01,2025-12
MIA,YYC,1.0,2.0,9.0,2489.0,2025-01,2025-12
MIA,YYR,2.0,40.0,444.0,2160.0,2025-01,2025-12
MIA,YYT,0.0,1.0,4.0,2123.0,2025-01,2025-12
MIA,YYZ,1990.0,220830.0,269008.0,1236.0,2025-01,2025-12
MIA,ZAZ,36.0,0.0,0.0,4525.0,2025-01,2025-12
MIA,ZLO,0.0,12.0,30.0,1613.0,2025-01,2025-12
MIA,ZRH,548.0,130698.0,156736.0,4875.0,2025-01,2025-12
MIA,ZSA,2.0,66.0,242.0,381.0,2025-01,2025-12
MKC,ARN,0.0,2.0,6.0,4614.0,2025-01,2025-12
MKC,BHX,1.0,3.0,14.0,4251.0,2025-01,2025-12
MKC,FAB,0.0,4.0,8.0,4326.0,2025-01,2025-12
MKC,LTN,0.0,2.0,7.0,4321.0,2025-01,2025-12
MKC,MUC,1.0,5.0,14.0,4903.0,2025-01,2025-12
MKC,SEN,0.0,2.0,6.0,4371.0,2025-01,2025-12
MKC,SJO,0.0,1.0,6.0,2112.0,2025-01,2025-12
MKC,SZG,0.0,2.0,7.0,4971.0,2025-01,2025-12
MKC,TRN,2.0,4.0,28.0,4879.0,2025-01,2025-12
MKC,YVR,1.0,82.0,186.0,1566.0,2025-01,2025-12
MKC,YYZ,2.0,42.0,100.0,835.0,2025-01,2025-12
MKE,CUN,108.0,15565.0,20048.0,1515.0,2025-01,2025-12
MKE,EDI,0.0,0.0,7.0,3653.0,2025-01,2025-12
MKE,FAO,0.0,1.0,7.0,4089.0,2025-01,2025-12
MKE,GDL,0.0,72.0,80.0,1788.0,2025-01,2025-12
MKE,GLA,0.0,1.0,7.0,3618.0,2025-01,2025-12
MKE,IBZ,0.0,1.0,7.0,4437.0,2025-01,2025-12
MKE,INV,0.0,2.0,7.0,3586.0,2025-01,2025-12
MKE,MBJ,20.0,2603.0,3720.0,1787.0,2025-01,2025-12
MKE,MTY,0.0,0.0,38.0,1372.0,2025-01,2025-12
MKE,PUJ,52.0,7464.0,9579.0,2034.0,2025-01,2025-12
MKE,PVR,10.0,1348.0,1780.0,1837.0,2025-01,2025-12
MKE,UVF,1.0,144.0,186.0,2576.0,2025-01,2025-12
MKE,YQA,1.0,1.0,30.0,449.0,2025-01,2025-12
MKE,YQB,0.0,37.0,38.0,849.0,2025-01,2025-12
MKE,YUL,2.0,8.0,104.0,721.0,2025-01,2025-12
MKE,YVR,1.0,0.0,72.0,1729.0,2025-01,2025-12
MKE,YWG,0.0,0.0,93.0,654.0,2025-01,2025-12
MKE,YYC,1.0,117.0,172.0,1344.0,2025-01,2025-12
MKE,YYZ,10.0,405.0,812.0,418.0,2025-01,2025-12
MKO,YYZ,0.0,1.0,6.0,1001.0,2025-01,2025-12
MLB,BFS,4.0,1364.0,1380.0,4048.0,2025-01,2025-12
MLB,BHX,31.0,7620.0,9626.0,4250.0,2025-01,2025-12
MLB,EIS,0.0,32.0,38.0,1218.0,2025-01,2025-12
MLB,ELH,0.0,36.0,38.0,304.0,2025-01,2025-12
MLB,GLA,38.0,10426.0,11813.0,4109.0,2025-01,2025-12
MLB,LBG,1.0,6.0,14.0,4480.0,2025-01,2025-12
MLB,LGW,53.0,10800.0,16138.0,4332.0,2025-01,2025-12
MLB,LIS,0.0,1.0,7.0,4085.0,2025-01,2025-12
MLB,LPL,0.0,2.0,7.0,4195.0,2025-01,2025-12
MLB,MAN,48.0,13330.0,16110.0,4218.0,2025-01,2025-12
MLB,MBJ,0.0,60.0,78.0,685.0,2025-01,2025-12
MLB,NAS,0.0,2.0,4.0,289.0,2025-01,2025-12
MLB,NCL,33.0,8864.0,9984.0,4223.0,2025-01,2025-12
MLB,POP,0.0,85.0,86.0,858.0,2025-01,2025-12
MLB,TCB,0.0,4.0,4.0,220.0,2025-01,2025-12
MLB,YYZ,3.0,10.0,28.0,1078.0,2025-01,2025-12
MLI,EDI,0.0,46.0,48.0,3820.0,2025-01,2025-12
MMU,GCM,1.0,7.0,12.0,1542.0,2025-01,2025-12
MMU,LTN,0.0,0.0,7.0,3456.0,2025-01,2025-12
MMU,PPT,0.0,1.0,8.0,6268.0,2025-01,2025-12
MMU,SXM,0.0,2.0,7.0,1710.0,2025-01,2025-12
MMU,YTZ,2.0,2.0,12.0,321.0,2025-01,2025-12
MMU,YYZ,0.0,1.0,5.0,333.0,2025-01,2025-12
MNZ,EDI,0.0,3.0,8.0,3481.0,2025-01,2025-12
MNZ,PIK,0.0,3.0,7.0,3442.0,2025-01,2025-12
MNZ,SMV,0.0,0.0,6.0,4244.0,2025-01,2025-12
MOD,CSL,0.0,4.0,4.0,,2025-01,2025-12
MOT,BHX,0.0,2.0,7.0,4033.0,2025-01,2025-12
MOT,FLR,0.0,1.0,8.0,4875.0,2025-01,2025-12
MOT,KEF,0.0,2.0,4.0,2991.0,2025-01,2025-12
MOT,NCE,0.0,3.0,8.0,4751.0,2025-01,2025-12
MOT,VRN,0.0,1.0,7.0,4782.0,2025-01,2025-12
MOT,YWG,2.0,0.0,279.0,215.0,2025-01,2025-12
MOT,YYC,0.0,1.0,4.0,601.0,2025-01,2025-12
MPB,CXY,0.0,4.0,4.0,58.0,2025-01,2025-12
MPB,ELH,0.0,3.0,4.0,219.0,2025-01,2025-12
MPB,HBI,2.0,4.0,12.0,,2025-01,2025-12
MPB,MHH,0.0,2.0,4.0,198.0,2025-01,2025-12
MPB,NAS,0.0,3.0,4.0,177.0,2025-01,2025-12
MPB,NSB,2.0,6.0,16.0,58.0,2025-01,2025-12
MPB,SAQ,0.0,0.0,4.0,142.0,2025-01,2025-12
MQY,CUN,0.0,0.0,10.0,1034.0,2025-01,2025-12
MQY,NAS,2.0,2.0,30.0,929.0,2025-01,2025-12
MQY,PLS,0.0,6.0,8.0,1305.0,2025-01,2025-12
MQY,QRO,1.0,0.0,0.0,1347.0,2025-01,2025-12
MQY,SLP,0.0,0.0,0.0,1285.0,2025-01,2025-12
MQY,YYZ,1.0,2.0,16.0,643.0,2025-01,2025-12
MRK,YKF,0.0,2.0,4.0,1209.0,2025-01,2025-12
MRY,PPT,0.0,1.0,6.0,4156.0,2025-01,2025-12
MRY,PVR,0.0,1.0,6.0,1485.0,2025-01,2025-12
MRY,SPU,0.0,1.0,7.0,6309.0,2025-01,2025-12
MRY,YKF,1.0,4.0,5.0,2221.0,2025-01,2025-12
MRY,YYZ,0.0,3.0,6.0,2258.0,2025-01,2025-12
MSN,YOW,0.0,37.0,38.0,692.0,2025-01,2025-12
MSN,YWG,1.0,0.0,76.0,599.0,2025-01,2025-12
MSO,YYZ,1.0,5.0,5.0,1676.0,2025-01,2025-12
MSP,AGU,0.0,0.0,93.0,1683.0,2025-01,2025-12
MSP,AMS,1020.0,260976.0,291574.0,4154.0,2025-01,2025-12
MSP,ATH,1.0,4.0,14.0,5507.0,2025-01,2025-12
MSP,AUA,64.0,9510.0,12288.0,2622.0,2025-01,2025-12
MSP,BJX,0.0,0.0,93.0,1716.0,2025-01,2025-12
MSP,BZE,50.0,7454.0,9140.0,1910.0,2025-01,2025-12
MSP,CDG,479.0,119452.0,134741.0,4210.0,2025-01,2025-12
MSP,CPH,66.0,15748.0,18570.0,4269.0,2025-01,2025-12
MSP,CTA,0.0,2.0,7.0,5207.0,2025-01,2025-12
MSP,CUN,1271.0,195755.0,233382.0,1686.0,2025-01,2025-12
MSP,CZM,98.0,12688.0,16930.0,1721.0,2025-01,2025-12
MSP,DUB,450.0,68014.0,93512.0,3725.0,2025-01,2025-12
MSP,FCO,88.0,21490.0,24757.0,4889.0,2025-01,2025-12
MSP,FLR,0.0,2.0,7.0,4756.0,2025-01,2025-12
MSP,FRA,146.0,29038.0,41670.0,4380.0,2025-01,2025-12
MSP,GCM,56.0,7186.0,9696.0,1895.0,2025-01,2025-12
MSP,GDL,0.0,0.0,93.0,1779.0,2025-01,2025-12
MSP,HKG,0.0,0.0,0.0,7489.0,2025-01,2025-12
MSP,HND,358.0,82463.0,104794.0,5967.0,2025-01,2025-12
MSP,ICN,356.0,85714.0,106538.0,6233.0,2025-01,2025-12
MSP,KEF,362.0,55872.0,66206.0,2936.0,2025-01,2025-12
MSP,LHR,362.0,78624.0,101544.0,4004.0,2025-01,2025-12
MSP,LIR,166.0,25366.0,30178.0,2413.0,2025-01,2025-12
MSP,LTN,0.0,2.0,7.0,3992.0,2025-01,2025-12
MSP,MBJ,162.0,24248.0,29154.0,2025.0,2025-01,2025-12
MSP,MEX,364.0,39842.0,48020.0,1790.0,2025-01,2025-12
MSP,MTY,2.0,0.0,224.0,1374.0,2025-01,2025-12
MSP,MUC,0.0,248.0,254.0,4566.0,2025-01,2025-12
MSP,MZT,92.0,10320.0,15516.0,1671.0,2025-01,2025-12
MSP,NAP,0.0,115.0,117.0,5009.0,2025-01,2025-12
MSP,NAS,3.0,456.0,564.0,1629.0,2025-01,2025-12
MSP,NCE,2.0,5.0,20.0,4614.0,2025-01,2025-12
MSP,NLU,1.0,0.0,186.0,1768.0,2025-01,2025-12
MSP,NRN,0.0,1.0,10.0,4230.0,2025-01,2025-12
MSP,PLS,44.0,5479.0,7506.0,1990.0,2025-01,2025-12
MSP,PRG,0.0,2.0,6.0,4569.0,2025-01,2025-12
MSP,PUJ,348.0,49543.0,63400.0,2313.0,2025-01,2025-12
MSP,PVR,356.0,52740.0,64925.0,1808.0,2025-01,2025-12
MSP,RTB,23.0,3462.0,4278.0,2012.0,2025-01,2025-12
MSP,SAL,0.0,0.0,93.0,2186.0,2025-01,2025-12
MSP,SJD,280.0,39126.0,51701.0,1766.0,2025-01,2025-12
MSP,SJO,0.0,0.0,0.0,2469.0,2025-01,2025-12
MSP,SLP,0.0,26.0,93.0,1623.0,2025-01,2025-12
MSP,STN,0.0,96.0,138.0,4013.0,2025-01,2025-12
MSP,SXM,44.0,5766.0,8408.0,2539.0,2025-01,2025-12
MSP,TQO,14.0,1534.0,1912.0,1737.0,2025-01,2025-12
MSP,TRC,0.0,0.0,93.0,1450.0,2025-01,2025-12
MSP,VCE,1.0,26.0,115.0,4718.0,2025-01,2025-12
MSP,YEG,299.0,34824.0,45356.0,1084.0,2025-01,2025-12
MSP,YHM,1.0,9.0,12.0,670.0,2025-01,2025-12
MSP,YHU,2.0,22.0,279.0,963.0,2025-01,2025-12
MSP,YKF,0.0,1.0,4.0,643.0,2025-01,2025-12
MSP,YMX,0.0,0.0,0.0,932.0,2025-01,2025-12
MSP,YOW,2.0,110.0,224.0,855.0,2025-01,2025-12
MSP,YQR,356.0,17922.0,27729.0,655.0,2025-01,2025-12
MSP,YUL,615.0,37556.0,51432.0,947.0,2025-01,2025-12
MSP,YVR,606.0,73110.0,91450.0,1432.0,2025-01,2025-12
MSP,YWG,1396.0,79996.0,98546.0,395.0,2025-01,2025-12
MSP,YXE,258.0,26016.0,45879.0,794.0,2025-01,2025-12
MSP,YYC,634.0,79794.0,95726.0,1049.0,2025-01,2025-12
MSP,YYZ,1522.0,96322.0,130281.0,677.0,2025-01,2025-12
MSP,ZIH,38.0,5389.0,7161.0,1944.0,2025-01,2025-12
MSS,YOW,0.0,3.0,4.0,48.0,2025-01,2025-12
MSY,AMS,1.0,58.0,108.0,4806.0,2025-01,2025-12
MSY,ATH,0.0,3.0,7.0,6111.0,2025-01,2025-12
MSY,BOG,1.0,118.0,166.0,2039.0,2025-01,2025-12
MSY,CFE,1.0,5.0,14.0,4920.0,2025-01,2025-12
MSY,CUN,246.0,25004.0,43714.0,654.0,2025-01,2025-12
MSY,CZM,0.0,74.0,83.0,687.0,2025-01,2025-12
MSY,GCM,2.0,102.0,170.0,926.0,2025-01,2025-12
MSY,GDL,0.0,53.0,80.0,1044.0,2025-01,2025-12
MSY,GIB,0.0,2.0,7.0,4774.0,2025-01,2025-12
MSY,GLA,0.0,134.0,136.0,4374.0,2025-01,2025-12
MSY,GUA,0.0,76.0,83.0,1065.0,2025-01,2025-12
MSY,GVA,1.0,1.0,13.0,5035.0,2025-01,2025-12
MSY,KLU,0.0,0.0,7.0,5366.0,2025-01,2025-12
MSY,LHR,220.0,43604.0,53320.0,4620.0,2025-01,2025-12
MSY,LIR,2.0,252.0,326.0,1374.0,2025-01,2025-12
MSY,LRM,2.0,8.0,14.0,1560.0,2025-01,2025-12
MSY,LTN,2.0,8.0,33.0,4614.0,2025-01,2025-12
MSY,MAD,0.0,0.0,7.0,4749.0,2025-01,2025-12
MSY,MBJ,1.0,164.0,169.0,1110.0,2025-01,2025-12
MSY,MDE,1.0,148.0,166.0,1908.0,2025-01,2025-12
MSY,MEX,0.0,32.0,63.0,914.0,2025-01,2025-12
MSY,MGA,0.0,77.0,83.0,1261.0,2025-01,2025-12
MSY,MTY,0.0,52.0,63.0,668.0,2025-01,2025-12
MSY,NAS,3.0,264.0,405.0,855.0,2025-01,2025-12
MSY,PMI,1.0,8.0,8.0,5081.0,2025-01,2025-12
MSY,PSA,2.0,3.0,19.0,5302.0,2025-01,2025-12
MSY,PTY,0.0,86.0,90.0,1607.0,2025-01,2025-12
MSY,QRO,0.0,0.0,94.0,896.0,2025-01,2025-12
MSY,SAL,0.0,86.0,90.0,1146.0,2025-01,2025-12
MSY,SAP,289.0,29760.0,51648.0,1016.0,2025-01,2025-12
MSY,SJD,1.0,100.0,164.0,1290.0,2025-01,2025-12
MSY,SJO,2.0,277.0,315.0,1436.0,2025-01,2025-12
MSY,SKB,0.0,1.0,7.0,1944.0,2025-01,2025-12
MSY,STN,0.0,0.0,30.0,4638.0,2025-01,2025-12
MSY,SXF,0.0,0.0,7.0,,2025-01,2025-12
MSY,TAM,0.0,30.0,63.0,711.0,2025-01,2025-12
MSY,TLC,0.0,1.0,7.0,939.0,2025-01,2025-12
MSY,TQO,0.0,26.0,90.0,698.0,2025-01,2025-12
MSY,VER,0.0,48.0,63.0,837.0,2025-01,2025-12
MSY,XPL,43.0,3074.0,7568.0,1092.0,2025-01,2025-12
MSY,YEG,0.0,50.0,60.0,1992.0,2025-01,2025-12
MSY,YHM,0.0,64.0,68.0,1074.0,2025-01,2025-12
MSY,YMX,2.0,0.0,0.0,1394.0,2025-01,2025-12
MSY,YUL,20.0,1234.0,1886.0,1394.0,2025-01,2025-12
MSY,YWG,0.0,51.0,60.0,1423.0,2025-01,2025-12
MSY,YYZ,220.0,19286.0,29920.0,1111.0,2025-01,2025-12
MSY,ZIH,0.0,0.0,5.0,1109.0,2025-01,2025-12
MSY,ZLO,0.0,14.0,30.0,1168.0,2025-01,2025-12
MTH,ELH,0.0,0.0,4.0,278.0,2025-01,2025-12
MTH,NAS,1.0,5.0,8.0,226.0,2025-01,2025-12
MTH,NCL,0.0,2.0,6.0,4420.0,2025-01,2025-12
MTH,NSB,0.0,1.0,4.0,134.0,2025-01,2025-12
MTH,SJD,0.0,2.0,7.0,1810.0,2025-01,2025-12
MTJ,VCE,0.0,2.0,7.0,5551.0,2025-01,2025-12
MTJ,YUL,0.0,56.0,68.0,1804.0,2025-01,2025-12
MTN,YQB,0.0,2.0,4.0,574.0,2025-01,2025-12
MVY,BMA,0.0,2.0,7.0,3776.0,2025-01,2025-12
MVY,GVA,1.0,2.0,14.0,3687.0,2025-01,2025-12
MVY,HEL,0.0,1.0,8.0,3968.0,2025-01,2025-12
MVY,KIR,0.0,2.0,7.0,2893.0,2025-01,2025-12
MVY,MXP,0.0,2.0,7.0,3819.0,2025-01,2025-12
MVY,NCE,0.0,1.0,7.0,3813.0,2025-01,2025-12
MVY,YCL,0.0,2.0,4.0,502.0,2025-01,2025-12
MWL,GVA,0.0,1.0,7.0,5224.0,2025-01,2025-12
MYR,CUN,0.0,74.0,88.0,999.0,2025-01,2025-12
MYR,NAS,0.0,0.0,93.0,603.0,2025-01,2025-12
MYR,PUJ,0.0,42.0,114.0,1231.0,2025-01,2025-12
MYR,SDQ,0.0,78.0,90.0,1199.0,2025-01,2025-12
MYR,SNN,0.0,37.0,175.0,3603.0,2025-01,2025-12
MYR,YUL,0.0,36.0,38.0,860.0,2025-01,2025-12
MYR,YYZ,0.0,0.0,93.0,692.0,2025-01,2025-12
MZJ,NLU,0.0,0.0,0.0,1165.0,2025-01,2025-12
NEW,SXM,0.0,0.0,6.0,1883.0,2025-01,2025-12
NEW,YHM,0.0,4.0,6.0,1064.0,2025-01,2025-12
NEW,YYZ,0.0,2.0,10.0,1102.0,2025-01,2025-12
NGU,BLQ,0.0,0.0,0.0,4390.0,2025-01,2025-12
NGU,BRU,2.0,0.0,0.0,3926.0,2025-01,2025-12
NGU,EIN,0.0,44.0,106.0,3950.0,2025-01,2025-12
NGU,NAS,0.0,0.0,145.0,825.0,2025-01,2025-12
NGU,NBW,34.0,0.0,0.0,1179.0,2025-01,2025-12
NIP,NBW,2.0,0.0,199.0,820.0,2025-01,2025-12
NKX,TAP,12.0,1558.0,1918.0,1993.0,2025-01,2025-12
NKX,VSA,10.0,1391.0,1780.0,1825.0,2025-01,2025-12
NTU,YYR,0.0,0.0,34.0,1364.0,2025-01,2025-12
NUQ,ARN,0.0,4.0,6.0,5353.0,2025-01,2025-12
NUQ,BGY,0.0,1.0,6.0,5961.0,2025-01,2025-12
NUQ,CIA,0.0,0.0,7.0,6262.0,2025-01,2025-12
NUQ,HKG,0.0,1.0,7.0,6937.0,2025-01,2025-12
NUQ,KIX,0.0,2.0,7.0,5424.0,2025-01,2025-12
NUQ,LBG,0.0,2.0,7.0,5570.0,2025-01,2025-12
NUQ,LGG,0.0,2.0,6.0,5570.0,2025-01,2025-12
NUQ,LRM,0.0,2.0,10.0,3447.0,2025-01,2025-12
NUQ,LTN,2.0,4.0,28.0,5339.0,2025-01,2025-12
NUQ,NGO,0.0,1.0,7.0,5335.0,2025-01,2025-12
NUQ,OLB,0.0,0.0,7.0,6221.0,2025-01,2025-12
NUQ,PLS,1.0,5.0,9.0,3140.0,2025-01,2025-12
NUQ,ZAZ,1.0,1.0,16.0,5829.0,2025-01,2025-12
NUW,DNA,0.0,0.0,0.0,5694.0,2025-01,2025-12
NUW,ICN,0.0,0.0,0.0,5151.0,2025-01,2025-12
NZY,DNA,0.0,0.0,0.0,6532.0,2025-01,2025-12
OAK,ABZ,0.0,2.0,7.0,5013.0,2025-01,2025-12
OAK,AKL,13.0,0.0,0.0,6541.0,2025-01,2025-12
OAK,ATH,0.0,1.0,7.0,6783.0,2025-01,2025-12
OAK,AVN,0.0,5.0,7.0,5900.0,2025-01,2025-12
OAK,BCN,0.0,3.0,7.0,5946.0,2025-01,2025-12
OAK,BJX,354.0,43091.0,64929.0,1694.0,2025-01,2025-12
OAK,CDG,1.0,0.0,0.0,5559.0,2025-01,2025-12
OAK,CIA,0.0,2.0,7.0,6250.0,2025-01,2025-12
OAK,CSL,0.0,3.0,7.0,,2025-01,2025-12
OAK,CUN,2.0,294.0,445.0,2400.0,2025-01,2025-12
OAK,DUB,0.0,3.0,7.0,5074.0,2025-01,2025-12
OAK,EDI,1.0,2.0,14.0,5040.0,2025-01,2025-12
OAK,FAB,1.0,1.0,15.0,5344.0,2025-01,2025-12
OAK,GDL,1474.0,185978.0,247902.0,1641.0,2025-01,2025-12
OAK,GLA,0.0,1.0,7.0,5014.0,2025-01,2025-12
OAK,GLO,0.0,2.0,6.0,5271.0,2025-01,2025-12
OAK,IBZ,0.0,1.0,7.0,6047.0,2025-01,2025-12
OAK,KIX,130.0,0.0,0.0,5404.0,2025-01,2025-12
OAK,LBG,1.0,7.0,14.0,5558.0,2025-01,2025-12
OAK,LGG,132.0,0.0,0.0,5556.0,2025-01,2025-12
OAK,LTN,1.0,2.0,12.0,5326.0,2025-01,2025-12
OAK,MEX,382.0,62810.0,83188.0,1879.0,2025-01,2025-12
OAK,MLA,0.0,1.0,7.0,6649.0,2025-01,2025-12
OAK,MLM,332.0,47326.0,60426.0,1773.0,2025-01,2025-12
OAK,MTY,172.0,15895.0,32717.0,1533.0,2025-01,2025-12
OAK,NAS,1.0,55.0,186.0,2753.0,2025-01,2025-12
OAK,NLU,0.0,0.0,38.0,1866.0,2025-01,2025-12
OAK,NRT,104.0,0.0,7.0,5115.0,2025-01,2025-12
OAK,PMI,0.0,1.0,7.0,6060.0,2025-01,2025-12
OAK,PSA,0.0,2.0,7.0,6079.0,2025-01,2025-12
OAK,PVR,5.0,522.0,638.0,1555.0,2025-01,2025-12
OAK,SAL,209.0,30806.0,38780.0,2637.0,2025-01,2025-12
OAK,SHA,0.0,4.0,7.0,6157.0,2025-01,2025-12
OAK,SJD,276.0,20554.0,49158.0,1249.0,2025-01,2025-12
OAK,SLW,0.0,0.0,0.0,1503.0,2025-01,2025-12
OAK,SNN,0.0,2.0,6.0,5024.0,2025-01,2025-12
OAK,SXM,0.0,2.0,7.0,3790.0,2025-01,2025-12
OAK,SYD,56.0,0.0,0.0,7436.0,2025-01,2025-12
OAK,TLC,0.0,0.0,122.0,1862.0,2025-01,2025-12
OAK,TLN,0.0,2.0,7.0,5983.0,2025-01,2025-12
OAK,TRN,0.0,2.0,7.0,5914.0,2025-01,2025-12
OAK,YEG,0.0,0.0,75.0,1154.0,2025-01,2025-12
OAK,YOW,0.0,2.0,4.0,2430.0,2025-01,2025-12
OAK,YVR,2.0,154.0,216.0,794.0,2025-01,2025-12
OAK,YYC,0.0,26.0,35.0,1009.0,2025-01,2025-12
OAK,YYZ,1.0,9.0,12.0,2243.0,2025-01,2025-12
OAK,ZCL,78.0,6518.0,14468.0,1545.0,2025-01,2025-12
OCA,CCZ,0.0,1.0,4.0,150.0,2025-01,2025-12
OCA,MHH,1.0,4.0,8.0,215.0,2025-01,2025-12
OCA,YYZ,0.0,0.0,0.0,1268.0,2025-01,2025-12
OCF,ELH,0.0,3.0,4.0,425.0,2025-01,2025-12
OCF,LBG,0.0,1.0,6.0,4498.0,2025-01,2025-12
OCF,LIS,0.0,1.0,7.0,4130.0,2025-01,2025-12
OCF,YYZ,0.0,1.0,6.0,1012.0,2025-01,2025-12
OCF,ZRH,0.0,2.0,7.0,4798.0,2025-01,2025-12
OGG,AKL,2.0,4.0,21.0,4419.0,2025-01,2025-12
OGG,FUK,1.0,5.0,14.0,4488.0,2025-01,2025-12
OGG,HKG,0.0,1.0,7.0,5660.0,2025-01,2025-12
OGG,KIX,1.0,2.0,14.0,4208.0,2025-01,2025-12
OGG,LTN,0.0,1.0,7.0,7205.0,2025-01,2025-12
OGG,MEL,0.0,2.0,7.0,5559.0,2025-01,2025-12
OGG,SJD,0.0,2.0,6.0,2983.0,2025-01,2025-12
OGG,SON,0.0,3.0,6.0,3522.0,2025-01,2025-12
OGG,SYD,0.0,50.0,139.0,5121.0,2025-01,2025-12
OGG,YEG,38.0,5520.0,6444.0,3175.0,2025-01,2025-12
OGG,YLW,1.0,4.0,5.0,2845.0,2025-01,2025-12
OGG,YVR,546.0,79781.0,94164.0,2673.0,2025-01,2025-12
OGG,YYC,121.0,19732.0,22660.0,3090.0,2025-01,2025-12
OKC,BJX,0.0,62.0,86.0,1022.0,2025-01,2025-12
OKC,CUN,8.0,962.0,1502.0,1185.0,2025-01,2025-12
OKC,FRA,0.0,114.0,128.0,5020.0,2025-01,2025-12
OKC,MLM,0.0,54.0,64.0,1094.0,2025-01,2025-12
OKC,PMI,0.0,14.0,16.0,5194.0,2025-01,2025-12
OKC,PVR,0.0,86.0,86.0,1118.0,2025-01,2025-12
OKC,RUH,1.0,8.0,14.0,7658.0,2025-01,2025-12
OKC,SLP,0.0,52.0,64.0,929.0,2025-01,2025-12
OKC,SZG,1.0,6.0,12.0,5274.0,2025-01,2025-12
OKC,YAM,1.0,4.0,9.0,1024.0,2025-01,2025-12
OKC,YVR,2.0,222.0,267.0,1605.0,2025-01,2025-12
OKC,YYC,0.0,64.0,64.0,1358.0,2025-01,2025-12
OKC,YYZ,2.0,292.0,308.0,1112.0,2025-01,2025-12
OLM,YXX,0.0,5.0,6.0,144.0,2025-01,2025-12
OLM,YYZ,0.0,5.0,6.0,2088.0,2025-01,2025-12
OMA,CMA,0.0,0.0,4.0,8898.0,2025-01,2025-12
OMA,GCM,0.0,4.0,6.0,1745.0,2025-01,2025-12
OMA,GYE,0.0,6.0,7.0,3167.0,2025-01,2025-12
OMA,LHR,0.0,52.0,128.0,4272.0,2025-01,2025-12
OMA,PSA,0.0,2.0,7.0,4998.0,2025-01,2025-12
OMA,TBS,0.0,2.0,7.0,6204.0,2025-01,2025-12
OMA,YQR,0.0,0.0,7.0,758.0,2025-01,2025-12
OMA,YUL,0.0,0.0,7.0,1145.0,2025-01,2025-12
OMA,YVR,0.0,75.0,86.0,1425.0,2025-01,2025-12
OMA,YYZ,4.0,76.0,112.0,843.0,2025-01,2025-12
ONT,BJX,78.0,7840.0,14070.0,1335.0,2025-01,2025-12
ONT,FRA,0.0,166.0,182.0,5762.0,2025-01,2025-12
ONT,GDL,709.0,115098.0,149894.0,1279.0,2025-01,2025-12
ONT,GIG,0.0,0.0,145.0,6262.0,2025-01,2025-12
ONT,GVA,0.0,1.0,7.0,5876.0,2025-01,2025-12
ONT,ICN,18.0,0.0,0.0,6009.0,2025-01,2025-12
ONT,MLM,104.0,8974.0,18838.0,1412.0,2025-01,2025-12
ONT,MTY,1.0,63.0,186.0,1191.0,2025-01,2025-12
ONT,NLU,1.0,0.0,0.0,1508.0,2025-01,2025-12
ONT,PEN,0.0,0.0,0.0,8763.0,2025-01,2025-12
ONT,PVR,0.0,72.0,72.0,1193.0,2025-01,2025-12
ONT,SAL,173.0,25359.0,30524.0,2285.0,2025-01,2025-12
ONT,SJD,145.0,9068.0,26356.0,891.0,2025-01,2025-12
ONT,TPE,462.0,117444.0,156682.0,6818.0,2025-01,2025-12
ONT,YYZ,2.0,0.0,0.0,2127.0,2025-01,2025-12
OPF,AGP,2.0,6.0,20.0,4423.0,2025-01,2025-12
OPF,ALC,0.0,1.0,6.0,4604.0,2025-01,2025-12
OPF,AMS,1.0,2.0,14.0,4618.0,2025-01,2025-12
OPF,ANU,0.0,2.0,7.0,1332.0,2025-01,2025-12
OPF,ARN,1.0,8.0,15.0,4962.0,2025-01,2025-12
OPF,ATH,2.0,12.0,28.0,5845.0,2025-01,2025-12
OPF,AUA,0.0,4.0,7.0,1142.0,2025-01,2025-12
OPF,AZI,0.0,2.0,7.0,7829.0,2025-01,2025-12
OPF,AZS,0.0,1.0,4.0,813.0,2025-01,2025-12
OPF,BCN,0.0,2.0,7.0,4683.0,2025-01,2025-12
OPF,BDA,0.0,0.0,4.0,1040.0,2025-01,2025-12
OPF,BGI,2.0,8.0,19.0,1614.0,2025-01,2025-12
OPF,BIM,1.0,4.0,8.0,65.0,2025-01,2025-12
OPF,BLK,0.0,1.0,7.0,4282.0,2025-01,2025-12
OPF,BLL,0.0,2.0,7.0,4735.0,2025-01,2025-12
OPF,BOG,1.0,5.0,14.0,1520.0,2025-01,2025-12
OPF,BOH,0.0,1.0,8.0,4360.0,2025-01,2025-12
OPF,BPS,0.0,3.0,7.0,4028.0,2025-01,2025-12
OPF,BQH,0.0,2.0,7.0,4434.0,2025-01,2025-12
OPF,BS3,6.0,20.0,49.0,,2025-01,2025-12
OPF,BSB,0.0,5.0,7.0,3614.0,2025-01,2025-12
OPF,CAP,4.0,193.0,391.0,668.0,2025-01,2025-12
OPF,CAT,0.0,1.0,8.0,4133.0,2025-01,2025-12
OPF,CIA,2.0,10.0,29.0,5187.0,2025-01,2025-12
OPF,CIW,0.0,1.0,6.0,1532.0,2025-01,2025-12
OPF,CTG,1.0,8.0,14.0,1113.0,2025-01,2025-12
OPF,CUN,0.0,5.0,7.0,536.0,2025-01,2025-12
OPF,CUR,0.0,2.0,7.0,1200.0,2025-01,2025-12
OPF,CXY,1.0,2.0,8.0,67.0,2025-01,2025-12
OPF,DUB,2.0,5.0,20.0,4153.0,2025-01,2025-12
OPF,EIS,0.0,6.0,7.0,1130.0,2025-01,2025-12
OPF,ELH,9.0,53.0,76.0,226.0,2025-01,2025-12
OPF,EXT,0.0,0.0,6.0,4292.0,2025-01,2025-12
OPF,EZE,1.0,3.0,14.0,4431.0,2025-01,2025-12
OPF,FAB,4.0,8.0,52.0,4400.0,2025-01,2025-12
OPF,FLR,0.0,1.0,7.0,5072.0,2025-01,2025-12
OPF,FMO,2.0,4.0,21.0,4741.0,2025-01,2025-12
OPF,FOR,0.0,6.0,7.0,3464.0,2025-01,2025-12
OPF,FPO,11.0,6.0,16.0,108.0,2025-01,2025-12
OPF,FRA,1.0,2.0,14.0,4817.0,2025-01,2025-12
OPF,GCM,2.0,1.0,7.0,462.0,2025-01,2025-12
OPF,GDN,1.0,5.0,14.0,5114.0,2025-01,2025-12
OPF,GGT,2.0,4.0,16.0,320.0,2025-01,2025-12
OPF,GHB,2.0,20.0,20.0,250.0,2025-01,2025-12
OPF,GHC,1.0,8.0,8.0,152.0,2025-01,2025-12
OPF,GIG,1.0,2.0,14.0,4180.0,2025-01,2025-12
OPF,GLA,0.0,3.0,7.0,4214.0,2025-01,2025-12
OPF,GOA,0.0,2.0,8.0,4947.0,2025-01,2025-12
OPF,GUA,2.0,142.0,338.0,1025.0,2025-01,2025-12
OPF,GVA,2.0,7.0,20.0,4783.0,2025-01,2025-12
OPF,GYE,0.0,0.0,7.0,1939.0,2025-01,2025-12
OPF,HAM,0.0,2.0,7.0,4806.0,2025-01,2025-12
OPF,HAV,1.0,164.0,196.0,242.0,2025-01,2025-12
OPF,HBI,0.0,4.0,4.0,,2025-01,2025-12
OPF,HEL,1.0,2.0,16.0,5167.0,2025-01,2025-12
OPF,JBQ,0.0,2.0,6.0,830.0,2025-01,2025-12
OPF,JED,2.0,10.0,21.0,7216.0,2025-01,2025-12
OPF,JHF,2.0,6.0,21.0,4065.0,2025-01,2025-12
OPF,JMK,0.0,2.0,7.0,5928.0,2025-01,2025-12
OPF,JTR,0.0,2.0,7.0,5970.0,2025-01,2025-12
OPF,KEF,0.0,1.0,5.0,3653.0,2025-01,2025-12
OPF,KIN,4.0,268.0,571.0,594.0,2025-01,2025-12
OPF,KJK,0.0,3.0,7.0,4576.0,2025-01,2025-12
OPF,KTW,0.0,0.0,6.0,5243.0,2025-01,2025-12
OPF,LBG,4.0,15.0,54.0,4570.0,2025-01,2025-12
OPF,LIN,1.0,8.0,14.0,4945.0,2025-01,2025-12
OPF,LIR,0.0,0.0,7.0,1113.0,2025-01,2025-12
OPF,LIS,2.0,6.0,28.0,4144.0,2025-01,2025-12
OPF,LOS,0.0,1.0,7.0,5624.0,2025-01,2025-12
OPF,LRM,2.0,29.0,45.0,890.0,2025-01,2025-12
OPF,LTN,12.0,34.0,164.0,4410.0,2025-01,2025-12
OPF,MAD,4.0,22.0,64.0,4410.0,2025-01,2025-12
OPF,MAH,0.0,2.0,7.0,4819.0,2025-01,2025-12
OPF,MBJ,0.0,0.0,145.0,533.0,2025-01,2025-12
OPF,MEX,2.0,0.0,0.0,1277.0,2025-01,2025-12
OPF,MGA,6.0,30.0,65.0,1025.0,2025-01,2025-12
OPF,MHH,12.0,44.0,92.0,202.0,2025-01,2025-12
OPF,MRS,0.0,4.0,7.0,4795.0,2025-01,2025-12
OPF,MXP,4.0,16.0,46.0,4915.0,2025-01,2025-12
OPF,NAP,0.0,2.0,7.0,5292.0,2025-01,2025-12
OPF,NAS,469.0,534.0,1082.0,185.0,2025-01,2025-12
OPF,NBW,5.0,406.0,876.0,525.0,2025-01,2025-12
OPF,NCE,6.0,32.0,92.0,4887.0,2025-01,2025-12
OPF,NMC,4.0,15.0,28.0,234.0,2025-01,2025-12
OPF,NSB,2.0,12.0,16.0,65.0,2025-01,2025-12
OPF,OLB,1.0,3.0,16.0,5060.0,2025-01,2025-12
OPF,OPO,3.0,14.0,44.0,4138.0,2025-01,2025-12
OPF,ORK,0.0,2.0,7.0,4066.0,2025-01,2025-12
OPF,OTP,0.0,4.0,10.0,5719.0,2025-01,2025-12
OPF,PDL,0.0,1.0,7.0,3260.0,2025-01,2025-12
OPF,PDP,0.0,6.0,7.0,4510.0,2025-01,2025-12
OPF,PLS,5.0,21.0,70.0,581.0,2025-01,2025-12
OPF,PMI,1.0,4.0,14.0,4750.0,2025-01,2025-12
OPF,POA,0.0,1.0,7.0,4316.0,2025-01,2025-12
OPF,POS,0.0,11.0,34.0,1628.0,2025-01,2025-12
OPF,PRG,0.0,2.0,7.0,5056.0,2025-01,2025-12
OPF,PUJ,0.0,6.0,7.0,914.0,2025-01,2025-12
OPF,PVR,0.0,6.0,7.0,1623.0,2025-01,2025-12
OPF,QSR,0.0,4.0,6.0,5329.0,2025-01,2025-12
OPF,RAK,0.0,1.0,7.0,4315.0,2025-01,2025-12
OPF,RTM,2.0,8.0,27.0,4610.0,2025-01,2025-12
OPF,SAP,1.0,61.0,144.0,875.0,2025-01,2025-12
OPF,SDQ,11.0,1140.0,1920.0,852.0,2025-01,2025-12
OPF,SDR,0.0,2.0,7.0,4356.0,2025-01,2025-12
OPF,SJO,1.0,4.0,10.0,1129.0,2025-01,2025-12
OPF,SKB,1.0,9.0,80.0,1273.0,2025-01,2025-12
OPF,SLU,0.0,0.0,4.0,1495.0,2025-01,2025-12
OPF,SNN,2.0,10.0,24.0,4045.0,2025-01,2025-12
OPF,SNR,0.0,1.0,7.0,4386.0,2025-01,2025-12
OPF,SOU,0.0,1.0,7.0,4379.0,2025-01,2025-12
OPF,STR,0.0,2.0,7.0,4873.0,2025-01,2025-12
OPF,SXM,8.0,26.0,80.0,1225.0,2025-01,2025-12
OPF,SYD,0.0,0.0,7.0,9338.0,2025-01,2025-12
OPF,TER,1.0,2.0,12.0,3183.0,2025-01,2025-12
OPF,TIA,0.0,2.0,7.0,5535.0,2025-01,2025-12
OPF,TLC,2.0,2.0,36.0,1309.0,2025-01,2025-12
OPF,TLL,2.0,6.0,35.0,5190.0,2025-01,2025-12
OPF,TLN,0.0,3.0,7.0,4847.0,2025-01,2025-12
OPF,TLV,1.0,2.0,15.0,6586.0,2025-01,2025-12
OPF,TRN,0.0,2.0,7.0,4875.0,2025-01,2025-12
OPF,TZN,0.0,3.0,4.0,207.0,2025-01,2025-12
OPF,VGO,0.0,4.0,8.0,4130.0,2025-01,2025-12
OPF,VIE,2.0,9.0,26.0,5203.0,2025-01,2025-12
OPF,VLC,0.0,4.0,6.0,4586.0,2025-01,2025-12
OPF,VSA,0.0,2.0,10.0,971.0,2025-01,2025-12
OPF,WAW,0.0,2.0,8.0,5269.0,2025-01,2025-12
OPF,WRO,1.0,2.0,14.0,5138.0,2025-01,2025-12
OPF,YHM,2.0,4.0,20.0,1193.0,2025-01,2025-12
OPF,YKF,1.0,0.0,8.0,1213.0,2025-01,2025-12
OPF,YOW,1.0,6.0,8.0,1366.0,2025-01,2025-12
OPF,YQB,0.0,0.0,5.0,1523.0,2025-01,2025-12
OPF,YQX,1.0,3.0,9.0,2106.0,2025-01,2025-12
OPF,YUL,1.0,4.0,11.0,1399.0,2025-01,2025-12
OPF,YVR,0.0,4.0,7.0,2793.0,2025-01,2025-12
OPF,YYT,2.0,1.0,15.0,2117.0,2025-01,2025-12
OPF,YYZ,29.0,78.0,210.0,1228.0,2025-01,2025-12
OPF,ZRH,2.0,14.0,35.0,4869.0,2025-01,2025-12
ORD,ABZ,0.0,6.0,7.0,3709.0,2025-01,2025-12
ORD,ACA,1.0,160.0,166.0,1879.0,2025-01,2025-12
ORD,ADD,306.0,59425.0,82620.0,7569.0,2025-01,2025-12
ORD,AMM,365.0,83732.0,96592.0,6222.0,2025-01,2025-12
ORD,AMS,713.0,136131.0,171196.0,4108.0,2025-01,2025-12
ORD,ASU,1.0,0.0,0.0,5034.0,2025-01,2025-12
ORD,ATH,320.0,82172.0,87064.0,5450.0,2025-01,2025-12
ORD,AUA,140.0,21304.0,25059.0,2303.0,2025-01,2025-12
ORD,AUH,364.0,124720.0,134922.0,7262.0,2025-01,2025-12
ORD,BAQ,0.0,0.0,0.0,2290.0,2025-01,2025-12
ORD,BCN,428.0,91062.0,104514.0,4408.0,2025-01,2025-12
ORD,BJX,284.0,41142.0,52260.0,1651.0,2025-01,2025-12
ORD,BKK,4.0,0.0,0.0,8552.0,2025-01,2025-12
ORD,BOG,360.0,49886.0,63036.0,2712.0,2025-01,2025-12
ORD,BRU,446.0,98502.0,114374.0,4148.0,2025-01,2025-12
ORD,BUD,2.0,0.0,0.0,4828.0,2025-01,2025-12
ORD,BZE,46.0,5410.0,7688.0,1689.0,2025-01,2025-12
ORD,CAN,100.0,0.0,0.0,7721.0,2025-01,2025-12
ORD,CDG,1044.0,205372.0,238316.0,4141.0,2025-01,2025-12
ORD,CGO,79.0,0.0,0.0,6974.0,2025-01,2025-12
ORD,CKY,0.0,0.0,6.0,4972.0,2025-01,2025-12
ORD,CPH,281.0,60403.0,75986.0,4259.0,2025-01,2025-12
ORD,CTA,0.0,3.0,7.0,5118.0,2025-01,2025-12
ORD,CTS,2.0,0.0,0.0,5820.0,2025-01,2025-12
ORD,CUN,2100.0,380527.0,420894.0,1448.0,2025-01,2025-12
ORD,CUR,4.0,525.0,688.0,2353.0,2025-01,2025-12
ORD,CZM,40.0,5264.0,6754.0,1484.0,2025-01,2025-12
ORD,DEL,238.0,64142.0,81201.0,7470.0,2025-01,2025-12
ORD,DOH,366.0,121798.0,129444.0,7120.0,2025-01,2025-12
ORD,DUB,1081.0,235360.0,298652.0,3663.0,2025-01,2025-12
ORD,DXB,452.0,94890.0,118059.0,7234.0,2025-01,2025-12
ORD,EDI,174.0,27904.0,30456.0,3701.0,2025-01,2025-12
ORD,EHU,12.0,0.0,0.0,7231.0,2025-01,2025-12
ORD,EMA,2.0,0.0,0.0,3866.0,2025-01,2025-12
ORD,EZE,0.0,0.0,0.0,5623.0,2025-01,2025-12
ORD,FAB,0.0,1.0,7.0,3936.0,2025-01,2025-12
ORD,FCO,596.0,144904.0,164814.0,4811.0,2025-01,2025-12
ORD,FRA,1685.0,353620.0,424300.0,4331.0,2025-01,2025-12
ORD,GCM,116.0,14354.0,19820.0,1614.0,2025-01,2025-12
ORD,GDL,1198.0,195768.0,220226.0,1733.0,2025-01,2025-12
ORD,GIG,0.0,1.0,7.0,5307.0,2025-01,2025-12
ORD,GOT,0.0,2.0,7.0,4169.0,2025-01,2025-12
ORD,GRU,364.0,98235.0,115691.0,5237.0,2025-01,2025-12
ORD,GUA,202.0,30408.0,34536.0,1899.0,2025-01,2025-12
ORD,HAN,2.0,0.0,0.0,7983.0,2025-01,2025-12
ORD,HEL,136.0,29151.0,38084.0,4423.0,2025-01,2025-12
ORD,HHN,20.0,0.0,0.0,4286.0,2025-01,2025-12
ORD,HKG,506.0,109888.0,129005.0,7781.0,2025-01,2025-12
ORD,HND,1063.0,229055.0,274180.0,6291.0,2025-01,2025-12
ORD,HUX,4.0,92.0,725.0,1877.0,2025-01,2025-12
ORD,ICN,1032.0,86526.0,103818.0,6536.0,2025-01,2025-12
ORD,INV,0.0,6.0,7.0,3636.0,2025-01,2025-12
ORD,IST,893.0,205161.0,243690.0,5459.0,2025-01,2025-12
ORD,KEF,640.0,92799.0,110418.0,2936.0,2025-01,2025-12
ORD,KIX,132.0,110.0,167.0,6493.0,2025-01,2025-12
ORD,KRK,120.0,29461.0,31668.0,4727.0,2025-01,2025-12
ORD,KTW,1.0,0.0,0.0,4685.0,2025-01,2025-12
ORD,LBG,0.0,2.0,7.0,4138.0,2025-01,2025-12
ORD,LEJ,16.0,0.0,0.0,4409.0,2025-01,2025-12
ORD,LGG,70.0,0.0,4.0,4193.0,2025-01,2025-12
ORD,LHR,2791.0,520722.0,629044.0,3942.0,2025-01,2025-12
ORD,LIN,0.0,2.0,7.0,4540.0,2025-01,2025-12
ORD,LIR,159.0,22033.0,28118.0,2173.0,2025-01,2025-12
ORD,LIS,204.0,51468.0,60160.0,3999.0,2025-01,2025-12
ORD,LTN,1.0,5.0,15.0,3932.0,2025-01,2025-12
ORD,LUX,203.0,0.0,0.0,4259.0,2025-01,2025-12
ORD,MAD,558.0,130864.0,153592.0,4190.0,2025-01,2025-12
ORD,MAN,1.0,40.0,49.0,3815.0,2025-01,2025-12
ORD,MBJ,470.0,70030.0,81898.0,1725.0,2025-01,2025-12
ORD,MDE,1.0,0.0,0.0,2590.0,2025-01,2025-12
ORD,MEC,0.0,0.0,0.0,3000.0,2025-01,2025-12
ORD,MEX,2316.0,370386.0,426105.0,1689.0,2025-01,2025-12
ORD,MLA,1.0,4.0,14.0,5168.0,2025-01,2025-12
ORD,MLH,2.0,1.0,8.0,,2025-01,2025-12
ORD,MLM,354.0,53582.0,65098.0,1711.0,2025-01,2025-12
ORD,MSJ,0.0,0.0,0.0,5947.0,2025-01,2025-12
ORD,MTY,780.0,82070.0,108839.0,1317.0,2025-01,2025-12
ORD,MUC,828.0,188866.0,219385.0,4517.0,2025-01,2025-12
ORD,MXP,238.0,50595.0,59334.0,4511.0,2025-01,2025-12
ORD,NAP,168.0,31249.0,39422.0,4933.0,2025-01,2025-12
ORD,NAS,221.0,29254.0,36378.0,1313.0,2025-01,2025-12
ORD,NCE,1.0,6.0,15.0,4530.0,2025-01,2025-12
ORD,NGO,154.0,0.0,0.0,6421.0,2025-01,2025-12
ORD,NLU,10.0,172.0,198.0,1668.0,2025-01,2025-12
ORD,NRT,1171.0,92164.0,113781.0,6259.0,2025-01,2025-12
ORD,NUE,0.0,129.0,134.0,4445.0,2025-01,2025-12
ORD,OSL,8.0,0.0,0.0,4042.0,2025-01,2025-12
ORD,PEK,2.0,0.0,0.0,6563.0,2025-01,2025-12
ORD,PIK,46.0,0.0,0.0,3670.0,2025-01,2025-12
ORD,PLS,92.0,11588.0,16084.0,1664.0,2025-01,2025-12
ORD,PMI,1.0,10.0,14.0,4505.0,2025-01,2025-12
ORD,PRG,0.0,0.0,0.0,4535.0,2025-01,2025-12
ORD,PRN,0.0,0.0,0.0,5116.0,2025-01,2025-12
ORD,PTY,611.0,85340.0,99632.0,2332.0,2025-01,2025-12
ORD,PUJ,1015.0,164205.0,195202.0,1983.0,2025-01,2025-12
ORD,PVG,981.0,106.0,116.0,7043.0,2025-01,2025-12
ORD,PVR,426.0,58106.0,68436.0,1785.0,2025-01,2025-12
ORD,QRO,122.0,16318.0,22041.0,1640.0,2025-01,2025-12
ORD,RTM,0.0,2.0,8.0,4109.0,2025-01,2025-12
ORD,RZE,4.0,0.0,0.0,4800.0,2025-01,2025-12
ORD,SAL,45.0,6151.0,8100.0,1973.0,2025-01,2025-12
ORD,SCL,4.0,0.0,0.0,5320.0,2025-01,2025-12
ORD,SGN,1.0,0.0,0.0,8674.0,2025-01,2025-12
ORD,SJD,620.0,88652.0,106478.0,1808.0,2025-01,2025-12
ORD,SJO,136.0,18094.0,23048.0,2221.0,2025-01,2025-12
ORD,SLW,0.0,84.0,93.0,1357.0,2025-01,2025-12
ORD,SNN,132.0,17900.0,21998.0,3580.0,2025-01,2025-12
ORD,STR,19.0,0.0,0.0,4408.0,2025-01,2025-12
ORD,SXM,52.0,5377.0,7413.0,2205.0,2025-01,2025-12
ORD,SZX,104.0,0.0,0.0,7762.0,2025-01,2025-12
ORD,TAS,1.0,0.0,0.0,6512.0,2025-01,2025-12
ORD,TLC,0.0,43.0,93.0,1707.0,2025-01,2025-12
ORD,TLV,34.0,6926.0,8412.0,6166.0,2025-01,2025-12
ORD,TPE,544.0,102014.0,120658.0,7444.0,2025-01,2025-12
ORD,TQO,70.0,10796.0,12530.0,1507.0,2025-01,2025-12
ORD,UIO,64.0,0.0,4.0,2969.0,2025-01,2025-12
ORD,UVF,47.0,4638.0,6002.0,2531.0,2025-01,2025-12
ORD,VCP,4.0,0.0,0.0,5190.0,2025-01,2025-12
ORD,VER,0.0,72.0,83.0,1651.0,2025-01,2025-12
ORD,VIE,243.0,48816.0,73591.0,4702.0,2025-01,2025-12
ORD,VRN,0.0,3.0,6.0,4605.0,2025-01,2025-12
ORD,WAW,435.0,99544.0,116214.0,4672.0,2025-01,2025-12
ORD,WMI,0.0,0.0,6.0,4649.0,2025-01,2025-12
ORD,XMN,14.0,0.0,0.0,7549.0,2025-01,2025-12
ORD,YEG,82.0,9314.0,10890.0,1417.0,2025-01,2025-12
ORD,YHM,112.0,0.0,0.0,414.0,2025-01,2025-12
ORD,YHU,0.0,20.0,93.0,762.0,2025-01,2025-12
ORD,YHZ,40.0,2438.0,2902.0,1236.0,2025-01,2025-12
ORD,YMX,1.0,0.0,0.0,736.0,2025-01,2025-12
ORD,YOW,1020.0,61387.0,71046.0,653.0,2025-01,2025-12
ORD,YQB,371.0,23568.0,28353.0,878.0,2025-01,2025-12
ORD,YQM,1.0,0.0,0.0,1184.0,2025-01,2025-12
ORD,YQX,2.0,270.0,280.0,1671.0,2025-01,2025-12
ORD,YUL,2238.0,159634.0,187743.0,746.0,2025-01,2025-12
ORD,YVR,1147.0,160038.0,191692.0,1759.0,2025-01,2025-12
ORD,YWG,520.0,32308.0,38481.0,707.0,2025-01,2025-12
ORD,YYC,1082.0,133282.0,152224.0,1382.0,2025-01,2025-12
ORD,YYR,1.0,136.0,178.0,1486.0,2025-01,2025-12
ORD,YYT,1.0,146.0,159.0,1751.0,2025-01,2025-12
ORD,YYZ,5748.0,439760.0,537452.0,435.0,2025-01,2025-12
ORD,ZAZ,1.0,0.0,0.0,4259.0,2025-01,2025-12
ORD,ZIH,15.0,1570.0,1914.0,1865.0,2025-01,2025-12
ORD,ZRH,774.0,148729.0,174788.0,4431.0,2025-01,2025-12
ORF,AUA,0.0,50.0,81.0,1729.0,2025-01,2025-12
ORF,BRU,0.0,2.0,5.0,3925.0,2025-01,2025-12
ORF,CUN,2.0,184.0,248.0,1269.0,2025-01,2025-12
ORF,CUR,2.0,276.0,330.0,1765.0,2025-01,2025-12
ORF,FCO,0.0,98.0,102.0,4519.0,2025-01,2025-12
ORF,FRA,1.0,308.0,313.0,4114.0,2025-01,2025-12
ORF,GVA,0.0,0.0,7.0,4111.0,2025-01,2025-12
ORF,KEF,1.0,2.0,11.0,2875.0,2025-01,2025-12
ORF,MAD,0.0,1.0,6.0,3811.0,2025-01,2025-12
ORF,MBJ,0.0,88.0,98.0,1275.0,2025-01,2025-12
ORF,MEX,0.0,80.0,83.0,1834.0,2025-01,2025-12
ORF,NAS,0.0,71.0,83.0,823.0,2025-01,2025-12
ORF,PLS,0.0,95.0,100.0,1071.0,2025-01,2025-12
ORF,PUJ,2.0,159.0,230.0,1353.0,2025-01,2025-12
ORF,SDQ,0.0,96.0,100.0,1336.0,2025-01,2025-12
ORF,SJD,0.0,79.0,81.0,2203.0,2025-01,2025-12
ORF,SNN,0.0,1.0,5.0,3340.0,2025-01,2025-12
ORF,STI,0.0,79.0,81.0,1255.0,2025-01,2025-12
ORF,SXM,0.0,54.0,83.0,1526.0,2025-01,2025-12
ORF,ZRH,0.0,94.0,102.0,4183.0,2025-01,2025-12
ORH,AMD,1.0,8.0,14.0,7386.0,2025-01,2025-12
ORH,SNN,0.0,3.0,7.0,2927.0,2025-01,2025-12
ORL,AGP,0.0,4.0,7.0,4389.0,2025-01,2025-12
ORL,BGI,0.0,4.0,6.0,1764.0,2025-01,2025-12
ORL,CAT,0.0,2.0,7.0,4095.0,2025-01,2025-12
ORL,CIA,0.0,3.0,7.0,5121.0,2025-01,2025-12
ORL,EDI,0.0,4.0,7.0,4152.0,2025-01,2025-12
ORL,ELH,2.0,11.0,16.0,356.0,2025-01,2025-12
ORL,GCM,0.0,0.0,7.0,639.0,2025-01,2025-12
ORL,LBG,0.0,2.0,7.0,4489.0,2025-01,2025-12
ORL,MST,0.0,2.0,6.0,4594.0,2025-01,2025-12
ORL,MUC,1.0,12.0,14.0,4907.0,2025-01,2025-12
ORL,NAS,2.0,6.0,14.0,340.0,2025-01,2025-12
ORL,PMI,2.0,16.0,23.0,4700.0,2025-01,2025-12
ORL,SXM,0.0,5.0,7.0,1363.0,2025-01,2025-12
ORL,TCB,1.0,8.0,8.0,271.0,2025-01,2025-12
ORL,VLC,0.0,2.0,7.0,4539.0,2025-01,2025-12
ORL,YHM,0.0,4.0,4.0,1014.0,2025-01,2025-12
ORL,YLS,0.0,1.0,4.0,1434.0,2025-01,2025-12
ORL,YMX,4.0,0.0,4.0,1249.0,2025-01,2025-12
ORL,YQX,0.0,4.0,6.0,1996.0,2025-01,2025-12
ORL,YUL,0.0,4.0,6.0,1241.0,2025-01,2025-12
ORL,YYZ,3.0,8.0,39.0,1050.0,2025-01,2025-12
OWD,YTZ,0.0,0.0,3.0,428.0,2025-01,2025-12
OXC,AVN,0.0,3.0,7.0,3812.0,2025-01,2025-12
PAE,ELH,0.0,4.0,7.0,2905.0,2025-01,2025-12
PAE,HKG,2.0,0.0,0.0,6469.0,2025-01,2025-12
PAE,ICN,1.0,0.0,0.0,5184.0,2025-01,2025-12
PAE,LGW,0.0,0.0,164.0,4784.0,2025-01,2025-12
PAE,MRS,0.0,0.0,0.0,5365.0,2025-01,2025-12
PAE,NGO,28.0,0.0,0.0,4929.0,2025-01,2025-12
PAE,PVG,0.0,0.0,0.0,5690.0,2025-01,2025-12
PAE,QBC,0.0,0.0,3.0,364.0,2025-01,2025-12
PAE,STN,2.0,8.0,120.0,4755.0,2025-01,2025-12
PAE,YAZ,0.0,0.0,3.0,179.0,2025-01,2025-12
PAE,YBL,6.0,10.0,36.0,196.0,2025-01,2025-12
PAE,YCD,0.0,4.0,3.0,108.0,2025-01,2025-12
PAE,YCG,1.0,0.0,6.0,233.0,2025-01,2025-12
PAE,YLW,2.0,0.0,12.0,193.0,2025-01,2025-12
PAE,YVR,2.0,0.0,9.0,98.0,2025-01,2025-12
PAE,YWG,1.0,0.0,0.0,1140.0,2025-01,2025-12
PAE,YXU,1.0,2.0,4.0,1997.0,2025-01,2025-12
PAE,YYJ,4.0,1.0,27.0,73.0,2025-01,2025-12
PAE,YZT,16.0,64.0,96.0,299.0,2025-01,2025-12
PBI,AGP,1.0,8.0,11.0,,2025-01,2025-12
PBI,ALC,0.0,0.0,8.0,,2025-01,2025-12
PBI,AMS,0.0,1.0,7.0,,2025-01,2025-12
PBI,ASD,4.0,13.0,32.0,,2025-01,2025-12
PBI,AUA,1.0,180.0,182.0,,2025-01,2025-12
PBI,BDA,1.0,2.0,14.0,,2025-01,2025-12
PBI,BEG,1.0,6.0,14.0,,2025-01,2025-12
PBI,BFS,0.0,3.0,7.0,,2025-01,2025-12
PBI,BGI,2.0,16.0,30.0,,2025-01,2025-12
PBI,BOG,2.0,76.0,86.0,,2025-01,2025-12
PBI,BRU,0.0,0.0,6.0,,2025-01,2025-12
PBI,BS3,32.0,118.0,252.0,,2025-01,2025-12
PBI,BSL,0.0,0.0,6.0,,2025-01,2025-12
PBI,BUD,1.0,3.0,12.0,,2025-01,2025-12
PBI,BYJ,0.0,3.0,7.0,,2025-01,2025-12
PBI,CAP,0.0,52.0,80.0,,2025-01,2025-12
PBI,CCZ,1.0,1.0,8.0,,2025-01,2025-12
PBI,CIA,1.0,3.0,14.0,,2025-01,2025-12
PBI,CUN,4.0,464.0,571.0,,2025-01,2025-12
PBI,CXY,4.0,11.0,36.0,,2025-01,2025-12
PBI,DIA,1.0,6.0,14.0,,2025-01,2025-12
PBI,DND,0.0,4.0,7.0,,2025-01,2025-12
PBI,DUB,2.0,4.0,21.0,,2025-01,2025-12
PBI,EIS,1.0,30.0,46.0,,2025-01,2025-12
PBI,ELH,34.0,175.0,297.0,,2025-01,2025-12
PBI,EMA,0.0,2.0,7.0,,2025-01,2025-12
PBI,EZE,0.0,3.0,7.0,,2025-01,2025-12
PBI,FAB,2.0,2.0,24.0,,2025-01,2025-12
PBI,FDH,1.0,1.0,14.0,,2025-01,2025-12
PBI,FLR,1.0,4.0,14.0,,2025-01,2025-12
PBI,FPO,0.0,2.0,4.0,,2025-01,2025-12
PBI,GCM,0.0,62.0,64.0,,2025-01,2025-12
PBI,GGT,3.0,16.0,52.0,,2025-01,2025-12
PBI,GHB,0.0,2.0,4.0,,2025-01,2025-12
PBI,GHC,2.0,6.0,16.0,,2025-01,2025-12
PBI,GIB,0.0,4.0,7.0,,2025-01,2025-12
PBI,GUA,0.0,22.0,81.0,,2025-01,2025-12
PBI,GVA,1.0,2.0,13.0,,2025-01,2025-12
PBI,GYE,0.0,82.0,86.0,,2025-01,2025-12
PBI,HAM,3.0,10.0,42.0,,2025-01,2025-12
PBI,HBI,2.0,2.0,20.0,,2025-01,2025-12
PBI,ICN,0.0,2.0,7.0,,2025-01,2025-12
PBI,LBG,4.0,14.0,48.0,,2025-01,2025-12
PBI,LHR,1.0,238.0,304.0,,2025-01,2025-12
PBI,LIN,2.0,4.0,21.0,,2025-01,2025-12
PBI,LTN,4.0,10.0,56.0,,2025-01,2025-12
PBI,MAD,2.0,70.0,228.0,,2025-01,2025-12
PBI,MBJ,2.0,214.0,250.0,,2025-01,2025-12
PBI,MDE,1.0,86.0,93.0,,2025-01,2025-12
PBI,MEX,1.0,160.0,172.0,,2025-01,2025-12
PBI,MHH,94.0,414.0,855.0,,2025-01,2025-12
PBI,MLH,1.0,5.0,12.0,,2025-01,2025-12
PBI,MUC,0.0,1.0,6.0,,2025-01,2025-12
PBI,NAS,79.0,272.0,826.0,,2025-01,2025-12
PBI,NCE,1.0,3.0,15.0,,2025-01,2025-12
PBI,NHT,0.0,1.0,7.0,,2025-01,2025-12
PBI,NMC,6.0,38.0,52.0,,2025-01,2025-12
PBI,NSB,2.0,0.0,16.0,,2025-01,2025-12
PBI,OBF,0.0,1.0,6.0,,2025-01,2025-12
PBI,ORK,0.0,6.0,10.0,,2025-01,2025-12
PBI,PEG,0.0,2.0,8.0,,2025-01,2025-12
PBI,PLS,4.0,18.0,34.0,,2025-01,2025-12
PBI,PUJ,2.0,57.0,92.0,,2025-01,2025-12
PBI,PVR,0.0,70.0,145.0,,2025-01,2025-12
PBI,RAK,0.0,1.0,6.0,,2025-01,2025-12
PBI,RSD,0.0,2.0,4.0,,2025-01,2025-12
PBI,RTM,0.0,3.0,7.0,,2025-01,2025-12
PBI,SAP,0.0,82.0,86.0,,2025-01,2025-12
PBI,SAQ,4.0,21.0,30.0,,2025-01,2025-12
PBI,SCL,1.0,2.0,7.0,,2025-01,2025-12
PBI,SJO,0.0,51.0,81.0,,2025-01,2025-12
PBI,SKB,0.0,45.0,86.0,,2025-01,2025-12
PBI,SNN,0.0,2.0,7.0,,2025-01,2025-12
PBI,STI,0.0,83.0,86.0,,2025-01,2025-12
PBI,STN,0.0,1.0,7.0,,2025-01,2025-12
PBI,SZG,2.0,5.0,31.0,,2025-01,2025-12
PBI,TCB,3.0,17.0,24.0,,2025-01,2025-12
PBI,TLC,0.0,0.0,7.0,,2025-01,2025-12
PBI,TLV,0.0,3.0,7.0,,2025-01,2025-12
PBI,TQO,0.0,61.0,64.0,,2025-01,2025-12
PBI,TZN,1.0,3.0,8.0,,2025-01,2025-12
PBI,UIO,2.0,91.0,100.0,,2025-01,2025-12
PBI,VCE,0.0,1.0,7.0,,2025-01,2025-12
PBI,VRN,0.0,1.0,8.0,,2025-01,2025-12
PBI,WTD,1.0,5.0,8.0,,2025-01,2025-12
PBI,YHM,0.0,4.0,6.0,,2025-01,2025-12
PBI,YKF,1.0,2.0,9.0,,2025-01,2025-12
PBI,YUL,58.0,5851.0,8066.0,,2025-01,2025-12
PBI,YYZ,335.0,35518.0,47589.0,,2025-01,2025-12
PBI,ZRH,2.0,8.0,28.0,,2025-01,2025-12
PDK,AVN,0.0,2.0,7.0,4612.0,2025-01,2025-12
PDK,CIA,0.0,1.0,7.0,5024.0,2025-01,2025-12
PDK,GMP,0.0,0.0,7.0,7112.0,2025-01,2025-12
PDK,LTN,2.0,4.0,28.0,4179.0,2025-01,2025-12
PDK,NAS,0.0,2.0,7.0,736.0,2025-01,2025-12
PDK,PLS,0.0,5.0,9.0,1112.0,2025-01,2025-12
PDK,SJD,1.0,2.0,14.0,1705.0,2025-01,2025-12
PDK,SZX,1.0,4.0,14.0,8355.0,2025-01,2025-12
PDX,AMS,215.0,53483.0,61480.0,4989.0,2025-01,2025-12
PDX,CTA,0.0,0.0,7.0,6124.0,2025-01,2025-12
PDX,CTS,0.0,2.0,7.0,4441.0,2025-01,2025-12
PDX,CUN,25.0,3442.0,4196.0,2634.0,2025-01,2025-12
PDX,FRA,44.0,10275.0,13330.0,5212.0,2025-01,2025-12
PDX,GDL,427.0,65561.0,78973.0,2049.0,2025-01,2025-12
PDX,GGT,0.0,4.0,7.0,3006.0,2025-01,2025-12
PDX,GMP,0.0,0.0,7.0,5258.0,2025-01,2025-12
PDX,GYE,0.0,5.0,7.0,4205.0,2025-01,2025-12
PDX,ICN,1.0,116.0,136.0,5275.0,2025-01,2025-12
PDX,KEF,173.0,27195.0,31779.0,3727.0,2025-01,2025-12
PDX,LHR,290.0,61986.0,70390.0,4900.0,2025-01,2025-12
PDX,LTN,0.0,4.0,8.0,4881.0,2025-01,2025-12
PDX,MLH,0.0,2.0,6.0,,2025-01,2025-12
PDX,PVR,204.0,31136.0,35738.0,1982.0,2025-01,2025-12
PDX,RAK,0.0,2.0,7.0,5716.0,2025-01,2025-12
PDX,RKE,0.0,1.0,6.0,4967.0,2025-01,2025-12
PDX,SJD,206.0,30194.0,36096.0,1710.0,2025-01,2025-12
PDX,TSA,1.0,4.0,14.0,6114.0,2025-01,2025-12
PDX,YEG,0.0,0.0,93.0,669.0,2025-01,2025-12
PDX,YLW,0.0,44.0,94.0,337.0,2025-01,2025-12
PDX,YVR,1446.0,81372.0,112520.0,251.0,2025-01,2025-12
PDX,YWG,0.0,0.0,36.0,1209.0,2025-01,2025-12
PDX,YYC,147.0,9772.0,12384.0,548.0,2025-01,2025-12
PDX,YYJ,1.0,2.0,10.0,215.0,2025-01,2025-12
PDX,YYZ,2.0,76.0,222.0,2091.0,2025-01,2025-12
PGA,YYZ,0.0,2.0,7.0,1729.0,2025-01,2025-12
PGD,YYZ,0.0,1.0,4.0,1165.0,2025-01,2025-12
PGV,YUL,0.0,0.0,93.0,706.0,2025-01,2025-12
PGV,YYZ,1.0,0.0,4.0,568.0,2025-01,2025-12
PHL,AMS,344.0,62836.0,80464.0,3726.0,2025-01,2025-12
PHL,ATH,234.0,49316.0,54727.0,5023.0,2025-01,2025-12
PHL,AUA,378.0,62908.0,72585.0,1918.0,2025-01,2025-12
PHL,AUH,0.0,61.0,185.0,6946.0,2025-01,2025-12
PHL,AXA,0.0,4.0,5.0,1664.0,2025-01,2025-12
PHL,BCN,354.0,76906.0,89122.0,3915.0,2025-01,2025-12
PHL,BDA,180.0,16111.0,23010.0,784.0,2025-01,2025-12
PHL,BGI,47.0,5382.0,8634.0,2085.0,2025-01,2025-12
PHL,BOD,0.0,7.0,7.0,3685.0,2025-01,2025-12
PHL,BRU,0.0,2.0,5.0,3750.0,2025-01,2025-12
PHL,CDG,414.0,65542.0,75364.0,3719.0,2025-01,2025-12
PHL,CFB,1.0,7.0,14.0,4837.0,2025-01,2025-12
PHL,CGN,226.0,0.0,0.0,3858.0,2025-01,2025-12
PHL,CIA,0.0,2.0,7.0,4376.0,2025-01,2025-12
PHL,CPH,88.0,18304.0,20694.0,3937.0,2025-01,2025-12
PHL,CTG,1.0,156.0,181.0,2033.0,2025-01,2025-12
PHL,CUN,1199.0,193637.0,235003.0,1471.0,2025-01,2025-12
PHL,DEL,0.0,130.0,142.0,7386.0,2025-01,2025-12
PHL,DIJ,0.0,4.0,7.0,3873.0,2025-01,2025-12
PHL,DOH,350.0,84619.0,99543.0,6785.0,2025-01,2025-12
PHL,DUB,652.0,115502.0,142592.0,3264.0,2025-01,2025-12
PHL,EDI,134.0,28242.0,32546.0,3339.0,2025-01,2025-12
PHL,EMA,246.0,0.0,0.0,3473.0,2025-01,2025-12
PHL,FAB,0.0,2.0,7.0,3527.0,2025-01,2025-12
PHL,FCO,383.0,89146.0,98300.0,4360.0,2025-01,2025-12
PHL,FLR,2.0,7.0,35.0,4245.0,2025-01,2025-12
PHL,FRA,234.0,47680.0,64242.0,3939.0,2025-01,2025-12
PHL,GCM,38.0,4722.0,5988.0,1468.0,2025-01,2025-12
PHL,GEO,0.0,94.0,100.0,2535.0,2025-01,2025-12
PHL,GIG,0.0,47.0,145.0,4797.0,2025-01,2025-12
PHL,GLA,0.0,5.0,7.0,3300.0,2025-01,2025-12
PHL,GRU,1.0,184.0,249.0,4751.0,2025-01,2025-12
PHL,HHN,0.0,31.0,151.0,3889.0,2025-01,2025-12
PHL,HND,0.0,135.0,138.0,6769.0,2025-01,2025-12
PHL,INN,0.0,4.0,7.0,4137.0,2025-01,2025-12
PHL,JNB,0.0,59.0,128.0,8036.0,2025-01,2025-12
PHL,KEF,0.0,2.0,5.0,2674.0,2025-01,2025-12
PHL,KIN,2.0,214.0,334.0,1518.0,2025-01,2025-12
PHL,LBG,0.0,1.0,7.0,3715.0,2025-01,2025-12
PHL,LGW,1.0,272.0,334.0,3554.0,2025-01,2025-12
PHL,LHR,934.0,229045.0,274439.0,3536.0,2025-01,2025-12
PHL,LIR,23.0,3262.0,3872.0,2119.0,2025-01,2025-12
PHL,LIS,352.0,86082.0,94233.0,3449.0,2025-01,2025-12
PHL,LPL,0.0,2.0,7.0,3402.0,2025-01,2025-12
PHL,LTN,3.0,7.0,41.0,3531.0,2025-01,2025-12
PHL,MAD,360.0,73371.0,84963.0,3672.0,2025-01,2025-12
PHL,MAN,0.0,162.0,166.0,3425.0,2025-01,2025-12
PHL,MBJ,384.0,61926.0,71690.0,1485.0,2025-01,2025-12
PHL,MEX,210.0,23674.0,34790.0,1998.0,2025-01,2025-12
PHL,MUC,1.0,370.0,386.0,4120.0,2025-01,2025-12
PHL,MXP,154.0,33108.0,36035.0,4078.0,2025-01,2025-12
PHL,NAP,169.0,34782.0,39540.0,4484.0,2025-01,2025-12
PHL,NAS,282.0,31690.0,38232.0,1033.0,2025-01,2025-12
PHL,NCE,140.0,30146.0,36204.0,4075.0,2025-01,2025-12
PHL,NUE,2.0,6.0,24.0,4056.0,2025-01,2025-12
PHL,PLS,228.0,29576.0,42163.0,1263.0,2025-01,2025-12
PHL,PTY,0.0,60.0,83.0,2143.0,2025-01,2025-12
PHL,PUJ,984.0,137534.0,189294.0,1528.0,2025-01,2025-12
PHL,PVR,0.0,77.0,83.0,2210.0,2025-01,2025-12
PHL,RKE,0.0,4.0,7.0,3919.0,2025-01,2025-12
PHL,SDQ,100.0,16923.0,22860.0,1518.0,2025-01,2025-12
PHL,SJD,1.0,152.0,162.0,2316.0,2025-01,2025-12
PHL,SJO,1.0,156.0,164.0,2137.0,2025-01,2025-12
PHL,SKB,0.0,60.0,81.0,1730.0,2025-01,2025-12
PHL,STI,5.0,612.0,1013.0,1441.0,2025-01,2025-12
PHL,STN,26.0,0.0,94.0,3555.0,2025-01,2025-12
PHL,SXM,50.0,5572.0,6562.0,1673.0,2025-01,2025-12
PHL,UVF,34.0,5498.0,6556.0,2003.0,2025-01,2025-12
PHL,VCE,209.0,43734.0,48952.0,4237.0,2025-01,2025-12
PHL,YAM,0.0,0.0,4.0,652.0,2025-01,2025-12
PHL,YEG,1.0,51.0,70.0,2011.0,2025-01,2025-12
PHL,YHU,1.0,25.0,186.0,401.0,2025-01,2025-12
PHL,YHZ,143.0,15535.0,18576.0,691.0,2025-01,2025-12
PHL,YOW,4.0,174.0,344.0,377.0,2025-01,2025-12
PHL,YQB,272.0,14604.0,17451.0,516.0,2025-01,2025-12
PHL,YTZ,0.0,4.0,4.0,336.0,2025-01,2025-12
PHL,YUL,1408.0,67514.0,83983.0,394.0,2025-01,2025-12
PHL,YVR,0.0,22.0,93.0,2404.0,2025-01,2025-12
PHL,YWG,2.0,74.0,106.0,1273.0,2025-01,2025-12
PHL,YXU,0.0,2.0,4.0,376.0,2025-01,2025-12
PHL,YYC,1.0,28.0,39.0,2003.0,2025-01,2025-12
PHL,YYR,1.0,2.0,5.0,1160.0,2025-01,2025-12
PHL,YYT,1.0,111.0,146.0,1238.0,2025-01,2025-12
PHL,YYZ,2000.0,101178.0,128910.0,347.0,2025-01,2025-12
PHL,ZRH,337.0,64586.0,82480.0,4014.0,2025-01,2025-12
PHN,YYZ,1.0,2.0,3.0,155.0,2025-01,2025-12
PHX,CDG,200.0,49525.0,62390.0,5468.0,2025-01,2025-12
PHX,CUL,112.0,12283.0,20537.0,658.0,2025-01,2025-12
PHX,CUN,740.0,111626.0,130822.0,1758.0,2025-01,2025-12
PHX,DUB,0.0,112.0,136.0,4981.0,2025-01,2025-12
PHX,FAB,0.0,3.0,7.0,5256.0,2025-01,2025-12
PHX,GDL,864.0,88711.0,115052.0,1039.0,2025-01,2025-12
PHX,GUA,0.0,70.0,83.0,1872.0,2025-01,2025-12
PHX,HMO,366.0,24985.0,31202.0,305.0,2025-01,2025-12
PHX,HND,2.0,374.0,561.0,5789.0,2025-01,2025-12
PHX,ICN,0.0,90.0,136.0,6263.0,2025-01,2025-12
PHX,LHR,566.0,152058.0,175186.0,5258.0,2025-01,2025-12
PHX,LTO,250.0,15168.0,19000.0,516.0,2025-01,2025-12
PHX,MEX,787.0,95368.0,131386.0,1253.0,2025-01,2025-12
PHX,MFM,1.0,104.0,275.0,7563.0,2025-01,2025-12
PHX,MLM,0.0,32.0,38.0,1156.0,2025-01,2025-12
PHX,MTY,340.0,14905.0,25796.0,888.0,2025-01,2025-12
PHX,MUC,0.0,182.0,254.0,5809.0,2025-01,2025-12
PHX,MZT,366.0,33044.0,37890.0,791.0,2025-01,2025-12
PHX,NCE,0.0,3.0,7.0,5879.0,2025-01,2025-12
PHX,NHT,0.0,0.0,7.0,5256.0,2025-01,2025-12
PHX,NRT,0.0,126.0,136.0,5753.0,2025-01,2025-12
PHX,PVR,1114.0,148886.0,184074.0,974.0,2025-01,2025-12
PHX,SJD,1600.0,200898.0,263406.0,724.0,2025-01,2025-12
PHX,SJK,1.0,0.0,124.0,5850.0,2025-01,2025-12
PHX,TIJ,258.0,11000.0,16738.0,294.0,2025-01,2025-12
PHX,TPE,13.0,2776.0,3978.0,7092.0,2025-01,2025-12
PHX,VCP,0.0,0.0,0.0,5779.0,2025-01,2025-12
PHX,YEG,326.0,42998.0,52928.0,1375.0,2025-01,2025-12
PHX,YHM,0.0,0.0,0.0,1851.0,2025-01,2025-12
PHX,YLW,39.0,4463.0,5907.0,1202.0,2025-01,2025-12
PHX,YOW,0.0,68.0,68.0,2085.0,2025-01,2025-12
PHX,YQR,52.0,7164.0,8787.0,1232.0,2025-01,2025-12
PHX,YUL,275.0,29794.0,39210.0,2179.0,2025-01,2025-12
PHX,YVR,816.0,85295.0,103909.0,1231.0,2025-01,2025-12
PHX,YWG,104.0,13484.0,17061.0,1364.0,2025-01,2025-12
PHX,YXE,52.0,7001.0,9358.0,1321.0,2025-01,2025-12
PHX,YYC,1038.0,134198.0,162950.0,1226.0,2025-01,2025-12
PHX,YYT,0.0,141.0,146.0,3179.0,2025-01,2025-12
PHX,YYZ,766.0,98902.0,127568.0,1872.0,2025-01,2025-12
PHX,ZIH,80.0,4957.0,6170.0,1274.0,2025-01,2025-12
PHX,ZLO,31.0,1810.0,2356.0,1089.0,2025-01,2025-12
PIA,SJD,0.0,80.0,83.0,1678.0,2025-01,2025-12
PIA,YYC,0.0,34.0,38.0,1365.0,2025-01,2025-12
PIA,YYZ,0.0,38.0,38.0,555.0,2025-01,2025-12
PIE,FAB,0.0,1.0,7.0,4402.0,2025-01,2025-12
PIE,MHH,2.0,7.0,12.0,358.0,2025-01,2025-12
PIE,NAS,1.0,6.0,8.0,379.0,2025-01,2025-12
PIE,PSA,3.0,12.0,42.0,5058.0,2025-01,2025-12
PIE,SNN,0.0,1.0,6.0,4044.0,2025-01,2025-12
PIE,YTS,0.0,0.0,4.0,1429.0,2025-01,2025-12
PIE,YXU,3.0,10.0,28.0,1048.0,2025-01,2025-12
PIE,YYZ,2.0,33.0,46.0,1103.0,2025-01,2025-12
PIT,AKL,0.0,106.0,118.0,8514.0,2025-01,2025-12
PIT,AMS,0.0,134.0,140.0,3892.0,2025-01,2025-12
PIT,ARN,1.0,66.0,282.0,4119.0,2025-01,2025-12
PIT,BMA,0.0,0.0,7.0,4130.0,2025-01,2025-12
PIT,BQH,0.0,0.0,4.0,3733.0,2025-01,2025-12
PIT,BTS,0.0,0.0,10.0,4511.0,2025-01,2025-12
PIT,CGN,0.0,0.0,0.0,4027.0,2025-01,2025-12
PIT,CIA,0.0,6.0,7.0,4569.0,2025-01,2025-12
PIT,CUN,68.0,10567.0,12066.0,1399.0,2025-01,2025-12
PIT,FRA,0.0,152.0,175.0,4109.0,2025-01,2025-12
PIT,HND,1.0,256.0,280.0,6600.0,2025-01,2025-12
PIT,KEF,108.0,12520.0,18243.0,2788.0,2025-01,2025-12
PIT,LGG,2.0,0.0,0.0,3968.0,2025-01,2025-12
PIT,LHR,294.0,53463.0,63925.0,3710.0,2025-01,2025-12
PIT,LIN,0.0,6.0,8.0,4294.0,2025-01,2025-12
PIT,MAD,0.0,2.0,7.0,3889.0,2025-01,2025-12
PIT,MEX,0.0,86.0,115.0,1832.0,2025-01,2025-12
PIT,NBW,0.0,0.0,87.0,1453.0,2025-01,2025-12
PIT,NCE,1.0,4.0,14.0,4269.0,2025-01,2025-12
PIT,PUJ,57.0,8664.0,10402.0,1671.0,2025-01,2025-12
PIT,QSR,0.0,2.0,10.0,4714.0,2025-01,2025-12
PIT,RUH,0.0,74.0,94.0,6776.0,2025-01,2025-12
PIT,SDQ,0.0,85.0,90.0,1648.0,2025-01,2025-12
PIT,SJO,1.0,0.0,68.0,2121.0,2025-01,2025-12
PIT,SXM,1.0,8.0,14.0,1856.0,2025-01,2025-12
PIT,TQO,0.0,61.0,93.0,1471.0,2025-01,2025-12
PIT,YHM,2.0,7.0,10.0,186.0,2025-01,2025-12
PIT,YHU,0.0,35.0,35.0,489.0,2025-01,2025-12
PIT,YOW,4.0,140.0,280.0,406.0,2025-01,2025-12
PIT,YQB,1.0,66.0,76.0,620.0,2025-01,2025-12
PIT,YUL,132.0,7078.0,10218.0,475.0,2025-01,2025-12
PIT,YWG,2.0,78.0,107.0,1049.0,2025-01,2025-12
PIT,YYR,0.0,0.0,2.0,1280.0,2025-01,2025-12
PIT,YYT,0.0,0.0,4.0,1442.0,2025-01,2025-12
PIT,YYZ,383.0,18804.0,29187.0,222.0,2025-01,2025-12
PIT,ZRH,0.0,2.0,10.0,4194.0,2025-01,2025-12
PLN,YYZ,1.0,4.0,18.0,286.0,2025-01,2025-12
PNS,CUN,0.0,61.0,72.0,652.0,2025-01,2025-12
PNS,DUS,0.0,1.0,7.0,4767.0,2025-01,2025-12
PNS,YYZ,1.0,1.0,9.0,1002.0,2025-01,2025-12
PNX,YUL,2.0,3.0,4.0,1458.0,2025-01,2025-12
PPG,AKL,0.0,0.0,0.0,1804.0,2025-01,2025-12
PPG,APW,1957.0,12160.0,17613.0,94.0,2025-01,2025-12
PPG,OHA,0.0,0.0,0.0,1975.0,2025-01,2025-12
PPG,VAV,1.0,3.0,9.0,364.0,2025-01,2025-12
PRC,KIR,0.0,2.0,7.0,4859.0,2025-01,2025-12
PSC,YVR,0.0,28.0,38.0,277.0,2025-01,2025-12
PSE,SBH,1.0,3.0,8.0,245.0,2025-01,2025-12
PSM,AUH,0.0,0.0,0.0,6628.0,2025-01,2025-12
PSM,BRU,1.0,0.0,0.0,3434.0,2025-01,2025-12
PSM,CHR,1.0,0.0,0.0,3427.0,2025-01,2025-12
PSM,DLA,1.0,2.0,14.0,5552.0,2025-01,2025-12
PSM,DSS,0.0,0.0,7.0,3716.0,2025-01,2025-12
PSM,EIN,1.0,0.0,0.0,3455.0,2025-01,2025-12
PSM,EMA,1.0,0.0,0.0,3155.0,2025-01,2025-12
PSM,FAB,0.0,1.0,7.0,3211.0,2025-01,2025-12
PSM,FCO,2.0,0.0,0.0,4049.0,2025-01,2025-12
PSM,GMP,0.0,1.0,7.0,6757.0,2025-01,2025-12
PSM,HHN,0.0,0.0,0.0,3572.0,2025-01,2025-12
PSM,KEF,2.0,0.0,0.0,2362.0,2025-01,2025-12
PSM,LEJ,2.0,0.0,0.0,3725.0,2025-01,2025-12
PSM,LGG,2.0,69.0,96.0,3479.0,2025-01,2025-12
PSM,LUX,0.0,0.0,0.0,3538.0,2025-01,2025-12
PSM,LUZ,2.0,0.0,0.0,4126.0,2025-01,2025-12
PSM,MXP,0.0,0.0,0.0,3765.0,2025-01,2025-12
PSM,NAP,1.0,8.0,14.0,4173.0,2025-01,2025-12
PSM,NAS,1.0,62.0,78.0,1302.0,2025-01,2025-12
PSM,NCE,1.0,10.0,19.0,3764.0,2025-01,2025-12
PSM,OSL,0.0,0.0,0.0,3450.0,2025-01,2025-12
PSM,PIK,1.0,0.0,0.0,2982.0,2025-01,2025-12
PSM,PLS,0.0,3.0,7.0,1474.0,2025-01,2025-12
PSM,RIX,0.0,0.0,0.0,3965.0,2025-01,2025-12
PSM,RZE,5.0,0.0,0.0,4142.0,2025-01,2025-12
PSM,SNN,4.0,0.0,0.0,2850.0,2025-01,2025-12
PSM,STN,0.0,0.0,0.0,3238.0,2025-01,2025-12
PSM,TER,0.0,0.0,0.0,2277.0,2025-01,2025-12
PSM,TLS,1.0,0.0,0.0,3505.0,2025-01,2025-12
PSM,TRN,0.0,0.0,0.0,3733.0,2025-01,2025-12
PSM,WRO,1.0,0.0,0.0,3913.0,2025-01,2025-12
PSM,YFC,0.0,0.0,4.0,286.0,2025-01,2025-12
PSM,YGP,0.0,2.0,4.0,497.0,2025-01,2025-12
PSM,YHM,1.0,2.0,8.0,459.0,2025-01,2025-12
PSM,YQX,0.0,0.0,0.0,876.0,2025-01,2025-12
PSP,CIA,0.0,2.0,7.0,6296.0,2025-01,2025-12
PSP,CSL,1.0,2.0,10.0,,2025-01,2025-12
PSP,HMO,1.0,4.0,8.0,459.0,2025-01,2025-12
PSP,HND,0.0,2.0,7.0,5568.0,2025-01,2025-12
PSP,KEF,0.0,1.0,7.0,4257.0,2025-01,2025-12
PSP,LAP,0.0,0.0,4.0,769.0,2025-01,2025-12
PSP,NAS,0.0,1.0,7.0,2411.0,2025-01,2025-12
PSP,PVR,0.0,5.0,5.0,1140.0,2025-01,2025-12
PSP,SJD,0.0,1.0,7.0,844.0,2025-01,2025-12
PSP,TIJ,0.0,0.0,32.0,93.0,2025-01,2025-12
PSP,YBL,1.0,4.0,5.0,1200.0,2025-01,2025-12
PSP,YEG,172.0,21328.0,27416.0,1354.0,2025-01,2025-12
PSP,YHM,2.0,3.0,12.0,2062.0,2025-01,2025-12
PSP,YKF,1.0,4.0,9.0,2041.0,2025-01,2025-12
PSP,YVR,610.0,73584.0,99266.0,1115.0,2025-01,2025-12
PSP,YWG,40.0,4968.0,6621.0,1480.0,2025-01,2025-12
PSP,YYC,499.0,59586.0,74852.0,1201.0,2025-01,2025-12
PSP,YYZ,184.0,18908.0,27192.0,2080.0,2025-01,2025-12
PTK,AMS,0.0,1.0,7.0,3910.0,2025-01,2025-12
PTK,BTS,0.0,1.0,7.0,4527.0,2025-01,2025-12
PTK,CUU,1.0,0.0,0.0,1582.0,2025-01,2025-12
PTK,MID,0.0,0.0,0.0,1544.0,2025-01,2025-12
PTK,NAP,0.0,0.0,7.0,4722.0,2025-01,2025-12
PTK,NCE,0.0,1.0,7.0,4317.0,2025-01,2025-12
PTK,OSL,0.0,3.0,7.0,3869.0,2025-01,2025-12
PTK,QRO,2.0,0.0,0.0,1807.0,2025-01,2025-12
PTK,SLW,1.0,0.0,0.0,1544.0,2025-01,2025-12
PTK,TLC,0.0,3.0,7.0,1867.0,2025-01,2025-12
PTK,YHM,3.0,0.0,0.0,180.0,2025-01,2025-12
PTK,YHZ,0.0,0.0,0.0,1003.0,2025-01,2025-12
PTK,YOW,1.0,5.0,46.0,427.0,2025-01,2025-12
PTK,YQG,2.0,0.0,0.0,36.0,2025-01,2025-12
PTK,YXU,0.0,0.0,0.0,118.0,2025-01,2025-12
PTK,YYZ,2.0,2.0,18.0,203.0,2025-01,2025-12
PUB,YYZ,0.0,20.0,68.0,1344.0,2025-01,2025-12
PUL,CXH,0.0,1.0,3.0,110.0,2025-01,2025-12
PVD,AVN,1.0,4.0,15.0,3727.0,2025-01,2025-12
PVD,AXA,0.0,6.0,7.0,1698.0,2025-01,2025-12
PVD,BUD,1.0,2.0,14.0,4218.0,2025-01,2025-12
PVD,CH1,0.0,0.0,7.0,,2025-01,2025-12
PVD,EIN,0.0,1.0,6.0,3537.0,2025-01,2025-12
PVD,FRA,0.0,0.0,8.0,3703.0,2025-01,2025-12
PVD,GOA,0.0,6.0,6.0,3885.0,2025-01,2025-12
PVD,KEF,0.0,3.0,6.0,2456.0,2025-01,2025-12
PVD,LHR,0.0,59.0,69.0,3300.0,2025-01,2025-12
PVD,LTN,0.0,0.0,6.0,3295.0,2025-01,2025-12
PVD,LUG,1.0,2.0,14.0,3838.0,2025-01,2025-12
PVD,MLA,0.0,2.0,7.0,4446.0,2025-01,2025-12
PVD,OLB,0.0,1.0,7.0,4032.0,2025-01,2025-12
PVD,PEG,0.0,4.0,7.0,4089.0,2025-01,2025-12
PVD,PLS,0.0,3.0,7.0,1379.0,2025-01,2025-12
PVD,SKB,0.0,4.0,7.0,1764.0,2025-01,2025-12
PVD,YHU,0.0,4.0,5.0,280.0,2025-01,2025-12
PVD,YKF,1.0,5.0,10.0,471.0,2025-01,2025-12
PVD,YQB,0.0,3.0,4.0,350.0,2025-01,2025-12
PVD,YUL,2.0,2.0,105.0,283.0,2025-01,2025-12
PVD,ZRH,0.0,2.0,7.0,3778.0,2025-01,2025-12
PVU,GCM,0.0,2.0,7.0,2305.0,2025-01,2025-12
PVU,MEX,0.0,56.0,66.0,1620.0,2025-01,2025-12
PWK,BDS,0.0,1.0,7.0,5082.0,2025-01,2025-12
PWK,EMA,0.0,1.0,6.0,3860.0,2025-01,2025-12
PWK,GCM,0.0,2.0,6.0,1623.0,2025-01,2025-12
PWK,GVA,0.0,2.0,7.0,4378.0,2025-01,2025-12
PWK,LBG,0.0,0.0,7.0,4132.0,2025-01,2025-12
PWK,LIL,0.0,2.0,7.0,4101.0,2025-01,2025-12
PWK,LIR,0.0,2.0,7.0,2183.0,2025-01,2025-12
PWK,MAD,1.0,4.0,14.0,4186.0,2025-01,2025-12
PWK,NCE,4.0,8.0,56.0,4524.0,2025-01,2025-12
PWK,RAK,0.0,0.0,6.0,4315.0,2025-01,2025-12
PWK,YYZ,2.0,2.0,21.0,432.0,2025-01,2025-12
PWK,ZRH,1.0,1.0,14.0,4425.0,2025-01,2025-12
PWM,AEY,0.0,1.0,7.0,2471.0,2025-01,2025-12
PWM,BDA,0.0,2.0,7.0,837.0,2025-01,2025-12
PWM,ELH,0.0,3.0,7.0,1306.0,2025-01,2025-12
PWM,FAB,0.0,2.0,7.0,3167.0,2025-01,2025-12
PWM,GCM,1.0,8.0,14.0,1800.0,2025-01,2025-12
PWM,GOH,0.0,1.0,7.0,1595.0,2025-01,2025-12
PWM,GOT,0.0,4.0,7.0,3505.0,2025-01,2025-12
PWM,KEF,0.0,1.0,7.0,2315.0,2025-01,2025-12
PWM,NAS,0.0,1.0,7.0,1348.0,2025-01,2025-12
PWM,OSL,0.0,4.0,6.0,3404.0,2025-01,2025-12
PWM,QSR,1.0,2.0,14.0,4168.0,2025-01,2025-12
PWM,SVD,0.0,2.0,6.0,2176.0,2025-01,2025-12
PWM,YQB,0.0,36.0,38.0,224.0,2025-01,2025-12
RAP,YQR,0.0,2.0,15.0,448.0,2025-01,2025-12
RAP,YVR,0.0,78.0,83.0,1015.0,2025-01,2025-12
RAP,YYC,0.0,32.0,38.0,705.0,2025-01,2025-12
RAP,YYZ,1.0,131.0,138.0,1163.0,2025-01,2025-12
RBD,SJD,1.0,5.0,8.0,1023.0,2025-01,2025-12
RCE,YYJ,0.0,0.0,3.0,13.0,2025-01,2025-12
RDU,ATH,2.0,224.0,264.0,5342.0,2025-01,2025-12
RDU,AUA,0.0,94.0,100.0,1705.0,2025-01,2025-12
RDU,BDA,36.0,862.0,2747.0,842.0,2025-01,2025-12
RDU,BOG,0.0,62.0,83.0,2174.0,2025-01,2025-12
RDU,CDG,282.0,74804.0,90391.0,4043.0,2025-01,2025-12
RDU,CUN,54.0,6836.0,8906.0,1136.0,2025-01,2025-12
RDU,FRA,214.0,44948.0,54858.0,4267.0,2025-01,2025-12
RDU,GUA,0.0,72.0,100.0,1641.0,2025-01,2025-12
RDU,HAM,0.0,2.0,7.0,4227.0,2025-01,2025-12
RDU,HEL,0.0,4.0,7.0,4530.0,2025-01,2025-12
RDU,IST,1.0,0.0,349.0,5408.0,2025-01,2025-12
RDU,KEF,288.0,41311.0,50356.0,3011.0,2025-01,2025-12
RDU,LBG,0.0,0.0,7.0,4039.0,2025-01,2025-12
RDU,LHR,358.0,70415.0,97234.0,3863.0,2025-01,2025-12
RDU,LIN,0.0,2.0,7.0,4429.0,2025-01,2025-12
RDU,LIS,0.0,4.0,7.0,3736.0,2025-01,2025-12
RDU,LTN,0.0,1.0,7.0,3858.0,2025-01,2025-12
RDU,MAD,0.0,1.0,6.0,3970.0,2025-01,2025-12
RDU,MBJ,66.0,5506.0,10246.0,1202.0,2025-01,2025-12
RDU,MEX,344.0,24929.0,34106.0,1676.0,2025-01,2025-12
RDU,MTY,0.0,42.0,50.0,1440.0,2025-01,2025-12
RDU,MUC,2.0,230.0,286.0,4448.0,2025-01,2025-12
RDU,NAS,1.0,35.0,158.0,753.0,2025-01,2025-12
RDU,PEG,1.0,4.0,14.0,4645.0,2025-01,2025-12
RDU,PEK,0.0,2.0,7.0,7098.0,2025-01,2025-12
RDU,PLS,1.0,33.0,185.0,1051.0,2025-01,2025-12
RDU,PTY,214.0,29584.0,34978.0,1853.0,2025-01,2025-12
RDU,PUJ,68.0,7854.0,10802.0,1355.0,2025-01,2025-12
RDU,QRO,1.0,29.0,124.0,1669.0,2025-01,2025-12
RDU,RUH,0.0,44.0,187.0,6932.0,2025-01,2025-12
RDU,SJD,1.0,178.0,186.0,2045.0,2025-01,2025-12
RDU,SJO,1.0,131.0,166.0,1821.0,2025-01,2025-12
RDU,SNN,0.0,122.0,136.0,3493.0,2025-01,2025-12
RDU,SNR,0.0,1.0,7.0,3876.0,2025-01,2025-12
RDU,STI,0.0,86.0,90.0,1242.0,2025-01,2025-12
RDU,SXM,0.0,56.0,64.0,1561.0,2025-01,2025-12
RDU,TAM,1.0,90.0,99.0,1481.0,2025-01,2025-12
RDU,TLC,0.0,0.0,7.0,1703.0,2025-01,2025-12
RDU,TLV,0.0,2.0,7.0,6081.0,2025-01,2025-12
RDU,VER,0.0,36.0,50.0,1568.0,2025-01,2025-12
RDU,YEG,1.0,29.0,110.0,2061.0,2025-01,2025-12
RDU,YHZ,0.0,0.0,6.0,1014.0,2025-01,2025-12
RDU,YQB,0.0,0.0,74.0,845.0,2025-01,2025-12
RDU,YUL,282.0,14537.0,21421.0,713.0,2025-01,2025-12
RDU,YVR,48.0,5247.0,7898.0,2399.0,2025-01,2025-12
RDU,YWG,1.0,51.0,74.0,1339.0,2025-01,2025-12
RDU,YYC,51.0,6236.0,8517.0,2027.0,2025-01,2025-12
RDU,YYZ,638.0,36631.0,50256.0,541.0,2025-01,2025-12
RDU,ZRH,0.0,90.0,102.0,4338.0,2025-01,2025-12
RFD,BRU,0.0,0.0,0.0,4182.0,2025-01,2025-12
RFD,CDG,0.0,116.0,117.0,4178.0,2025-01,2025-12
RFD,CMN,0.0,0.0,0.0,4323.0,2025-01,2025-12
RFD,CUN,2.0,268.0,276.0,1467.0,2025-01,2025-12
RFD,HHN,9.0,0.0,0.0,4320.0,2025-01,2025-12
RFD,HKG,0.0,162.0,167.0,7744.0,2025-01,2025-12
RFD,ICN,0.0,0.0,0.0,6495.0,2025-01,2025-12
RFD,LGG,63.0,0.0,0.0,4227.0,2025-01,2025-12
RFD,LTN,1.0,2.0,15.0,3967.0,2025-01,2025-12
RFD,LUX,0.0,0.0,0.0,4294.0,2025-01,2025-12
RFD,MEX,0.0,68.0,75.0,1677.0,2025-01,2025-12
RFD,MXP,0.0,116.0,122.0,4548.0,2025-01,2025-12
RFD,PTY,64.0,0.0,0.0,2364.0,2025-01,2025-12
RFD,PVG,6.0,0.0,0.0,7002.0,2025-01,2025-12
RFD,PVR,0.0,64.0,75.0,1759.0,2025-01,2025-12
RFD,QRO,0.0,0.0,0.0,1625.0,2025-01,2025-12
RFD,SCL,1.0,0.0,0.0,5350.0,2025-01,2025-12
RFD,YHZ,26.0,0.0,0.0,1290.0,2025-01,2025-12
RFD,YQG,0.0,0.0,0.0,314.0,2025-01,2025-12
RFD,YYC,0.0,62.0,63.0,1324.0,2025-01,2025-12
RFD,YYR,0.0,0.0,0.0,1523.0,2025-01,2025-12
RIC,AMS,0.0,0.0,146.0,3920.0,2025-01,2025-12
RIC,AUA,2.0,302.0,332.0,1786.0,2025-01,2025-12
RIC,BDA,27.0,437.0,1942.0,798.0,2025-01,2025-12
RIC,CAI,0.0,3.0,8.0,5881.0,2025-01,2025-12
RIC,CUR,0.0,68.0,81.0,1824.0,2025-01,2025-12
RIC,EIN,2.0,124.0,213.0,3965.0,2025-01,2025-12
RIC,MBJ,0.0,42.0,88.0,1313.0,2025-01,2025-12
RIC,NAS,1.0,109.0,186.0,861.0,2025-01,2025-12
RIC,PUJ,0.0,94.0,100.0,1416.0,2025-01,2025-12
RIC,VRN,0.0,0.0,6.0,4367.0,2025-01,2025-12
RIC,YHZ,1.0,216.0,386.0,879.0,2025-01,2025-12
RIC,YUL,0.0,34.0,38.0,580.0,2025-01,2025-12
RIL,FAB,1.0,5.0,14.0,4778.0,2025-01,2025-12
RIL,GIG,0.0,2.0,7.0,5982.0,2025-01,2025-12
RIV,MAO,1.0,0.0,290.0,4505.0,2025-01,2025-12
RIV,TAP,0.0,58.0,75.0,2037.0,2025-01,2025-12
RME,YTZ,0.0,0.0,4.0,202.0,2025-01,2025-12
RNO,BWE,0.0,2.0,6.0,5429.0,2025-01,2025-12
RNO,CAT,0.0,6.0,7.0,5470.0,2025-01,2025-12
RNO,GDL,284.0,36564.0,51807.0,1634.0,2025-01,2025-12
RNO,HEL,1.0,2.0,16.0,5256.0,2025-01,2025-12
RNO,KIX,0.0,2.0,7.0,5442.0,2025-01,2025-12
RNO,LBG,0.0,1.0,7.0,5382.0,2025-01,2025-12
RNO,LTN,1.0,11.0,14.0,5151.0,2025-01,2025-12
RNO,PVR,2.0,233.0,267.0,1559.0,2025-01,2025-12
RNO,SCL,0.0,0.0,7.0,5930.0,2025-01,2025-12
RNO,YEG,2.0,337.0,465.0,998.0,2025-01,2025-12
RNO,YLW,0.0,7.0,8.0,723.0,2025-01,2025-12
RNO,YWG,2.0,173.0,465.0,1312.0,2025-01,2025-12
RNO,YYC,2.0,124.0,279.0,850.0,2025-01,2025-12
ROA,NAS,0.0,26.0,54.0,862.0,2025-01,2025-12
ROC,AUA,0.0,4.0,6.0,2164.0,2025-01,2025-12
ROC,PTY,25.0,0.0,0.0,2355.0,2025-01,2025-12
ROC,PUF,0.0,2.0,7.0,3737.0,2025-01,2025-12
ROC,YYZ,4.0,104.0,215.0,106.0,2025-01,2025-12
ROG,ARN,0.0,1.0,8.0,4764.0,2025-01,2025-12
ROG,GGT,0.0,1.0,7.0,1401.0,2025-01,2025-12
ROG,YYZ,1.0,2.0,10.0,915.0,2025-01,2025-12
RQK,TRD,0.0,0.0,0.0,,2025-01,2025-12
RSJ,CXH,0.0,1.0,5.0,46.0,2025-01,2025-12
RSJ,YWH,0.0,1.0,3.0,28.0,2025-01,2025-12
RST,AUA,0.0,99.0,100.0,2547.0,2025-01,2025-12
RST,BMA,1.0,2.0,12.0,4289.0,2025-01,2025-12
RST,BRN,0.0,1.0,5.0,4498.0,2025-01,2025-12
RST,EXT,0.0,1.0,7.0,3940.0,2025-01,2025-12
RST,FAB,0.0,0.0,6.0,4019.0,2025-01,2025-12
RST,KEF,2.0,3.0,18.0,2968.0,2025-01,2025-12
RST,LTN,2.0,9.0,28.0,4012.0,2025-01,2025-12
RST,MAD,2.0,8.0,28.0,4324.0,2025-01,2025-12
RST,MGA,0.0,1.0,5.0,2227.0,2025-01,2025-12
RST,NCE,1.0,2.0,14.0,4629.0,2025-01,2025-12
RST,PTY,0.0,1.0,5.0,2533.0,2025-01,2025-12
RST,RBA,0.0,1.0,6.0,4448.0,2025-01,2025-12
RST,SNN,1.0,3.0,10.0,3668.0,2025-01,2025-12
RST,YKF,0.0,0.0,4.0,606.0,2025-01,2025-12
RST,YYJ,0.0,0.0,10.0,1502.0,2025-01,2025-12
RST,YYT,0.0,1.0,4.0,1912.0,2025-01,2025-12
RST,YYZ,6.0,11.0,58.0,641.0,2025-01,2025-12
RST,ZRH,1.0,2.0,14.0,4513.0,2025-01,2025-12
RSW,ATH,0.0,0.0,7.0,5887.0,2025-01,2025-12
RSW,AUA,0.0,98.0,98.0,1233.0,2025-01,2025-12
RSW,BCN,2.0,110.0,130.0,4731.0,2025-01,2025-12
RSW,BGI,0.0,60.0,86.0,1715.0,2025-01,2025-12
RSW,BOG,2.0,81.0,86.0,1590.0,2025-01,2025-12
RSW,BSL,0.0,1.0,7.0,4855.0,2025-01,2025-12
RSW,CAP,0.0,44.0,75.0,767.0,2025-01,2025-12
RSW,CMW,2.0,64.0,300.0,431.0,2025-01,2025-12
RSW,CTG,0.0,77.0,114.0,1184.0,2025-01,2025-12
RSW,CUN,2.0,196.0,424.0,499.0,2025-01,2025-12
RSW,DUB,0.0,0.0,7.0,4181.0,2025-01,2025-12
RSW,EIS,2.0,86.0,114.0,1231.0,2025-01,2025-12
RSW,ELH,0.0,37.0,38.0,323.0,2025-01,2025-12
RSW,EMA,0.0,3.0,6.0,4389.0,2025-01,2025-12
RSW,FLR,0.0,2.0,8.0,5112.0,2025-01,2025-12
RSW,FPO,0.0,1.0,4.0,189.0,2025-01,2025-12
RSW,FRA,108.0,24113.0,29998.0,4848.0,2025-01,2025-12
RSW,GCM,1.0,52.0,70.0,501.0,2025-01,2025-12
RSW,GUA,0.0,64.0,81.0,1001.0,2025-01,2025-12
RSW,GYE,1.0,162.0,172.0,1986.0,2025-01,2025-12
RSW,HAV,88.0,4283.0,13680.0,248.0,2025-01,2025-12
RSW,KEF,0.0,1.0,6.0,3658.0,2025-01,2025-12
RSW,KIN,2.0,144.0,362.0,673.0,2025-01,2025-12
RSW,LHR,0.0,151.0,152.0,4442.0,2025-01,2025-12
RSW,LIM,1.0,151.0,214.0,2682.0,2025-01,2025-12
RSW,LIN,1.0,2.0,16.0,4983.0,2025-01,2025-12
RSW,MBJ,2.0,12.0,201.0,606.0,2025-01,2025-12
RSW,MDE,1.0,150.0,167.0,1468.0,2025-01,2025-12
RSW,MEX,2.0,212.0,255.0,1204.0,2025-01,2025-12
RSW,MTY,0.0,41.0,100.0,1139.0,2025-01,2025-12
RSW,NAS,1.0,76.0,76.0,286.0,2025-01,2025-12
RSW,OCJ,0.0,18.0,38.0,639.0,2025-01,2025-12
RSW,PLS,0.0,80.0,86.0,682.0,2025-01,2025-12
RSW,POP,1.0,168.0,172.0,850.0,2025-01,2025-12
RSW,POS,1.0,0.0,0.0,1727.0,2025-01,2025-12
RSW,PUJ,0.0,62.0,81.0,1015.0,2025-01,2025-12
RSW,RKE,0.0,2.0,7.0,4869.0,2025-01,2025-12
RSW,SAL,0.0,78.0,83.0,1021.0,2025-01,2025-12
RSW,SAP,1.0,64.0,86.0,863.0,2025-01,2025-12
RSW,SCL,0.0,0.0,0.0,4203.0,2025-01,2025-12
RSW,SJO,0.0,61.0,75.0,1154.0,2025-01,2025-12
RSW,SNU,34.0,1702.0,5350.0,302.0,2025-01,2025-12
RSW,SVD,0.0,73.0,86.0,1623.0,2025-01,2025-12
RSW,SXM,0.0,70.0,86.0,1326.0,2025-01,2025-12
RSW,UIO,2.0,77.0,88.0,1856.0,2025-01,2025-12
RSW,XPL,0.0,64.0,64.0,921.0,2025-01,2025-12
RSW,YHM,1.0,4.0,9.0,1154.0,2025-01,2025-12
RSW,YKF,1.0,2.0,9.0,1172.0,2025-01,2025-12
RSW,YOW,86.0,9162.0,12694.0,1341.0,2025-01,2025-12
RSW,YUL,67.0,6662.0,8846.0,1381.0,2025-01,2025-12
RSW,YYT,2.0,113.0,155.0,2140.0,2025-01,2025-12
RSW,YYZ,985.0,121858.0,154622.0,1190.0,2025-01,2025-12
RSW,ZRH,0.0,1.0,7.0,4904.0,2025-01,2025-12
RUT,YYZ,0.0,4.0,5.0,334.0,2025-01,2025-12
SAA,YUL,0.0,1.0,4.0,1670.0,2025-01,2025-12
SAA,YYZ,0.0,5.0,8.0,1386.0,2025-01,2025-12
SAF,DRW,0.0,2.0,7.0,8562.0,2025-01,2025-12
SAF,LYR,0.0,1.0,7.0,4221.0,2025-01,2025-12
SAF,NAS,0.0,1.0,7.0,1848.0,2025-01,2025-12
SAN,AGP,0.0,1.0,7.0,5970.0,2025-01,2025-12
SAN,AMS,71.0,16020.0,19998.0,5600.0,2025-01,2025-12
SAN,BCN,0.0,1.0,7.0,6029.0,2025-01,2025-12
SAN,BRN,0.0,1.0,6.0,5950.0,2025-01,2025-12
SAN,DUB,0.0,4.0,7.0,5197.0,2025-01,2025-12
SAN,EDI,0.0,1.0,6.0,5186.0,2025-01,2025-12
SAN,EIS,0.0,0.0,7.0,3390.0,2025-01,2025-12
SAN,EMA,0.0,2.0,7.0,5384.0,2025-01,2025-12
SAN,FAB,2.0,4.0,29.0,5471.0,2025-01,2025-12
SAN,GCM,0.0,1.0,7.0,2396.0,2025-01,2025-12
SAN,GMP,0.0,2.0,7.0,6072.0,2025-01,2025-12
SAN,GVA,0.0,1.0,7.0,5937.0,2025-01,2025-12
SAN,JED,0.0,3.0,7.0,8366.0,2025-01,2025-12
SAN,LBG,0.0,2.0,7.0,5683.0,2025-01,2025-12
SAN,LHR,532.0,117423.0,134494.0,5472.0,2025-01,2025-12
SAN,LTN,2.0,6.0,26.0,5457.0,2025-01,2025-12
SAN,MAH,0.0,1.0,7.0,6179.0,2025-01,2025-12
SAN,MUC,294.0,67806.0,80903.0,6011.0,2025-01,2025-12
SAN,MZT,0.0,26.0,93.0,938.0,2025-01,2025-12
SAN,NCE,2.0,6.0,20.0,6102.0,2025-01,2025-12
SAN,NLU,0.0,23.0,93.0,1436.0,2025-01,2025-12
SAN,NRT,296.0,49022.0,55696.0,5545.0,2025-01,2025-12
SAN,PPT,0.0,1.0,6.0,4082.0,2025-01,2025-12
SAN,PTY,106.0,14176.0,17844.0,2911.0,2025-01,2025-12
SAN,PVR,130.0,17458.0,22742.0,1110.0,2025-01,2025-12
SAN,QRO,0.0,0.0,74.0,1339.0,2025-01,2025-12
SAN,SHA,0.0,2.0,7.0,6598.0,2025-01,2025-12
SAN,SJD,666.0,82791.0,112354.0,803.0,2025-01,2025-12
SAN,SJO,0.0,76.0,90.0,2621.0,2025-01,2025-12
SAN,SXM,0.0,0.0,7.0,3486.0,2025-01,2025-12
SAN,TAP,14.0,1316.0,1996.0,1990.0,2025-01,2025-12
SAN,TIJ,680.0,0.0,0.0,18.0,2025-01,2025-12
SAN,TMP,0.0,4.0,7.0,5571.0,2025-01,2025-12
SAN,VSA,16.0,1722.0,2214.0,1823.0,2025-01,2025-12
SAN,WAW,2.0,4.0,20.0,6049.0,2025-01,2025-12
SAN,YFB,0.0,0.0,5.0,2974.0,2025-01,2025-12
SAN,YUL,156.0,17616.0,22455.0,2455.0,2025-01,2025-12
SAN,YVR,665.0,52111.0,62843.0,1179.0,2025-01,2025-12
SAN,YWG,0.0,18.0,35.0,1565.0,2025-01,2025-12
SAN,YYC,300.0,38770.0,45840.0,1280.0,2025-01,2025-12
SAN,YYJ,1.0,2.0,7.0,1146.0,2025-01,2025-12
SAN,YYZ,489.0,53933.0,67334.0,2153.0,2025-01,2025-12
SAN,ZRH,1.0,4.0,14.0,5956.0,2025-01,2025-12
SAT,AGU,1.0,47.0,70.0,592.0,2025-01,2025-12
SAT,BJX,128.0,13362.0,23308.0,619.0,2025-01,2025-12
SAT,BOG,0.0,74.0,83.0,2338.0,2025-01,2025-12
SAT,BUD,0.0,0.0,7.0,5865.0,2025-01,2025-12
SAT,BZE,0.0,66.0,83.0,1048.0,2025-01,2025-12
SAT,CUN,124.0,18643.0,21425.0,931.0,2025-01,2025-12
SAT,CUU,0.0,24.0,32.0,456.0,2025-01,2025-12
SAT,CZM,1.0,132.0,159.0,953.0,2025-01,2025-12
SAT,DYU,0.0,2.0,7.0,7662.0,2025-01,2025-12
SAT,GCM,0.0,85.0,86.0,1286.0,2025-01,2025-12
SAT,GDL,740.0,78658.0,121790.0,692.0,2025-01,2025-12
SAT,GUA,34.0,800.0,5633.0,1150.0,2025-01,2025-12
SAT,GVA,0.0,2.0,7.0,5403.0,2025-01,2025-12
SAT,HAM,0.0,0.0,7.0,5285.0,2025-01,2025-12
SAT,IBZ,0.0,2.0,7.0,5447.0,2025-01,2025-12
SAT,LBG,0.0,1.0,7.0,5162.0,2025-01,2025-12
SAT,LHR,0.0,76.0,138.0,4970.0,2025-01,2025-12
SAT,LIR,2.0,187.0,254.0,1551.0,2025-01,2025-12
SAT,LTN,0.0,2.0,8.0,4962.0,2025-01,2025-12
SAT,MAD,1.0,3.0,14.0,5162.0,2025-01,2025-12
SAT,MDE,1.0,153.0,166.0,2204.0,2025-01,2025-12
SAT,MEX,1183.0,146202.0,218851.0,699.0,2025-01,2025-12
SAT,MGA,1.0,0.0,5.0,1438.0,2025-01,2025-12
SAT,MLM,77.0,3974.0,14026.0,688.0,2025-01,2025-12
SAT,MTY,846.0,90022.0,163886.0,278.0,2025-01,2025-12
SAT,NTR,0.0,1.0,7.0,276.0,2025-01,2025-12
SAT,OSL,0.0,2.0,7.0,5083.0,2025-01,2025-12
SAT,PTY,0.0,80.0,90.0,1877.0,2025-01,2025-12
SAT,PUJ,2.0,258.0,265.0,2037.0,2025-01,2025-12
SAT,PVR,4.0,508.0,569.0,744.0,2025-01,2025-12
SAT,QRO,106.0,13748.0,19704.0,625.0,2025-01,2025-12
SAT,RTB,0.0,80.0,86.0,1186.0,2025-01,2025-12
SAT,SAL,14.0,230.0,2352.0,1264.0,2025-01,2025-12
SAT,SAP,16.0,404.0,2744.0,1182.0,2025-01,2025-12
SAT,SJD,4.0,518.0,640.0,824.0,2025-01,2025-12
SAT,SJO,2.0,232.0,240.0,1634.0,2025-01,2025-12
SAT,SLP,78.0,5662.0,14188.0,525.0,2025-01,2025-12
SAT,SLW,0.0,0.0,0.0,314.0,2025-01,2025-12
SAT,TAM,0.0,34.0,38.0,502.0,2025-01,2025-12
SAT,TAP,10.0,165.0,1576.0,1090.0,2025-01,2025-12
SAT,TLC,0.0,0.0,7.0,708.0,2025-01,2025-12
SAT,TRC,14.0,991.0,2550.0,408.0,2025-01,2025-12
SAT,VER,1.0,105.0,126.0,732.0,2025-01,2025-12
SAT,VIE,0.0,3.0,7.0,5738.0,2025-01,2025-12
SAT,VSA,8.0,128.0,1332.0,873.0,2025-01,2025-12
SAT,XPL,0.0,80.0,88.0,1255.0,2025-01,2025-12
SAT,YKF,1.0,4.0,10.0,1385.0,2025-01,2025-12
SAT,YOW,0.0,0.0,96.0,1649.0,2025-01,2025-12
SAT,YVR,1.0,150.0,170.0,1878.0,2025-01,2025-12
SAT,YYZ,2.0,128.0,168.0,1424.0,2025-01,2025-12
SAT,ZAD,0.0,2.0,8.0,5859.0,2025-01,2025-12
SAV,AMS,2.0,4.0,18.0,4338.0,2025-01,2025-12
SAV,ATH,0.0,140.0,140.0,5613.0,2025-01,2025-12
SAV,BDA,0.0,1.0,4.0,965.0,2025-01,2025-12
SAV,BGI,0.0,48.0,80.0,1903.0,2025-01,2025-12
SAV,CIA,0.0,3.0,7.0,4960.0,2025-01,2025-12
SAV,CPH,0.0,1.0,6.0,4560.0,2025-01,2025-12
SAV,CUR,0.0,75.0,80.0,1582.0,2025-01,2025-12
SAV,DBV,0.0,34.0,175.0,5189.0,2025-01,2025-12
SAV,DUB,0.0,1.0,7.0,3874.0,2025-01,2025-12
SAV,ELH,0.0,28.0,32.0,535.0,2025-01,2025-12
SAV,FPO,0.0,1.0,4.0,413.0,2025-01,2025-12
SAV,GRS,1.0,2.0,13.0,4860.0,2025-01,2025-12
SAV,GUA,1.0,192.0,198.0,1347.0,2025-01,2025-12
SAV,GVA,1.0,0.0,15.0,4539.0,2025-01,2025-12
SAV,ISL,0.0,0.0,8.0,5703.0,2025-01,2025-12
SAV,LOS,2.0,416.0,503.0,5657.0,2025-01,2025-12
SAV,MAD,2.0,2.0,42.0,4221.0,2025-01,2025-12
SAV,MBJ,0.0,80.0,90.0,963.0,2025-01,2025-12
SAV,MLA,0.0,3.0,7.0,5245.0,2025-01,2025-12
SAV,NAS,2.0,100.0,111.0,539.0,2025-01,2025-12
SAV,PLS,4.0,0.0,4.0,902.0,2025-01,2025-12
SAV,PRG,1.0,1.0,15.0,4776.0,2025-01,2025-12
SAV,PTY,1.0,72.0,85.0,1597.0,2025-01,2025-12
SAV,PUJ,2.0,266.0,279.0,1231.0,2025-01,2025-12
SAV,PVR,0.0,84.0,90.0,1680.0,2025-01,2025-12
SAV,SAP,0.0,88.0,90.0,1227.0,2025-01,2025-12
SAV,SCQ,3.0,10.0,30.0,3934.0,2025-01,2025-12
SAV,SDQ,0.0,95.0,95.0,1188.0,2025-01,2025-12
SAV,SJO,1.0,168.0,199.0,1541.0,2025-01,2025-12
SAV,SML,1.0,3.0,8.0,692.0,2025-01,2025-12
SAV,SNN,0.0,0.0,8.0,3773.0,2025-01,2025-12
SAV,TQO,1.0,164.0,180.0,917.0,2025-01,2025-12
SAV,UVF,0.0,88.0,100.0,1803.0,2025-01,2025-12
SAV,YKF,4.0,0.0,4.0,784.0,2025-01,2025-12
SAV,YUL,0.0,1.0,8.0,1004.0,2025-01,2025-12
SAV,YYZ,1.0,5.0,9.0,803.0,2025-01,2025-12
SBA,AMS,0.0,1.0,7.0,5578.0,2025-01,2025-12
SBA,CUN,0.0,1.0,7.0,2205.0,2025-01,2025-12
SBA,LBG,0.0,2.0,6.0,5673.0,2025-01,2025-12
SBA,SJD,0.0,2.0,4.0,990.0,2025-01,2025-12
SBA,SNN,0.0,1.0,7.0,5131.0,2025-01,2025-12
SBA,SVD,0.0,2.0,6.0,3932.0,2025-01,2025-12
SBA,YOW,0.0,0.0,7.0,2426.0,2025-01,2025-12
SBA,YVR,0.0,1.0,4.0,1035.0,2025-01,2025-12
SBA,ZLO,0.0,4.0,7.0,1412.0,2025-01,2025-12
SBD,CAN,0.0,0.0,0.0,7262.0,2025-01,2025-12
SBD,ICN,0.0,0.0,0.0,6022.0,2025-01,2025-12
SBD,NLU,0.0,0.0,0.0,1493.0,2025-01,2025-12
SBD,SJD,0.0,2.0,6.0,882.0,2025-01,2025-12
SBD,TPE,0.0,0.0,0.0,6833.0,2025-01,2025-12
SBD,XMN,0.0,0.0,0.0,6996.0,2025-01,2025-12
SBM,YYZ,4.0,14.0,35.0,410.0,2025-01,2025-12
SBN,YLS,0.0,2.0,3.0,677.0,2025-01,2025-12
SBN,YYZ,4.0,6.0,253.0,366.0,2025-01,2025-12
SBY,FAB,0.0,1.0,6.0,3605.0,2025-01,2025-12
SBY,YYZ,1.0,8.0,10.0,427.0,2025-01,2025-12
SCE,YYZ,1.0,1.0,3.0,215.0,2025-01,2025-12
SCF,BIO,0.0,4.0,7.0,5492.0,2025-01,2025-12
SCF,CSL,2.0,12.0,25.0,,2025-01,2025-12
SCF,CUN,2.0,2.0,12.0,1759.0,2025-01,2025-12
SCF,EDI,0.0,1.0,7.0,4968.0,2025-01,2025-12
SCF,EXT,1.0,2.0,14.0,5171.0,2025-01,2025-12
SCF,FAB,0.0,2.0,7.0,5242.0,2025-01,2025-12
SCF,ICN,0.0,0.0,7.0,6257.0,2025-01,2025-12
SCF,LBG,0.0,1.0,7.0,5453.0,2025-01,2025-12
SCF,LTN,0.0,1.0,7.0,5231.0,2025-01,2025-12
SCF,MRS,0.0,1.0,7.0,5802.0,2025-01,2025-12
SCF,NAS,0.0,0.0,5.0,2147.0,2025-01,2025-12
SCF,NCE,1.0,2.0,14.0,5866.0,2025-01,2025-12
SCF,STR,1.0,2.0,13.0,5695.0,2025-01,2025-12
SCF,TLN,0.0,1.0,7.0,5852.0,2025-01,2025-12
SCF,YHM,4.0,14.0,39.0,1840.0,2025-01,2025-12
SCF,YKF,1.0,4.0,12.0,1821.0,2025-01,2025-12
SCF,YQR,0.0,1.0,5.0,1218.0,2025-01,2025-12
SCF,YUL,0.0,0.0,7.0,2167.0,2025-01,2025-12
SCF,YVR,2.0,10.0,12.0,1221.0,2025-01,2025-12
SCF,YYC,0.0,0.0,5.0,1213.0,2025-01,2025-12
SCF,YYZ,1.0,7.0,10.0,1861.0,2025-01,2025-12
SCF,ZRH,1.0,7.0,12.0,5732.0,2025-01,2025-12
SDF,ATH,0.0,4.0,7.0,5538.0,2025-01,2025-12
SDF,CDG,4.0,0.0,0.0,4228.0,2025-01,2025-12
SDF,CGN,923.0,0.0,0.0,4351.0,2025-01,2025-12
SDF,CUU,3.0,0.0,0.0,1333.0,2025-01,2025-12
SDF,DUB,122.0,0.0,0.0,3760.0,2025-01,2025-12
SDF,DWC,65.0,0.0,0.0,7397.0,2025-01,2025-12
SDF,DXB,64.0,0.0,0.0,7382.0,2025-01,2025-12
SDF,EMA,10.0,0.0,0.0,3966.0,2025-01,2025-12
SDF,GDL,152.0,0.0,0.0,1609.0,2025-01,2025-12
SDF,ICN,2.0,0.0,0.0,6823.0,2025-01,2025-12
SDF,KIN,0.0,0.0,0.0,1499.0,2025-01,2025-12
SDF,LIS,0.0,4.0,7.0,4011.0,2025-01,2025-12
SDF,MBJ,0.0,76.0,93.0,1438.0,2025-01,2025-12
SDF,MTY,254.0,0.0,0.0,1198.0,2025-01,2025-12
SDF,NLU,258.0,0.0,0.0,1501.0,2025-01,2025-12
SDF,NRT,126.0,0.0,0.0,6539.0,2025-01,2025-12
SDF,QRO,2.0,0.0,0.0,1488.0,2025-01,2025-12
SDF,SLW,2.0,0.0,0.0,1244.0,2025-01,2025-12
SDF,SNN,0.0,0.0,0.0,3669.0,2025-01,2025-12
SDF,STN,130.0,0.0,0.0,4052.0,2025-01,2025-12
SDF,YHM,222.0,0.0,0.0,460.0,2025-01,2025-12
SDF,YKF,3.0,18.0,26.0,460.0,2025-01,2025-12
SDF,YMX,302.0,0.0,0.0,793.0,2025-01,2025-12
SDF,YVR,226.0,0.0,0.0,1995.0,2025-01,2025-12
SDF,YWG,131.0,0.0,0.0,990.0,2025-01,2025-12
SDF,YYC,28.0,2.0,5.0,1637.0,2025-01,2025-12
SDF,YYZ,206.0,10.0,22.0,496.0,2025-01,2025-12
SDM,CSL,0.0,4.0,4.0,,2025-01,2025-12
SDM,PBC,0.0,0.0,0.0,1478.0,2025-01,2025-12
SDM,PVR,2.0,6.0,16.0,1094.0,2025-01,2025-12
SDM,SJD,2.0,22.0,30.0,787.0,2025-01,2025-12
SEA,AGU,0.0,80.0,83.0,2098.0,2025-01,2025-12
SEA,AMS,570.0,140398.0,160209.0,4872.0,2025-01,2025-12
SEA,BOD,0.0,2.0,7.0,5144.0,2025-01,2025-12
SEA,BRU,0.0,142.0,146.0,4945.0,2025-01,2025-12
SEA,BZE,59.0,8362.0,10340.0,2822.0,2025-01,2025-12
SEA,CDG,506.0,128970.0,148692.0,5002.0,2025-01,2025-12
SEA,CGQ,0.0,0.0,0.0,4890.0,2025-01,2025-12
SEA,CPH,100.0,22082.0,29276.0,4853.0,2025-01,2025-12
SEA,CTS,0.0,140.0,140.0,4378.0,2025-01,2025-12
SEA,CUN,608.0,97094.0,112394.0,2685.0,2025-01,2025-12
SEA,DNA,0.0,0.0,175.0,5740.0,2025-01,2025-12
SEA,DOH,365.0,115050.0,129953.0,7398.0,2025-01,2025-12
SEA,DUB,274.0,56847.0,75976.0,4526.0,2025-01,2025-12
SEA,DXB,336.0,84654.0,118236.0,7412.0,2025-01,2025-12
SEA,FRA,590.0,125557.0,158882.0,5094.0,2025-01,2025-12
SEA,GDL,454.0,69650.0,84124.0,2142.0,2025-01,2025-12
SEA,GMP,0.0,0.0,7.0,5186.0,2025-01,2025-12
SEA,HEL,82.0,15286.0,22878.0,4768.0,2025-01,2025-12
SEA,HKG,0.0,0.0,0.0,6488.0,2025-01,2025-12
SEA,HND,729.0,161732.0,191822.0,4792.0,2025-01,2025-12
SEA,ICN,1356.0,286266.0,350924.0,5203.0,2025-01,2025-12
SEA,IST,396.0,103276.0,127520.0,6055.0,2025-01,2025-12
SEA,KEF,674.0,102614.0,126066.0,3611.0,2025-01,2025-12
SEA,LBG,0.0,0.0,7.0,5002.0,2025-01,2025-12
SEA,LGW,0.0,165.0,168.0,4811.0,2025-01,2025-12
SEA,LHR,1263.0,265785.0,327368.0,4786.0,2025-01,2025-12
SEA,LIR,24.0,3406.0,3948.0,3323.0,2025-01,2025-12
SEA,LTN,0.0,0.0,7.0,4766.0,2025-01,2025-12
SEA,LUX,29.0,0.0,0.0,5060.0,2025-01,2025-12
SEA,MEX,416.0,58056.0,68510.0,2335.0,2025-01,2025-12
SEA,MNL,147.0,40907.0,54505.0,6652.0,2025-01,2025-12
SEA,MUC,154.0,35497.0,47331.0,5268.0,2025-01,2025-12
SEA,NAS,32.0,3520.0,5686.0,2884.0,2025-01,2025-12
SEA,NCE,0.0,2.0,7.0,5433.0,2025-01,2025-12
SEA,NLU,0.0,0.0,0.0,2318.0,2025-01,2025-12
SEA,NRT,566.0,107690.0,129380.0,4757.0,2025-01,2025-12
SEA,PPT,89.0,10372.0,26166.0,4800.0,2025-01,2025-12
SEA,PVG,359.0,81066.0,100703.0,5709.0,2025-01,2025-12
SEA,PVR,578.0,83111.0,97560.0,2081.0,2025-01,2025-12
SEA,SIN,206.0,48582.0,53572.0,8065.0,2025-01,2025-12
SEA,SJD,808.0,112014.0,136847.0,1817.0,2025-01,2025-12
SEA,SXM,1.0,0.0,0.0,3878.0,2025-01,2025-12
SEA,SZX,0.0,1.0,7.0,6474.0,2025-01,2025-12
SEA,TPE,1646.0,367312.0,463474.0,6063.0,2025-01,2025-12
SEA,TSN,0.0,0.0,0.0,5422.0,2025-01,2025-12
SEA,VCP,0.0,0.0,0.0,6729.0,2025-01,2025-12
SEA,YCD,0.0,6.0,6.0,132.0,2025-01,2025-12
SEA,YEG,562.0,34578.0,42906.0,558.0,2025-01,2025-12
SEA,YLW,586.0,33648.0,44776.0,219.0,2025-01,2025-12
SEA,YUL,158.0,17130.0,21646.0,2278.0,2025-01,2025-12
SEA,YVR,4934.0,293711.0,386417.0,127.0,2025-01,2025-12
SEA,YYC,1238.0,106628.0,129290.0,452.0,2025-01,2025-12
SEA,YYJ,1189.0,66212.0,90364.0,98.0,2025-01,2025-12
SEA,YYR,1.0,251.0,279.0,2669.0,2025-01,2025-12
SEA,YYZ,712.0,87609.0,115048.0,2055.0,2025-01,2025-12
SEA,ZRH,30.0,7006.0,9106.0,5244.0,2025-01,2025-12
SEF,LIN,1.0,5.0,14.0,4921.0,2025-01,2025-12
SFB,ATH,0.0,6.0,8.0,5763.0,2025-01,2025-12
SFB,KEF,1.0,0.0,0.0,3506.0,2025-01,2025-12
SFB,NAS,1.0,5.0,8.0,347.0,2025-01,2025-12
SFB,PUJ,28.0,2622.0,5208.0,1076.0,2025-01,2025-12
SFB,YYZ,0.0,0.0,92.0,1033.0,2025-01,2025-12
SFO,ACA,0.0,83.0,83.0,1992.0,2025-01,2025-12
SFO,ADL,9.0,1584.0,2313.0,8076.0,2025-01,2025-12
SFO,AKL,536.0,121982.0,148915.0,6530.0,2025-01,2025-12
SFO,AMS,538.0,129868.0,159104.0,5459.0,2025-01,2025-12
SFO,ARN,1.0,4.0,16.0,5345.0,2025-01,2025-12
SFO,ATH,2.0,8.0,28.0,6793.0,2025-01,2025-12
SFO,AZI,2.0,4.0,21.0,8145.0,2025-01,2025-12
SFO,BCN,286.0,69586.0,81072.0,5956.0,2025-01,2025-12
SFO,BDA,0.0,0.0,7.0,3235.0,2025-01,2025-12
SFO,BJX,0.0,88.0,90.0,1697.0,2025-01,2025-12
SFO,BLR,142.0,28196.0,43716.0,8692.0,2025-01,2025-12
SFO,BNE,302.0,63761.0,87146.0,7070.0,2025-01,2025-12
SFO,BOM,188.0,37132.0,57412.0,8395.0,2025-01,2025-12
SFO,BQH,1.0,2.0,14.0,5375.0,2025-01,2025-12
SFO,BWE,0.0,1.0,6.0,5609.0,2025-01,2025-12
SFO,BZE,24.0,2434.0,3984.0,2484.0,2025-01,2025-12
SFO,CAN,104.0,33711.0,37724.0,6885.0,2025-01,2025-12
SFO,CBR,0.0,119.0,138.0,7571.0,2025-01,2025-12
SFO,CDG,805.0,191540.0,230308.0,5569.0,2025-01,2025-12
SFO,CGO,0.0,0.0,0.0,6285.0,2025-01,2025-12
SFO,CHC,50.0,9572.0,12188.0,6927.0,2025-01,2025-12
SFO,CHQ,0.0,2.0,7.0,6947.0,2025-01,2025-12
SFO,CIA,0.0,0.0,7.0,6260.0,2025-01,2025-12
SFO,CPH,325.0,71319.0,86667.0,5473.0,2025-01,2025-12
SFO,CSL,0.0,1.0,7.0,,2025-01,2025-12
SFO,CTS,1.0,5.0,14.0,4784.0,2025-01,2025-12
SFO,CUF,0.0,2.0,6.0,5959.0,2025-01,2025-12
SFO,CUN,890.0,137468.0,158964.0,2406.0,2025-01,2025-12
SFO,DEL,406.0,92042.0,117950.0,7694.0,2025-01,2025-12
SFO,DOH,363.0,107947.0,120198.0,8074.0,2025-01,2025-12
SFO,DUB,339.0,77410.0,104728.0,5085.0,2025-01,2025-12
SFO,DXB,336.0,135975.0,173346.0,8091.0,2025-01,2025-12
SFO,EDI,0.0,0.0,0.0,5051.0,2025-01,2025-12
SFO,FAB,2.0,6.0,20.0,5354.0,2025-01,2025-12
SFO,FCO,392.0,89218.0,111142.0,6250.0,2025-01,2025-12
SFO,FDH,0.0,1.0,7.0,5841.0,2025-01,2025-12
SFO,FRA,1168.0,318712.0,379153.0,5685.0,2025-01,2025-12
SFO,FSC,0.0,2.0,7.0,6172.0,2025-01,2025-12
SFO,GDL,200.0,27356.0,32921.0,1643.0,2025-01,2025-12
SFO,GIG,0.0,5.0,7.0,6611.0,2025-01,2025-12
SFO,GMP,3.0,8.0,42.0,5627.0,2025-01,2025-12
SFO,GOH,0.0,4.0,7.0,3346.0,2025-01,2025-12
SFO,GRU,2.0,0.0,7.0,6479.0,2025-01,2025-12
SFO,GVA,1.0,8.0,14.0,5822.0,2025-01,2025-12
SFO,HEL,0.0,1.0,7.0,5421.0,2025-01,2025-12
SFO,HKG,1706.0,451022.0,553856.0,6915.0,2025-01,2025-12
SFO,HMO,0.0,72.0,80.0,879.0,2025-01,2025-12
SFO,HND,1075.0,216089.0,256402.0,5148.0,2025-01,2025-12
SFO,ICN,2038.0,406652.0,494892.0,5645.0,2025-01,2025-12
SFO,IST,573.0,158206.0,189438.0,6689.0,2025-01,2025-12
SFO,JMK,0.0,1.0,7.0,6857.0,2025-01,2025-12
SFO,KEF,3.0,260.0,348.0,4193.0,2025-01,2025-12
SFO,KIX,353.0,79340.0,97348.0,5401.0,2025-01,2025-12
SFO,LBG,4.0,8.0,49.0,5568.0,2025-01,2025-12
SFO,LGG,0.0,0.0,0.0,5567.0,2025-01,2025-12
SFO,LHR,2140.0,515184.0,653190.0,5354.0,2025-01,2025-12
SFO,LIN,2.0,3.0,21.0,5958.0,2025-01,2025-12
SFO,LIR,86.0,10530.0,14286.0,2947.0,2025-01,2025-12
SFO,LIS,213.0,52826.0,63228.0,5668.0,2025-01,2025-12
SFO,LTN,8.0,28.0,112.0,5336.0,2025-01,2025-12
SFO,LTO,15.0,1744.0,2635.0,1030.0,2025-01,2025-12
SFO,MAD,66.0,15647.0,18177.0,5797.0,2025-01,2025-12
SFO,MEL,358.0,71970.0,91878.0,7863.0,2025-01,2025-12
SFO,MEX,1906.0,233964.0,303800.0,1882.0,2025-01,2025-12
SFO,MNL,762.0,234993.0,273435.0,6977.0,2025-01,2025-12
SFO,MTY,553.0,27856.0,41941.0,1537.0,2025-01,2025-12
SFO,MUC,702.0,164620.0,204354.0,5864.0,2025-01,2025-12
SFO,MXP,1.0,2.0,14.0,5932.0,2025-01,2025-12
SFO,MZT,16.0,1850.0,2829.0,1381.0,2025-01,2025-12
SFO,NAN,185.0,38980.0,51216.0,5466.0,2025-01,2025-12
SFO,NAS,2.0,6.0,20.0,2760.0,2025-01,2025-12
SFO,NCE,1.0,4.0,14.0,5996.0,2025-01,2025-12
SFO,NHT,0.0,1.0,7.0,5351.0,2025-01,2025-12
SFO,NLU,0.0,24.0,93.0,1869.0,2025-01,2025-12
SFO,NRT,1435.0,298408.0,362857.0,5112.0,2025-01,2025-12
SFO,OPO,0.0,2.0,7.0,5570.0,2025-01,2025-12
SFO,ORY,176.0,61099.0,71525.0,5578.0,2025-01,2025-12
SFO,OSL,0.0,157.0,164.0,5182.0,2025-01,2025-12
SFO,PBM,0.0,1.0,7.0,4745.0,2025-01,2025-12
SFO,PEG,0.0,3.0,7.0,6183.0,2025-01,2025-12
SFO,PEK,470.0,115961.0,144172.0,5899.0,2025-01,2025-12
SFO,PMI,0.0,2.0,7.0,6070.0,2025-01,2025-12
SFO,PPT,372.0,87362.0,115672.0,4203.0,2025-01,2025-12
SFO,PSA,1.0,3.0,15.0,6089.0,2025-01,2025-12
SFO,PTY,652.0,84194.0,108861.0,3321.0,2025-01,2025-12
SFO,PVG,522.0,147982.0,176881.0,6138.0,2025-01,2025-12
SFO,PVR,1001.0,136074.0,165044.0,1556.0,2025-01,2025-12
SFO,QRO,2.0,190.0,233.0,1773.0,2025-01,2025-12
SFO,RJK,0.0,0.0,7.0,6117.0,2025-01,2025-12
SFO,RUH,0.0,2.0,7.0,8055.0,2025-01,2025-12
SFO,RVN,0.0,1.0,7.0,5044.0,2025-01,2025-12
SFO,SAL,824.0,116841.0,146046.0,2641.0,2025-01,2025-12
SFO,SCL,0.0,0.0,7.0,5922.0,2025-01,2025-12
SFO,SIN,1050.0,243282.0,293982.0,8439.0,2025-01,2025-12
SFO,SJD,1245.0,157590.0,204399.0,1250.0,2025-01,2025-12
SFO,SJO,224.0,29395.0,37124.0,3041.0,2025-01,2025-12
SFO,SNN,2.0,4.0,21.0,5035.0,2025-01,2025-12
SFO,STN,0.0,0.0,7.0,5353.0,2025-01,2025-12
SFO,STR,2.0,10.0,24.0,5777.0,2025-01,2025-12
SFO,SXM,1.0,8.0,14.0,3798.0,2025-01,2025-12
SFO,SYD,556.0,114108.0,154676.0,7425.0,2025-01,2025-12
SFO,TER,16.0,4054.0,4760.0,4907.0,2025-01,2025-12
SFO,TIJ,0.0,79.0,80.0,465.0,2025-01,2025-12
SFO,TLC,2.0,10.0,20.0,1865.0,2025-01,2025-12
SFO,TLL,1.0,3.0,14.0,5475.0,2025-01,2025-12
SFO,TLN,0.0,2.0,7.0,5993.0,2025-01,2025-12
SFO,TLV,0.0,1.0,7.0,7408.0,2025-01,2025-12
SFO,TPE,2710.0,611652.0,816335.0,6457.0,2025-01,2025-12
SFO,TRN,0.0,1.0,7.0,5924.0,2025-01,2025-12
SFO,TSA,2.0,8.0,28.0,6443.0,2025-01,2025-12
SFO,TUF,1.0,10.0,14.0,5595.0,2025-01,2025-12
SFO,VCE,0.0,1.0,7.0,6041.0,2025-01,2025-12
SFO,WUH,104.0,32520.0,37724.0,6466.0,2025-01,2025-12
SFO,YEG,114.0,7852.0,9336.0,1163.0,2025-01,2025-12
SFO,YFB,0.0,135.0,138.0,2836.0,2025-01,2025-12
SFO,YHZ,0.0,26.0,138.0,3031.0,2025-01,2025-12
SFO,YQB,0.0,49.0,84.0,2636.0,2025-01,2025-12
SFO,YUL,702.0,91686.0,112262.0,2533.0,2025-01,2025-12
SFO,YVR,3149.0,392405.0,473634.0,801.0,2025-01,2025-12
SFO,YYC,952.0,126032.0,149227.0,1019.0,2025-01,2025-12
SFO,YYJ,1.0,5.0,10.0,764.0,2025-01,2025-12
SFO,YYT,0.0,143.0,146.0,3486.0,2025-01,2025-12
SFO,YYZ,2184.0,285754.0,341460.0,2254.0,2025-01,2025-12
SFO,YZT,0.0,2.0,4.0,935.0,2025-01,2025-12
SFO,ZAZ,2.0,4.0,26.0,5829.0,2025-01,2025-12
SFO,ZIH,22.0,3288.0,3880.0,1876.0,2025-01,2025-12
SFO,ZRH,534.0,134816.0,163480.0,5826.0,2025-01,2025-12
SGR,CUN,0.0,0.0,4.0,807.0,2025-01,2025-12
SGR,EDI,0.0,0.0,7.0,4632.0,2025-01,2025-12
SGR,YYT,0.0,1.0,4.0,2585.0,2025-01,2025-12
SGU,ZAZ,0.0,0.0,7.0,5532.0,2025-01,2025-12
SHV,HMO,3.0,0.0,0.0,1047.0,2025-01,2025-12
SHV,NCE,0.0,2.0,6.0,5204.0,2025-01,2025-12
SHV,SLW,0.0,0.0,0.0,641.0,2025-01,2025-12
SHV,YYC,0.0,56.0,63.0,1646.0,2025-01,2025-12
SHV,YYZ,0.0,36.0,38.0,1092.0,2025-01,2025-12
SIG,AXA,1.0,2.0,8.0,200.0,2025-01,2025-12
SIG,AZS,1.0,5.0,8.0,244.0,2025-01,2025-12
SIG,EIS,6.0,38.0,48.0,102.0,2025-01,2025-12
SIG,LRM,8.0,22.0,60.0,184.0,2025-01,2025-12
SIG,POP,1.0,5.0,8.0,305.0,2025-01,2025-12
SIG,SBH,8.0,40.0,68.0,217.0,2025-01,2025-12
SIG,SLU,0.0,2.0,4.0,457.0,2025-01,2025-12
SIG,VIJ,1.0,2.0,8.0,109.0,2025-01,2025-12
SJC,AMS,1.0,2.0,14.0,5462.0,2025-01,2025-12
SJC,ATH,0.0,3.0,7.0,6798.0,2025-01,2025-12
SJC,BBQ,1.0,6.0,14.0,3861.0,2025-01,2025-12
SJC,BDA,0.0,0.0,7.0,3215.0,2025-01,2025-12
SJC,BER,0.0,0.0,7.0,5683.0,2025-01,2025-12
SJC,BJX,102.0,12150.0,18686.0,1666.0,2025-01,2025-12
SJC,BRS,4.0,16.0,47.0,5291.0,2025-01,2025-12
SJC,BRU,1.0,4.0,14.0,5528.0,2025-01,2025-12
SJC,BUD,0.0,1.0,7.0,6108.0,2025-01,2025-12
SJC,BWE,1.0,4.0,12.0,5614.0,2025-01,2025-12
SJC,CAN,0.0,2.0,7.0,6915.0,2025-01,2025-12
SJC,CPH,0.0,0.0,7.0,5479.0,2025-01,2025-12
SJC,CSL,2.0,81.0,93.0,,2025-01,2025-12
SJC,DE5,0.0,1.0,6.0,,2025-01,2025-12
SJC,DIA,0.0,0.0,7.0,8090.0,2025-01,2025-12
SJC,DUB,2.0,8.0,35.0,5086.0,2025-01,2025-12
SJC,EDI,2.0,6.0,35.0,5053.0,2025-01,2025-12
SJC,EIS,0.0,2.0,7.0,3679.0,2025-01,2025-12
SJC,FAB,4.0,14.0,57.0,5356.0,2025-01,2025-12
SJC,FRA,0.0,0.0,7.0,5688.0,2025-01,2025-12
SJC,GDL,892.0,137252.0,168696.0,1613.0,2025-01,2025-12
SJC,GMP,2.0,5.0,35.0,5657.0,2025-01,2025-12
SJC,GOX,0.0,0.0,7.0,8627.0,2025-01,2025-12
SJC,GRU,0.0,0.0,7.0,6449.0,2025-01,2025-12
SJC,GVA,0.0,0.0,7.0,5824.0,2025-01,2025-12
SJC,HKG,1.0,4.0,14.0,6945.0,2025-01,2025-12
SJC,HND,4.0,13.0,63.0,5179.0,2025-01,2025-12
SJC,IBZ,0.0,3.0,7.0,6056.0,2025-01,2025-12
SJC,IST,0.0,2.0,7.0,6696.0,2025-01,2025-12
SJC,KIX,0.0,3.0,7.0,5431.0,2025-01,2025-12
SJC,LAP,0.0,53.0,89.0,1145.0,2025-01,2025-12
SJC,LBG,4.0,8.0,48.0,5570.0,2025-01,2025-12
SJC,LTN,8.0,23.0,106.0,5338.0,2025-01,2025-12
SJC,MLM,216.0,30878.0,39372.0,1745.0,2025-01,2025-12
SJC,MST,1.0,3.0,14.0,5564.0,2025-01,2025-12
SJC,MUC,0.0,2.0,7.0,5868.0,2025-01,2025-12
SJC,NAS,0.0,4.0,7.0,2734.0,2025-01,2025-12
SJC,NCE,2.0,5.0,21.0,5997.0,2025-01,2025-12
SJC,NGO,0.0,1.0,7.0,5343.0,2025-01,2025-12
SJC,NRK,0.0,2.0,7.0,5384.0,2025-01,2025-12
SJC,NRT,195.0,39722.0,56274.0,5142.0,2025-01,2025-12
SJC,OLB,0.0,2.0,7.0,6220.0,2025-01,2025-12
SJC,OST,0.0,2.0,7.0,5467.0,2025-01,2025-12
SJC,OXF,0.0,2.0,6.0,5312.0,2025-01,2025-12
SJC,PEK,1.0,2.0,14.0,5929.0,2025-01,2025-12
SJC,PFO,0.0,2.0,7.0,7193.0,2025-01,2025-12
SJC,PVG,2.0,6.0,21.0,6168.0,2025-01,2025-12
SJC,PVR,106.0,14667.0,18273.0,1526.0,2025-01,2025-12
SJC,SJD,284.0,35762.0,49046.0,1220.0,2025-01,2025-12
SJC,SNN,1.0,5.0,13.0,5035.0,2025-01,2025-12
SJC,SOF,1.0,2.0,14.0,6492.0,2025-01,2025-12
SJC,STN,1.0,2.0,14.0,5355.0,2025-01,2025-12
SJC,STR,1.0,2.0,13.0,5780.0,2025-01,2025-12
SJC,SXM,1.0,8.0,14.0,3773.0,2025-01,2025-12
SJC,SZX,0.0,0.0,7.0,6933.0,2025-01,2025-12
SJC,TAO,1.0,4.0,14.0,5983.0,2025-01,2025-12
SJC,TLV,3.0,11.0,42.0,7416.0,2025-01,2025-12
SJC,TPE,0.0,0.0,7.0,6487.0,2025-01,2025-12
SJC,TRD,0.0,2.0,10.0,5007.0,2025-01,2025-12
SJC,TSA,3.0,8.0,42.0,6473.0,2025-01,2025-12
SJC,YEG,0.0,30.0,35.0,1172.0,2025-01,2025-12
SJC,YOW,0.0,0.0,4.0,2427.0,2025-01,2025-12
SJC,YQB,0.0,2.0,6.0,2624.0,2025-01,2025-12
SJC,YVR,4.0,228.0,546.0,820.0,2025-01,2025-12
SJC,YYC,1.0,60.0,70.0,1027.0,2025-01,2025-12
SJC,YYZ,2.0,106.0,130.0,2239.0,2025-01,2025-12
SJC,ZAZ,1.0,1.0,14.0,5827.0,2025-01,2025-12
SJC,ZCL,112.0,12710.0,20476.0,1518.0,2025-01,2025-12
SJC,ZRH,0.0,2.0,7.0,5829.0,2025-01,2025-12
SJT,MTY,0.0,30.0,38.0,386.0,2025-01,2025-12
SJU,ANU,44.0,1895.0,6486.0,291.0,2025-01,2025-12
SJU,AUA,3.0,392.0,462.0,490.0,2025-01,2025-12
SJU,AXA,122.0,632.0,1154.0,194.0,2025-01,2025-12
SJU,AZS,3.0,9.0,24.0,251.0,2025-01,2025-12
SJU,BDA,1.0,132.0,169.0,966.0,2025-01,2025-12
SJU,BER,0.0,2.0,7.0,4778.0,2025-01,2025-12
SJU,BGI,12.0,718.0,2078.0,570.0,2025-01,2025-12
SJU,BOG,613.0,66594.0,91903.0,1097.0,2025-01,2025-12
SJU,BOH,0.0,2.0,6.0,4116.0,2025-01,2025-12
SJU,BRU,22.0,0.0,0.0,4391.0,2025-01,2025-12
SJU,CAG,0.0,5.0,6.0,4634.0,2025-01,2025-12
SJU,CAI,1.0,149.0,381.0,6009.0,2025-01,2025-12
SJU,CCS,29.0,1866.0,8142.0,546.0,2025-01,2025-12
SJU,CIW,1.0,2.0,8.0,503.0,2025-01,2025-12
SJU,CMN,1.0,0.0,0.0,3725.0,2025-01,2025-12
SJU,CNF,1.0,24.0,366.0,3025.0,2025-01,2025-12
SJU,CPT,0.0,113.0,138.0,6626.0,2025-01,2025-12
SJU,CUN,72.0,6469.0,11510.0,1368.0,2025-01,2025-12
SJU,DOM,376.0,4414.0,9189.0,369.0,2025-01,2025-12
SJU,DSS,1.0,117.0,282.0,3242.0,2025-01,2025-12
SJU,EIS,2990.0,26880.0,48592.0,96.0,2025-01,2025-12
SJU,FDF,1.0,2.0,8.0,425.0,2025-01,2025-12
SJU,FOR,8.0,451.0,1597.0,2419.0,2025-01,2025-12
SJU,GEO,5.0,276.0,458.0,976.0,2025-01,2025-12
SJU,GND,0.0,67.0,81.0,526.0,2025-01,2025-12
SJU,GRU,1.0,244.0,258.0,3179.0,2025-01,2025-12
SJU,GYE,1.0,176.0,256.0,1708.0,2025-01,2025-12
SJU,JNB,2.0,384.0,541.0,7025.0,2025-01,2025-12
SJU,LGG,2.0,0.0,0.0,4432.0,2025-01,2025-12
SJU,LIM,0.0,0.0,0.0,2237.0,2025-01,2025-12
SJU,LRM,10.0,40.0,76.0,191.0,2025-01,2025-12
SJU,MAD,438.0,108015.0,119568.0,3964.0,2025-01,2025-12
SJU,MAO,2.0,0.0,175.0,1538.0,2025-01,2025-12
SJU,MDE,755.0,85836.0,117127.0,1059.0,2025-01,2025-12
SJU,MGA,8.0,0.0,0.0,1411.0,2025-01,2025-12
SJU,MTY,0.0,0.0,0.0,2235.0,2025-01,2025-12
SJU,NAS,2.0,78.0,81.0,865.0,2025-01,2025-12
SJU,NBW,2.0,412.0,672.0,609.0,2025-01,2025-12
SJU,NCE,0.0,4.0,6.0,4518.0,2025-01,2025-12
SJU,NEV,22.0,40.0,191.0,240.0,2025-01,2025-12
SJU,NMC,0.0,1.0,4.0,815.0,2025-01,2025-12
SJU,PBM,4.0,0.0,0.0,1156.0,2025-01,2025-12
SJU,PLS,2.0,80.0,96.0,467.0,2025-01,2025-12
SJU,POP,18.0,1447.0,3174.0,312.0,2025-01,2025-12
SJU,POS,122.0,5486.0,11849.0,625.0,2025-01,2025-12
SJU,PRG,0.0,0.0,8.0,4822.0,2025-01,2025-12
SJU,PTP,180.0,0.0,0.0,331.0,2025-01,2025-12
SJU,PTY,900.0,107812.0,127865.0,1106.0,2025-01,2025-12
SJU,PUJ,1510.0,172306.0,265158.0,155.0,2025-01,2025-12
SJU,QRO,0.0,0.0,0.0,2227.0,2025-01,2025-12
SJU,SAL,0.0,0.0,0.0,1569.0,2025-01,2025-12
SJU,SAP,24.0,0.0,0.0,1463.0,2025-01,2025-12
SJU,SBH,3504.0,20602.0,28028.0,211.0,2025-01,2025-12
SJU,SDQ,1428.0,145056.0,227614.0,240.0,2025-01,2025-12
SJU,SJO,68.0,7137.0,12321.0,1350.0,2025-01,2025-12
SJU,SKB,333.0,2218.0,3768.0,230.0,2025-01,2025-12
SJU,SLU,1.0,6.0,8.0,451.0,2025-01,2025-12
SJU,STI,491.0,42970.0,79134.0,308.0,2025-01,2025-12
SJU,SVD,1.0,38.0,85.0,487.0,2025-01,2025-12
SJU,SXM,579.0,8464.0,16322.0,192.0,2025-01,2025-12
SJU,UIO,0.0,0.0,0.0,1533.0,2025-01,2025-12
SJU,UVF,2.0,123.0,270.0,467.0,2025-01,2025-12
SJU,VIJ,726.0,2763.0,6171.0,103.0,2025-01,2025-12
SJU,XPL,4.0,0.0,0.0,1459.0,2025-01,2025-12
SJU,XSC,0.0,2.0,4.0,417.0,2025-01,2025-12
SJU,YUL,36.0,4145.0,5852.0,1920.0,2025-01,2025-12
SJU,YYZ,120.0,9979.0,12409.0,1915.0,2025-01,2025-12
SJU,ZRH,0.0,2.0,6.0,4572.0,2025-01,2025-12
SLC,AMS,462.0,113584.0,130798.0,4976.0,2025-01,2025-12
SLC,AZI,0.0,2.0,7.0,7848.0,2025-01,2025-12
SLC,CDG,345.0,84332.0,96895.0,5067.0,2025-01,2025-12
SLC,CUN,484.0,79084.0,86936.0,2005.0,2025-01,2025-12
SLC,CUU,0.0,78.0,83.0,902.0,2025-01,2025-12
SLC,EZE,2.0,459.0,550.0,6230.0,2025-01,2025-12
SLC,FDH,0.0,2.0,7.0,5354.0,2025-01,2025-12
SLC,FRA,4.0,922.0,1014.0,5204.0,2025-01,2025-12
SLC,GDL,344.0,49175.0,56831.0,1490.0,2025-01,2025-12
SLC,GIG,0.0,1.0,7.0,6219.0,2025-01,2025-12
SLC,ICN,160.0,36736.0,44888.0,5890.0,2025-01,2025-12
SLC,IST,0.0,0.0,174.0,6256.0,2025-01,2025-12
SLC,KEF,0.0,3.0,8.0,3717.0,2025-01,2025-12
SLC,LBG,2.0,6.0,20.0,5065.0,2025-01,2025-12
SLC,LHR,254.0,45932.0,56950.0,4853.0,2025-01,2025-12
SLC,LIM,30.0,5104.0,6474.0,4275.0,2025-01,2025-12
SLC,LIR,0.0,50.0,72.0,2635.0,2025-01,2025-12
SLC,LTN,1.0,2.0,14.0,4838.0,2025-01,2025-12
SLC,MEX,413.0,48858.0,56065.0,1661.0,2025-01,2025-12
SLC,MTY,14.0,1066.0,1479.0,1241.0,2025-01,2025-12
SLC,MUC,0.0,125.0,128.0,5387.0,2025-01,2025-12
SLC,MZT,0.0,81.0,83.0,1262.0,2025-01,2025-12
SLC,PIK,0.0,1.0,6.0,4545.0,2025-01,2025-12
SLC,PMF,0.0,1.0,8.0,5527.0,2025-01,2025-12
SLC,PUJ,1.0,192.0,213.0,2993.0,2025-01,2025-12
SLC,PVR,334.0,51830.0,58744.0,1444.0,2025-01,2025-12
SLC,QRO,0.0,24.0,93.0,1556.0,2025-01,2025-12
SLC,RKE,1.0,1.0,12.0,5017.0,2025-01,2025-12
SLC,SJD,445.0,62410.0,73908.0,1226.0,2025-01,2025-12
SLC,SJO,2.0,179.0,268.0,2720.0,2025-01,2025-12
SLC,TLC,0.0,32.0,93.0,1654.0,2025-01,2025-12
SLC,YEG,60.0,5928.0,8898.0,868.0,2025-01,2025-12
SLC,YOW,1.0,58.0,72.0,1844.0,2025-01,2025-12
SLC,YQL,1.0,60.0,76.0,612.0,2025-01,2025-12
SLC,YUL,3.0,138.0,283.0,1936.0,2025-01,2025-12
SLC,YVR,710.0,43457.0,52811.0,796.0,2025-01,2025-12
SLC,YWG,2.0,76.0,141.0,951.0,2025-01,2025-12
SLC,YYC,726.0,44307.0,53742.0,720.0,2025-01,2025-12
SLC,YYZ,300.0,31184.0,38388.0,1656.0,2025-01,2025-12
SLC,ZRH,0.0,0.0,8.0,5335.0,2025-01,2025-12
SLK,FAB,0.0,2.0,6.0,3295.0,2025-01,2025-12
SLK,LTN,0.0,0.0,7.0,3295.0,2025-01,2025-12
SLN,YYC,0.0,0.0,193.0,1163.0,2025-01,2025-12
SMF,BJX,156.0,20050.0,28908.0,1709.0,2025-01,2025-12
SMF,BWE,0.0,2.0,10.0,5524.0,2025-01,2025-12
SMF,CUN,4.0,572.0,712.0,2390.0,2025-01,2025-12
SMF,GDL,870.0,137898.0,161187.0,1661.0,2025-01,2025-12
SMF,HMO,0.0,74.0,80.0,896.0,2025-01,2025-12
SMF,MEX,152.0,20150.0,32385.0,1892.0,2025-01,2025-12
SMF,MLM,100.0,12346.0,18177.0,1789.0,2025-01,2025-12
SMF,PVR,44.0,6024.0,7038.0,1579.0,2025-01,2025-12
SMF,SIR,0.0,2.0,7.0,5774.0,2025-01,2025-12
SMF,SJD,252.0,31896.0,39686.0,1281.0,2025-01,2025-12
SMF,YEG,0.0,0.0,36.0,1079.0,2025-01,2025-12
SMF,YQB,0.0,2.0,6.0,2562.0,2025-01,2025-12
SMF,YVR,408.0,24036.0,31143.0,730.0,2025-01,2025-12
SMF,YYZ,60.0,6346.0,8056.0,2185.0,2025-01,2025-12
SNA,CTS,0.0,2.0,7.0,5153.0,2025-01,2025-12
SNA,EIS,0.0,4.0,7.0,3433.0,2025-01,2025-12
SNA,FAB,0.0,2.0,7.0,5440.0,2025-01,2025-12
SNA,FAO,1.0,3.0,14.0,5791.0,2025-01,2025-12
SNA,LIR,0.0,4.0,6.0,2592.0,2025-01,2025-12
SNA,PVR,314.0,31090.0,44768.0,1184.0,2025-01,2025-12
SNA,SJD,370.0,41074.0,54682.0,879.0,2025-01,2025-12
SNA,YEG,0.0,22.0,36.0,1373.0,2025-01,2025-12
SNA,YOW,0.0,0.0,4.0,2358.0,2025-01,2025-12
SNA,YVR,350.0,44663.0,58723.0,1106.0,2025-01,2025-12
SNA,YWG,0.0,22.0,36.0,1535.0,2025-01,2025-12
SNA,YYC,252.0,29838.0,35226.0,1221.0,2025-01,2025-12
SNA,YYZ,4.0,12.0,41.0,2154.0,2025-01,2025-12
SPG,MHH,1.0,3.0,8.0,352.0,2025-01,2025-12
SPG,NAS,0.0,3.0,4.0,371.0,2025-01,2025-12
SPI,MXP,0.0,2.0,6.0,4677.0,2025-01,2025-12
SPI,YUL,0.0,0.0,10.0,896.0,2025-01,2025-12
SPN,HKG,62.0,7230.0,8232.0,2136.0,2025-01,2025-12
SPN,ICN,522.0,72168.0,94008.0,1943.0,2025-01,2025-12
SPN,NRT,155.0,17452.0,25730.0,1464.0,2025-01,2025-12
SPN,PUS,9.0,1150.0,1701.0,1733.0,2025-01,2025-12
SPN,TKK,0.0,60.0,83.0,672.0,2025-01,2025-12
SRQ,AGP,0.0,2.0,7.0,4493.0,2025-01,2025-12
SRQ,ANU,0.0,0.0,6.0,1502.0,2025-01,2025-12
SRQ,AUA,0.0,89.0,93.0,1310.0,2025-01,2025-12
SRQ,BDA,0.0,0.0,7.0,1123.0,2025-01,2025-12
SRQ,BJV,0.0,2.0,6.0,6083.0,2025-01,2025-12
SRQ,BQH,0.0,1.0,8.0,4455.0,2025-01,2025-12
SRQ,BSL,1.0,2.0,14.0,4849.0,2025-01,2025-12
SRQ,CTA,1.0,2.0,14.0,5476.0,2025-01,2025-12
SRQ,ELH,2.0,4.0,12.0,387.0,2025-01,2025-12
SRQ,FAB,0.0,4.0,8.0,4422.0,2025-01,2025-12
SRQ,GCM,0.0,0.0,7.0,565.0,2025-01,2025-12
SRQ,GIG,0.0,2.0,7.0,4349.0,2025-01,2025-12
SRQ,GVA,0.0,1.0,8.0,4817.0,2025-01,2025-12
SRQ,JER,0.0,2.0,6.0,4391.0,2025-01,2025-12
SRQ,KLU,0.0,0.0,7.0,5171.0,2025-01,2025-12
SRQ,LTN,1.0,4.0,14.0,4430.0,2025-01,2025-12
SRQ,MHH,0.0,1.0,4.0,342.0,2025-01,2025-12
SRQ,MRS,0.0,2.0,7.0,4839.0,2025-01,2025-12
SRQ,NAS,0.0,2.0,4.0,355.0,2025-01,2025-12
SRQ,NCE,0.0,2.0,7.0,4928.0,2025-01,2025-12
SRQ,OLB,0.0,2.0,8.0,5107.0,2025-01,2025-12
SRQ,PED,0.0,2.0,7.0,5135.0,2025-01,2025-12
SRQ,PIK,0.0,2.0,7.0,4219.0,2025-01,2025-12
SRQ,PRG,2.0,11.0,28.0,5073.0,2025-01,2025-12
SRQ,SID,1.0,80.0,213.0,3852.0,2025-01,2025-12
SRQ,TLN,0.0,0.0,7.0,4891.0,2025-01,2025-12
SRQ,YHM,4.0,14.0,48.0,1100.0,2025-01,2025-12
SRQ,YKF,2.0,6.0,19.0,1117.0,2025-01,2025-12
SRQ,YOW,6.0,12.0,50.0,1295.0,2025-01,2025-12
SRQ,YYT,0.0,0.0,5.0,2126.0,2025-01,2025-12
SRQ,YYZ,102.0,10314.0,14213.0,1137.0,2025-01,2025-12
SSC,NLU,0.0,0.0,0.0,1503.0,2025-01,2025-12
SSI,MAD,1.0,9.0,11.0,4267.0,2025-01,2025-12
SSI,MHH,0.0,2.0,4.0,413.0,2025-01,2025-12
STC,AMS,1.0,3.0,14.0,4149.0,2025-01,2025-12
STC,SXB,0.0,2.0,7.0,4410.0,2025-01,2025-12
STC,VCE,1.0,6.0,14.0,4716.0,2025-01,2025-12
STL,CSL,0.0,4.0,7.0,,2025-01,2025-12
STL,CUN,846.0,124700.0,158791.0,1241.0,2025-01,2025-12
STL,FRA,155.0,34761.0,39549.0,4581.0,2025-01,2025-12
STL,GUA,0.0,72.0,83.0,1670.0,2025-01,2025-12
STL,KEF,0.0,1.0,4.0,3193.0,2025-01,2025-12
STL,KIN,0.0,28.0,93.0,1654.0,2025-01,2025-12
STL,LBG,1.0,4.0,14.0,4384.0,2025-01,2025-12
STL,MBJ,23.0,3250.0,4025.0,1586.0,2025-01,2025-12
STL,MEX,0.0,84.0,90.0,1432.0,2025-01,2025-12
STL,MTY,0.0,83.0,93.0,1060.0,2025-01,2025-12
STL,NCE,0.0,2.0,6.0,4771.0,2025-01,2025-12
STL,OLB,0.0,1.0,8.0,4977.0,2025-01,2025-12
STL,PUJ,171.0,26671.0,38541.0,1919.0,2025-01,2025-12
STL,PVR,11.0,1248.0,1958.0,1530.0,2025-01,2025-12
STL,SJD,32.0,3748.0,4776.0,1567.0,2025-01,2025-12
STL,SXM,0.0,2.0,7.0,2174.0,2025-01,2025-12
STL,YEG,0.0,27.0,73.0,1488.0,2025-01,2025-12
STL,YOW,0.0,24.0,35.0,879.0,2025-01,2025-12
STL,YUL,151.0,11305.0,15333.0,968.0,2025-01,2025-12
STL,YVR,2.0,90.0,372.0,1766.0,2025-01,2025-12
STL,YWG,2.0,158.0,187.0,842.0,2025-01,2025-12
STL,YYC,1.0,86.0,86.0,1427.0,2025-01,2025-12
STL,YYZ,452.0,25995.0,38071.0,653.0,2025-01,2025-12
STT,ANU,0.0,2.0,4.0,225.0,2025-01,2025-12
STT,AXA,414.0,1883.0,3734.0,127.0,2025-01,2025-12
STT,BBQ,1.0,4.0,8.0,215.0,2025-01,2025-12
STT,DOM,28.0,549.0,825.0,310.0,2025-01,2025-12
STT,EIS,682.0,2220.0,5836.0,30.0,2025-01,2025-12
STT,LTN,0.0,4.0,6.0,4151.0,2025-01,2025-12
STT,NEV,384.0,1634.0,3456.0,175.0,2025-01,2025-12
STT,NGD,1.0,2.0,8.0,50.0,2025-01,2025-12
STT,PLS,0.0,2.0,4.0,529.0,2025-01,2025-12
STT,SBH,138.0,303.0,1215.0,143.0,2025-01,2025-12
STT,SKB,216.0,1188.0,1948.0,165.0,2025-01,2025-12
STT,SXM,2.0,2.0,12.0,124.0,2025-01,2025-12
STT,VIJ,10.0,45.0,80.0,37.0,2025-01,2025-12
STT,ZRH,2.0,4.0,26.0,4530.0,2025-01,2025-12
STX,EIS,2.0,3.0,4.0,54.0,2025-01,2025-12
STX,GVA,0.0,2.0,6.0,4437.0,2025-01,2025-12
STX,NAS,0.0,84.0,86.0,959.0,2025-01,2025-12
STX,NEV,100.0,447.0,900.0,150.0,2025-01,2025-12
STX,NGD,1.0,8.0,8.0,77.0,2025-01,2025-12
STX,SBH,2.0,7.0,12.0,130.0,2025-01,2025-12
STX,SFG,0.0,1.0,4.0,119.0,2025-01,2025-12
STX,SMA,0.0,4.0,6.0,2745.0,2025-01,2025-12
STX,SXM,1.0,85.0,92.0,114.0,2025-01,2025-12
STX,VIJ,0.0,1.0,4.0,57.0,2025-01,2025-12
SUA,ASD,0.0,1.0,4.0,228.0,2025-01,2025-12
SUA,BS3,4.0,20.0,36.0,,2025-01,2025-12
SUA,ELH,128.0,624.0,1028.0,249.0,2025-01,2025-12
SUA,EMA,0.0,2.0,6.0,4292.0,2025-01,2025-12
SUA,FPO,2.0,10.0,16.0,103.0,2025-01,2025-12
SUA,GGT,1.0,6.0,8.0,369.0,2025-01,2025-12
SUA,GHB,2.0,4.0,12.0,274.0,2025-01,2025-12
SUA,ICN,0.0,2.0,7.0,7647.0,2025-01,2025-12
SUA,MHH,303.0,1623.0,2424.0,199.0,2025-01,2025-12
SUA,NAS,20.0,66.0,156.0,226.0,2025-01,2025-12
SUA,NMC,1.0,4.0,8.0,277.0,2025-01,2025-12
SUA,NSB,0.0,0.0,4.0,115.0,2025-01,2025-12
SUA,PLS,1.0,4.0,8.0,624.0,2025-01,2025-12
SUA,SLU,0.0,4.0,6.0,1537.0,2025-01,2025-12
SUA,TBI,0.0,2.0,4.0,357.0,2025-01,2025-12
SUA,TCB,6.0,26.0,48.0,177.0,2025-01,2025-12
SUA,YTM,0.0,2.0,5.0,1361.0,2025-01,2025-12
SUA,YUL,1.0,8.0,14.0,1313.0,2025-01,2025-12
SUA,YYZ,3.0,12.0,30.0,1140.0,2025-01,2025-12
SUN,GYE,0.0,6.0,7.0,3808.0,2025-01,2025-12
SUN,HND,0.0,0.0,7.0,5265.0,2025-01,2025-12
SUN,LBG,1.0,1.0,14.0,4991.0,2025-01,2025-12
SUN,ZAZ,0.0,2.0,6.0,5244.0,2025-01,2025-12
SUS,BZE,1.0,16.0,16.0,1466.0,2025-01,2025-12
SUS,SJD,0.0,1.0,7.0,1551.0,2025-01,2025-12
SUS,SXM,0.0,1.0,7.0,2183.0,2025-01,2025-12
SUS,YQR,0.0,4.0,4.0,1063.0,2025-01,2025-12
SUS,YWG,0.0,4.0,4.0,842.0,2025-01,2025-12
SUU,HKG,0.0,0.0,4.0,6906.0,2025-01,2025-12
SUU,ICN,2.0,0.0,4.0,5634.0,2025-01,2025-12
SUU,NLU,0.0,0.0,0.0,1875.0,2025-01,2025-12
SUU,NRT,0.0,0.0,0.0,5108.0,2025-01,2025-12
SWF,AMS,0.0,0.0,138.0,3607.0,2025-01,2025-12
SWF,ATH,0.0,82.0,116.0,4910.0,2025-01,2025-12
SWF,AUA,0.0,89.0,90.0,2019.0,2025-01,2025-12
SWF,BIO,0.0,96.0,175.0,3520.0,2025-01,2025-12
SWF,BRU,0.0,72.0,88.0,3633.0,2025-01,2025-12
SWF,CDG,0.0,101.0,116.0,3604.0,2025-01,2025-12
SWF,FCO,1.0,236.0,254.0,4249.0,2025-01,2025-12
SWF,FRA,5.0,1389.0,1415.0,3821.0,2025-01,2025-12
SWF,KEF,146.0,19625.0,25745.0,2548.0,2025-01,2025-12
SWF,MEL,0.0,2.0,7.0,10364.0,2025-01,2025-12
SWF,MEX,0.0,82.0,83.0,2114.0,2025-01,2025-12
SWF,MUC,0.0,131.0,134.0,4003.0,2025-01,2025-12
SWF,SIR,0.0,4.0,6.0,3886.0,2025-01,2025-12
SWF,SNN,2.0,81.0,114.0,3050.0,2025-01,2025-12
SWF,YYC,0.0,58.0,73.0,1988.0,2025-01,2025-12
SYR,CUN,0.0,92.0,97.0,1647.0,2025-01,2025-12
SYR,DUB,2.0,252.0,284.0,3156.0,2025-01,2025-12
SYR,GVA,0.0,2.0,6.0,3856.0,2025-01,2025-12
SYR,SNN,0.0,34.0,88.0,3064.0,2025-01,2025-12
SYR,YOW,1.0,48.0,63.0,154.0,2025-01,2025-12
SYR,YYZ,2.0,148.0,172.0,181.0,2025-01,2025-12
TCL,YHM,0.0,4.0,4.0,803.0,2025-01,2025-12
TCM,ICN,0.0,0.0,0.0,5211.0,2025-01,2025-12
TCM,SJO,0.0,0.0,0.0,3401.0,2025-01,2025-12
TEB,ABJ,0.0,2.0,7.0,4946.0,2025-01,2025-12
TEB,ABZ,0.0,1.0,7.0,3272.0,2025-01,2025-12
TEB,ADJ,0.0,3.0,7.0,5717.0,2025-01,2025-12
TEB,AGP,2.0,8.0,27.0,3659.0,2025-01,2025-12
TEB,AHO,0.0,6.0,6.0,4135.0,2025-01,2025-12
TEB,ALC,1.0,6.0,14.0,3799.0,2025-01,2025-12
TEB,ALY,0.0,2.0,6.0,,2025-01,2025-12
TEB,AMS,5.0,16.0,67.0,3635.0,2025-01,2025-12
TEB,ANU,0.0,4.0,7.0,1794.0,2025-01,2025-12
TEB,AOI,0.0,1.0,7.0,4255.0,2025-01,2025-12
TEB,ARN,1.0,2.0,14.0,3907.0,2025-01,2025-12
TEB,ATH,6.0,34.0,90.0,4933.0,2025-01,2025-12
TEB,AUA,0.0,4.0,6.0,1974.0,2025-01,2025-12
TEB,AUH,1.0,4.0,14.0,6855.0,2025-01,2025-12
TEB,AVN,0.0,1.0,8.0,3875.0,2025-01,2025-12
TEB,AXA,4.0,15.0,48.0,1695.0,2025-01,2025-12
TEB,AYT,2.0,8.0,20.0,5269.0,2025-01,2025-12
TEB,AZI,1.0,2.0,14.0,6848.0,2025-01,2025-12
TEB,BBQ,0.0,2.0,7.0,1763.0,2025-01,2025-12
TEB,BCN,6.0,35.0,90.0,3828.0,2025-01,2025-12
TEB,BDA,2.0,14.0,27.0,783.0,2025-01,2025-12
TEB,BDS,0.0,2.0,7.0,4563.0,2025-01,2025-12
TEB,BER,2.0,8.0,22.0,3972.0,2025-01,2025-12
TEB,BFS,2.0,7.0,28.0,3157.0,2025-01,2025-12
TEB,BGI,4.0,14.0,55.0,2112.0,2025-01,2025-12
TEB,BGO,0.0,2.0,7.0,3480.0,2025-01,2025-12
TEB,BHX,0.0,2.0,8.0,3372.0,2025-01,2025-12
TEB,BIO,0.0,1.0,7.0,3538.0,2025-01,2025-12
TEB,BIQ,0.0,3.0,7.0,3598.0,2025-01,2025-12
TEB,BLK,0.0,2.0,6.0,3296.0,2025-01,2025-12
TEB,BLQ,2.0,4.0,27.0,4134.0,2025-01,2025-12
TEB,BMA,2.0,6.0,35.0,3917.0,2025-01,2025-12
TEB,BQH,4.0,10.0,54.0,3468.0,2025-01,2025-12
TEB,BRN,1.0,2.0,14.0,3896.0,2025-01,2025-12
TEB,BRQ,0.0,1.0,7.0,4199.0,2025-01,2025-12
TEB,BRS,1.0,2.0,14.0,3354.0,2025-01,2025-12
TEB,BRU,1.0,6.0,14.0,3659.0,2025-01,2025-12
TEB,BTS,1.0,4.0,14.0,4254.0,2025-01,2025-12
TEB,BUD,4.0,24.0,62.0,4362.0,2025-01,2025-12
TEB,CAG,0.0,2.0,6.0,4218.0,2025-01,2025-12
TEB,CFU,1.0,2.0,14.0,4690.0,2025-01,2025-12
TEB,CH1,0.0,0.0,6.0,,2025-01,2025-12
TEB,CIA,10.0,32.0,132.0,4287.0,2025-01,2025-12
TEB,CIW,6.0,22.0,75.0,2092.0,2025-01,2025-12
TEB,CMF,1.0,4.0,14.0,3865.0,2025-01,2025-12
TEB,CMN,0.0,0.0,7.0,3612.0,2025-01,2025-12
TEB,CPH,3.0,4.0,41.0,3845.0,2025-01,2025-12
TEB,CSL,3.0,20.0,36.0,,2025-01,2025-12
TEB,CTA,1.0,4.0,14.0,4559.0,2025-01,2025-12
TEB,CTG,1.0,8.0,13.0,2103.0,2025-01,2025-12
TEB,CUF,0.0,2.0,7.0,3975.0,2025-01,2025-12
TEB,CUN,0.0,1.0,7.0,1561.0,2025-01,2025-12
TEB,CUR,1.0,8.0,14.0,2004.0,2025-01,2025-12
TEB,DEB,0.0,4.0,8.0,4452.0,2025-01,2025-12
TEB,DKR,0.0,0.0,7.0,3821.0,2025-01,2025-12
TEB,DSS,0.0,1.0,7.0,3845.0,2025-01,2025-12
TEB,DUB,6.0,20.0,76.0,3173.0,2025-01,2025-12
TEB,DUS,2.0,4.0,24.0,3741.0,2025-01,2025-12
TEB,DWC,2.0,6.0,28.0,6849.0,2025-01,2025-12
TEB,EDI,0.0,2.0,6.0,3247.0,2025-01,2025-12
TEB,ELH,3.0,13.0,40.0,1073.0,2025-01,2025-12
TEB,EMA,1.0,3.0,14.0,3381.0,2025-01,2025-12
TEB,ERF,0.0,1.0,7.0,3915.0,2025-01,2025-12
TEB,ESB,0.0,0.0,7.0,5210.0,2025-01,2025-12
TEB,EXT,0.0,1.0,7.0,3338.0,2025-01,2025-12
TEB,EZE,1.0,6.0,14.0,5321.0,2025-01,2025-12
TEB,FAB,26.0,74.0,364.0,3436.0,2025-01,2025-12
TEB,FAO,1.0,2.0,14.0,3476.0,2025-01,2025-12
TEB,FEZ,0.0,4.0,7.0,3724.0,2025-01,2025-12
TEB,FKB,1.0,2.0,14.0,3865.0,2025-01,2025-12
TEB,FLR,2.0,6.0,35.0,4155.0,2025-01,2025-12
TEB,FNA,1.0,8.0,13.0,4317.0,2025-01,2025-12
TEB,FRA,2.0,5.0,28.0,3848.0,2025-01,2025-12
TEB,GCM,2.0,6.0,34.0,1551.0,2025-01,2025-12
TEB,GDL,0.0,1.0,7.0,2216.0,2025-01,2025-12
TEB,GEO,1.0,4.0,13.0,2566.0,2025-01,2025-12
TEB,GIG,1.0,2.0,14.0,4823.0,2025-01,2025-12
TEB,GLA,2.0,5.0,19.0,3208.0,2025-01,2025-12
TEB,GMP,1.0,3.0,14.0,6861.0,2025-01,2025-12
TEB,GNB,0.0,0.0,8.0,3850.0,2025-01,2025-12
TEB,GOA,1.0,8.0,14.0,4033.0,2025-01,2025-12
TEB,GOT,1.0,1.0,13.0,3776.0,2025-01,2025-12
TEB,GRQ,0.0,2.0,5.0,3686.0,2025-01,2025-12
TEB,GRS,4.0,8.0,49.0,4186.0,2025-01,2025-12
TEB,GRU,2.0,8.0,28.0,4782.0,2025-01,2025-12
TEB,GVA,10.0,28.0,140.0,3857.0,2025-01,2025-12
TEB,HAM,2.0,4.0,28.0,3802.0,2025-01,2025-12
TEB,HEL,0.0,0.0,6.0,4102.0,2025-01,2025-12
TEB,HKG,2.0,18.0,35.0,8043.0,2025-01,2025-12
TEB,HND,1.0,2.0,14.0,6738.0,2025-01,2025-12
TEB,IBZ,3.0,12.0,43.0,3872.0,2025-01,2025-12
TEB,ISL,2.0,6.0,23.0,5006.0,2025-01,2025-12
TEB,IST,0.0,3.0,7.0,4989.0,2025-01,2025-12
TEB,JHF,4.0,10.0,49.0,4765.0,2025-01,2025-12
TEB,JMK,0.0,0.0,6.0,5015.0,2025-01,2025-12
TEB,KEF,4.0,13.0,47.0,2583.0,2025-01,2025-12
TEB,KER,0.0,1.0,4.0,6611.0,2025-01,2025-12
TEB,KRK,0.0,0.0,7.0,4286.0,2025-01,2025-12
TEB,KWI,1.0,6.0,14.0,6340.0,2025-01,2025-12
TEB,KYA,0.0,0.0,7.0,5292.0,2025-01,2025-12
TEB,LBA,2.0,4.0,21.0,3348.0,2025-01,2025-12
TEB,LBG,57.0,176.0,806.0,3625.0,2025-01,2025-12
TEB,LCA,1.0,7.0,14.0,5480.0,2025-01,2025-12
TEB,LCY,0.0,2.0,6.0,3465.0,2025-01,2025-12
TEB,LDY,0.0,4.0,6.0,3115.0,2025-01,2025-12
TEB,LGG,2.0,8.0,21.0,3705.0,2025-01,2025-12
TEB,LHR,0.0,2.0,7.0,3445.0,2025-01,2025-12
TEB,LIN,17.0,65.0,237.0,4018.0,2025-01,2025-12
TEB,LIR,1.0,5.0,14.0,2205.0,2025-01,2025-12
TEB,LIS,2.0,5.0,21.0,3367.0,2025-01,2025-12
TEB,LJU,0.0,0.0,7.0,4210.0,2025-01,2025-12
TEB,LOS,2.0,2.0,21.0,5263.0,2025-01,2025-12
TEB,LPA,0.0,2.0,7.0,3397.0,2025-01,2025-12
TEB,LPL,2.0,9.0,21.0,3311.0,2025-01,2025-12
TEB,LRM,0.0,1.0,7.0,1577.0,2025-01,2025-12
TEB,LTN,60.0,180.0,820.0,3440.0,2025-01,2025-12
TEB,LUG,0.0,0.0,7.0,3984.0,2025-01,2025-12
TEB,LUX,0.0,1.0,6.0,3764.0,2025-01,2025-12
TEB,LYS,2.0,7.0,21.0,3828.0,2025-01,2025-12
TEB,LYX,2.0,2.0,20.0,3514.0,2025-01,2025-12
TEB,MAD,9.0,20.0,118.0,3587.0,2025-01,2025-12
TEB,MAH,0.0,0.0,6.0,3973.0,2025-01,2025-12
TEB,MAN,3.0,12.0,38.0,3334.0,2025-01,2025-12
TEB,MGA,0.0,4.0,5.0,2115.0,2025-01,2025-12
TEB,MHH,2.0,10.0,21.0,1006.0,2025-01,2025-12
TEB,MLA,4.0,12.0,54.0,4596.0,2025-01,2025-12
TEB,MME,0.0,0.0,7.0,3346.0,2025-01,2025-12
TEB,MRS,2.0,6.0,28.0,3904.0,2025-01,2025-12
TEB,MTY,1.0,1.0,16.0,1818.0,2025-01,2025-12
TEB,MUC,2.0,5.0,32.0,4030.0,2025-01,2025-12
TEB,MXP,6.0,18.0,90.0,3989.0,2025-01,2025-12
TEB,NAP,1.0,2.0,15.0,4395.0,2025-01,2025-12
TEB,NAS,6.0,40.0,90.0,1110.0,2025-01,2025-12
TEB,NCE,37.0,146.0,522.0,3986.0,2025-01,2025-12
TEB,NHT,4.0,18.0,63.0,3445.0,2025-01,2025-12
TEB,NUE,1.0,6.0,14.0,3965.0,2025-01,2025-12
TEB,OBF,1.0,6.0,10.0,4018.0,2025-01,2025-12
TEB,OLB,6.0,26.0,84.0,4181.0,2025-01,2025-12
TEB,OSL,2.0,14.0,34.0,3675.0,2025-01,2025-12
TEB,OXF,6.0,14.0,82.0,3402.0,2025-01,2025-12
TEB,OZZ,0.0,2.0,7.0,3729.0,2025-01,2025-12
TEB,PDL,0.0,2.0,7.0,2562.0,2025-01,2025-12
TEB,PDP,2.0,12.0,28.0,5368.0,2025-01,2025-12
TEB,PEG,2.0,3.0,19.0,4237.0,2025-01,2025-12
TEB,PIK,0.0,4.0,7.0,3208.0,2025-01,2025-12
TEB,PLS,6.0,40.0,64.0,1322.0,2025-01,2025-12
TEB,PMI,1.0,2.0,12.0,3914.0,2025-01,2025-12
TEB,PNR,0.0,5.0,7.0,6225.0,2025-01,2025-12
TEB,POA,2.0,8.0,35.0,5109.0,2025-01,2025-12
TEB,POZ,1.0,4.0,15.0,4094.0,2025-01,2025-12
TEB,PRG,4.0,28.0,63.0,4072.0,2025-01,2025-12
TEB,PSA,3.0,6.0,41.0,4124.0,2025-01,2025-12
TEB,PUJ,1.0,4.0,11.0,1576.0,2025-01,2025-12
TEB,PVR,2.0,11.0,21.0,2297.0,2025-01,2025-12
TEB,QSR,2.0,7.0,20.0,4432.0,2025-01,2025-12
TEB,RAK,3.0,16.0,42.0,3648.0,2025-01,2025-12
TEB,RKV,1.0,4.0,14.0,2605.0,2025-01,2025-12
TEB,RMO,0.0,2.0,8.0,4754.0,2025-01,2025-12
TEB,RTM,2.0,2.0,21.0,3631.0,2025-01,2025-12
TEB,RVN,0.0,4.0,4.0,3920.0,2025-01,2025-12
TEB,RZE,0.0,2.0,8.0,4369.0,2025-01,2025-12
TEB,SCL,1.0,2.0,14.0,5134.0,2025-01,2025-12
TEB,SCQ,2.0,14.0,26.0,3292.0,2025-01,2025-12
TEB,SEN,0.0,1.0,6.0,3490.0,2025-01,2025-12
TEB,SIR,0.0,0.0,6.0,3910.0,2025-01,2025-12
TEB,SJD,2.0,11.0,34.0,2397.0,2025-01,2025-12
TEB,SJJ,0.0,2.0,8.0,4458.0,2025-01,2025-12
TEB,SKG,0.0,4.0,7.0,4784.0,2025-01,2025-12
TEB,SMV,2.0,12.0,31.0,4009.0,2025-01,2025-12
TEB,SNN,4.0,20.0,58.0,3076.0,2025-01,2025-12
TEB,SOF,0.0,0.0,7.0,4713.0,2025-01,2025-12
TEB,SSH,0.0,6.0,8.0,5840.0,2025-01,2025-12
TEB,STN,8.0,26.0,100.0,3464.0,2025-01,2025-12
TEB,STR,2.0,8.0,32.0,3914.0,2025-01,2025-12
TEB,SVQ,0.0,0.0,7.0,3567.0,2025-01,2025-12
TEB,SXB,1.0,3.0,14.0,3853.0,2025-01,2025-12
TEB,SXF,1.0,4.0,14.0,,2025-01,2025-12
TEB,SXM,7.0,36.0,100.0,1705.0,2025-01,2025-12
TEB,SZG,0.0,0.0,8.0,4097.0,2025-01,2025-12
TEB,SZX,0.0,0.0,7.0,8021.0,2025-01,2025-12
TEB,TBS,0.0,1.0,7.0,5579.0,2025-01,2025-12
TEB,TIA,0.0,2.0,7.0,4610.0,2025-01,2025-12
TEB,TIV,0.0,0.0,6.0,4529.0,2025-01,2025-12
TEB,TLC,4.0,21.0,50.0,2114.0,2025-01,2025-12
TEB,TLN,2.0,2.0,21.0,3956.0,2025-01,2025-12
TEB,TLS,0.0,3.0,8.0,3725.0,2025-01,2025-12
TEB,TLV,4.0,16.0,58.0,5669.0,2025-01,2025-12
TEB,TRD,0.0,3.0,10.0,3598.0,2025-01,2025-12
TEB,TRF,1.0,4.0,12.0,3670.0,2025-01,2025-12
TEB,TRN,0.0,1.0,7.0,3956.0,2025-01,2025-12
TEB,TRS,0.0,3.0,7.0,4183.0,2025-01,2025-12
TEB,TSA,0.0,1.0,7.0,7773.0,2025-01,2025-12
TEB,VBS,1.0,2.0,14.0,4064.0,2025-01,2025-12
TEB,VCE,1.0,4.0,14.0,4147.0,2025-01,2025-12
TEB,VIE,2.0,6.0,21.0,4230.0,2025-01,2025-12
TEB,VIP,0.0,2.0,6.0,3874.0,2025-01,2025-12
TEB,VLC,2.0,8.0,21.0,3764.0,2025-01,2025-12
TEB,VRN,1.0,8.0,15.0,4088.0,2025-01,2025-12
TEB,WAW,0.0,1.0,7.0,4255.0,2025-01,2025-12
TEB,YAM,1.0,4.0,9.0,650.0,2025-01,2025-12
TEB,YBG,1.0,2.0,12.0,538.0,2025-01,2025-12
TEB,YFC,0.0,0.0,4.0,513.0,2025-01,2025-12
TEB,YHM,10.0,34.0,98.0,341.0,2025-01,2025-12
TEB,YHU,0.0,0.0,6.0,324.0,2025-01,2025-12
TEB,YKF,2.0,8.0,16.0,370.0,2025-01,2025-12
TEB,YLW,0.0,3.0,8.0,2249.0,2025-01,2025-12
TEB,YML,0.0,3.0,5.0,503.0,2025-01,2025-12
TEB,YOW,8.0,26.0,80.0,319.0,2025-01,2025-12
TEB,YPD,0.0,0.0,4.0,421.0,2025-01,2025-12
TEB,YQA,0.0,1.0,4.0,389.0,2025-01,2025-12
TEB,YQB,1.0,3.0,10.0,431.0,2025-01,2025-12
TEB,YQT,0.0,0.0,6.0,910.0,2025-01,2025-12
TEB,YRQ,1.0,8.0,16.0,386.0,2025-01,2025-12
TEB,YTM,0.0,1.0,5.0,386.0,2025-01,2025-12
TEB,YTZ,10.0,25.0,82.0,334.0,2025-01,2025-12
TEB,YUL,10.0,34.0,124.0,319.0,2025-01,2025-12
TEB,YVR,1.0,2.0,14.0,2422.0,2025-01,2025-12
TEB,YWG,0.0,0.0,6.0,1280.0,2025-01,2025-12
TEB,YXU,0.0,2.0,4.0,394.0,2025-01,2025-12
TEB,YYG,0.0,0.0,4.0,663.0,2025-01,2025-12
TEB,YYJ,0.0,0.0,7.0,2437.0,2025-01,2025-12
TEB,YYR,2.0,2.0,6.0,1070.0,2025-01,2025-12
TEB,YYT,0.0,1.0,4.0,1149.0,2025-01,2025-12
TEB,YYZ,148.0,495.0,1456.0,345.0,2025-01,2025-12
TEB,ZLO,1.0,14.0,14.0,2341.0,2025-01,2025-12
TEB,ZRH,18.0,51.0,241.0,3924.0,2025-01,2025-12
TIK,BOG,0.0,0.0,0.0,2588.0,2025-01,2025-12
TIW,YQX,0.0,2.0,6.0,3032.0,2025-01,2025-12
TIW,YWH,0.0,1.0,3.0,88.0,2025-01,2025-12
TIW,YYT,0.0,3.0,6.0,3147.0,2025-01,2025-12
TIW,ZMT,0.0,1.0,3.0,626.0,2025-01,2025-12
TKI,MXP,2.0,4.0,21.0,5081.0,2025-01,2025-12
TLH,BOG,0.0,96.0,100.0,1896.0,2025-01,2025-12
TLH,GUA,0.0,86.0,100.0,1161.0,2025-01,2025-12
TLH,NAS,0.0,88.0,90.0,561.0,2025-01,2025-12
TMB,BS3,2.0,9.0,16.0,,2025-01,2025-12
TMB,CCZ,2.0,6.0,16.0,160.0,2025-01,2025-12
TMB,CUN,1.0,3.0,14.0,518.0,2025-01,2025-12
TMB,CXY,32.0,44.0,266.0,72.0,2025-01,2025-12
TMB,GGT,0.0,3.0,4.0,320.0,2025-01,2025-12
TMB,HBI,0.0,2.0,4.0,,2025-01,2025-12
TMB,JBQ,2.0,2.0,12.0,828.0,2025-01,2025-12
TMB,KLU,0.0,0.0,7.0,5164.0,2025-01,2025-12
TMB,MAD,2.0,9.0,20.0,4428.0,2025-01,2025-12
TMB,MHH,2.0,8.0,16.0,216.0,2025-01,2025-12
TMB,NAP,0.0,2.0,7.0,5311.0,2025-01,2025-12
TMB,NAS,4.0,10.0,31.0,190.0,2025-01,2025-12
TMB,NMC,5.0,12.0,40.0,237.0,2025-01,2025-12
TMB,NSB,1.0,0.0,8.0,74.0,2025-01,2025-12
TMB,PMI,0.0,2.0,6.0,4768.0,2025-01,2025-12
TMB,PMO,0.0,2.0,7.0,5324.0,2025-01,2025-12
TMB,SAQ,1.0,8.0,8.0,154.0,2025-01,2025-12
TMB,YYT,0.0,0.0,7.0,2137.0,2025-01,2025-12
TN8,YYZ,0.0,4.0,6.0,,2025-01,2025-12
TNT,CCS,0.0,126.0,126.0,1392.0,2025-01,2025-12
TOL,MID,0.0,0.0,0.0,1467.0,2025-01,2025-12
TOL,MLA,0.0,1.0,7.0,5007.0,2025-01,2025-12
TOL,NLU,0.0,1.0,7.0,1753.0,2025-01,2025-12
TOL,SLW,0.0,0.0,0.0,1478.0,2025-01,2025-12
TOL,SZX,0.0,1.0,7.0,7858.0,2025-01,2025-12
TOL,YHM,0.0,0.0,0.0,226.0,2025-01,2025-12
TOL,YUL,1.0,0.0,93.0,571.0,2025-01,2025-12
TOL,YYZ,3.0,5.0,12.0,257.0,2025-01,2025-12
TPA,ACA,0.0,78.0,83.0,1343.0,2025-01,2025-12
TPA,AMS,240.0,53807.0,67802.0,4604.0,2025-01,2025-12
TPA,AUA,2.0,294.0,302.0,1340.0,2025-01,2025-12
TPA,BCN,0.0,1.0,7.0,4710.0,2025-01,2025-12
TPA,BOG,184.0,25311.0,32603.0,1700.0,2025-01,2025-12
TPA,BRU,0.0,0.0,0.0,4619.0,2025-01,2025-12
TPA,BUD,1.0,2.0,14.0,5327.0,2025-01,2025-12
TPA,CAP,0.0,42.0,80.0,866.0,2025-01,2025-12
TPA,CAT,0.0,3.0,7.0,4178.0,2025-01,2025-12
TPA,CDG,0.0,122.0,162.0,4573.0,2025-01,2025-12
TPA,CLO,0.0,86.0,88.0,1736.0,2025-01,2025-12
TPA,CUN,414.0,50052.0,68367.0,551.0,2025-01,2025-12
TPA,DUB,2.0,66.0,146.0,4138.0,2025-01,2025-12
TPA,EDI,0.0,3.0,7.0,4229.0,2025-01,2025-12
TPA,EZE,0.0,0.0,122.0,4613.0,2025-01,2025-12
TPA,FAB,0.0,2.0,6.0,4392.0,2025-01,2025-12
TPA,FRA,324.0,78384.0,90200.0,4808.0,2025-01,2025-12
TPA,GCM,258.0,22304.0,41200.0,605.0,2025-01,2025-12
TPA,GIG,0.0,4.0,7.0,4378.0,2025-01,2025-12
TPA,GUA,1.0,68.0,86.0,1058.0,2025-01,2025-12
TPA,HAV,752.0,61826.0,128998.0,345.0,2025-01,2025-12
TPA,HOG,78.0,5472.0,12367.0,632.0,2025-01,2025-12
TPA,IBZ,2.0,4.0,21.0,4729.0,2025-01,2025-12
TPA,KIN,2.0,163.0,265.0,784.0,2025-01,2025-12
TPA,LBG,0.0,4.0,7.0,4569.0,2025-01,2025-12
TPA,LCA,2.0,91.0,324.0,6421.0,2025-01,2025-12
TPA,LGW,310.0,71193.0,102039.0,4419.0,2025-01,2025-12
TPA,LHR,358.0,70184.0,95098.0,4402.0,2025-01,2025-12
TPA,LIR,0.0,81.0,90.0,1217.0,2025-01,2025-12
TPA,LIS,2.0,188.0,572.0,4189.0,2025-01,2025-12
TPA,LRM,0.0,62.0,64.0,1085.0,2025-01,2025-12
TPA,LTN,1.0,4.0,15.0,4400.0,2025-01,2025-12
TPA,MAH,0.0,3.0,7.0,4849.0,2025-01,2025-12
TPA,MAN,0.0,191.0,198.0,4301.0,2025-01,2025-12
TPA,MBJ,2.0,404.0,435.0,717.0,2025-01,2025-12
TPA,MEX,358.0,46537.0,59434.0,1199.0,2025-01,2025-12
TPA,MHH,6.0,52.0,90.0,350.0,2025-01,2025-12
TPA,MUC,0.0,48.0,142.0,4986.0,2025-01,2025-12
TPA,MXP,2.0,4.0,22.0,4922.0,2025-01,2025-12
TPA,NAP,0.0,2.0,7.0,5309.0,2025-01,2025-12
TPA,NAS,68.0,2170.0,3234.0,373.0,2025-01,2025-12
TPA,NCE,1.0,3.0,14.0,4901.0,2025-01,2025-12
TPA,NRT,0.0,5.0,7.0,7221.0,2025-01,2025-12
TPA,OER,0.0,2.0,7.0,4843.0,2025-01,2025-12
TPA,ORK,0.0,0.0,7.0,4059.0,2025-01,2025-12
TPA,PGF,0.0,4.0,7.0,4717.0,2025-01,2025-12
TPA,PLS,2.0,190.0,232.0,773.0,2025-01,2025-12
TPA,PTY,478.0,69662.0,78620.0,1322.0,2025-01,2025-12
TPA,PUJ,65.0,7318.0,11867.0,1108.0,2025-01,2025-12
TPA,RTB,0.0,72.0,80.0,845.0,2025-01,2025-12
TPA,SAL,1.0,152.0,180.0,1088.0,2025-01,2025-12
TPA,SCL,0.0,97.0,122.0,4310.0,2025-01,2025-12
TPA,SCQ,0.0,3.0,7.0,4162.0,2025-01,2025-12
TPA,SDQ,46.0,6149.0,8811.0,1049.0,2025-01,2025-12
TPA,SJO,3.0,334.0,468.0,1247.0,2025-01,2025-12
TPA,SNN,0.0,80.0,190.0,4034.0,2025-01,2025-12
TPA,SNU,147.0,9918.0,22766.0,412.0,2025-01,2025-12
TPA,TAS,0.0,2.0,7.0,7325.0,2025-01,2025-12
TPA,TLN,0.0,2.0,7.0,4865.0,2025-01,2025-12
TPA,VIE,0.0,2.0,7.0,5194.0,2025-01,2025-12
TPA,WAW,1.0,2.0,14.0,5243.0,2025-01,2025-12
TPA,XPL,0.0,26.0,34.0,994.0,2025-01,2025-12
TPA,YAM,1.0,4.0,12.0,1283.0,2025-01,2025-12
TPA,YEG,0.0,60.0,121.0,2355.0,2025-01,2025-12
TPA,YHM,1.0,2.0,8.0,1060.0,2025-01,2025-12
TPA,YHU,0.0,20.0,35.0,1311.0,2025-01,2025-12
TPA,YHZ,90.0,8465.0,12058.0,1568.0,2025-01,2025-12
TPA,YKF,0.0,2.0,4.0,1077.0,2025-01,2025-12
TPA,YOD,1.0,126.0,242.0,2297.0,2025-01,2025-12
TPA,YOW,98.0,9634.0,12937.0,1256.0,2025-01,2025-12
TPA,YQY,0.0,2.0,7.0,1753.0,2025-01,2025-12
TPA,YUL,421.0,46804.0,60836.0,1301.0,2025-01,2025-12
TPA,YVR,61.0,5536.0,10182.0,2594.0,2025-01,2025-12
TPA,YYC,50.0,6848.0,8356.0,2285.0,2025-01,2025-12
TPA,YYT,14.0,1836.0,2496.0,2095.0,2025-01,2025-12
TPA,YYZ,1148.0,147333.0,180146.0,1097.0,2025-01,2025-12
TPA,ZRH,141.0,34628.0,44974.0,4869.0,2025-01,2025-12
TRI,CIA,0.0,1.0,6.0,4828.0,2025-01,2025-12
TRI,NOC,0.0,1.0,6.0,3600.0,2025-01,2025-12
TRI,YYZ,2.0,6.0,111.0,519.0,2025-01,2025-12
TTN,AMS,0.0,0.0,7.0,3691.0,2025-01,2025-12
TTN,BDS,0.0,3.0,6.0,4618.0,2025-01,2025-12
TTN,CTA,0.0,2.0,6.0,4613.0,2025-01,2025-12
TTN,DUB,1.0,2.0,12.0,3229.0,2025-01,2025-12
TTN,GRS,0.0,2.0,7.0,4241.0,2025-01,2025-12
TTN,INN,0.0,4.0,7.0,4102.0,2025-01,2025-12
TTN,KLX,2.0,5.0,21.0,4941.0,2025-01,2025-12
TTN,LIS,0.0,4.0,8.0,3418.0,2025-01,2025-12
TTN,LTN,2.0,4.0,21.0,3495.0,2025-01,2025-12
TTN,NAS,0.0,2.0,7.0,1064.0,2025-01,2025-12
TTN,NHT,0.0,1.0,6.0,3500.0,2025-01,2025-12
TTN,OLB,0.0,2.0,7.0,4235.0,2025-01,2025-12
TTN,SJO,1.0,4.0,14.0,2170.0,2025-01,2025-12
TTN,YYZ,0.0,4.0,4.0,341.0,2025-01,2025-12
TUL,BIA,0.0,1.0,7.0,5252.0,2025-01,2025-12
TUL,BIO,0.0,3.0,7.0,4699.0,2025-01,2025-12
TUL,FAB,0.0,2.0,6.0,4521.0,2025-01,2025-12
TUL,GRS,0.0,1.0,7.0,5307.0,2025-01,2025-12
TUL,LHR,0.0,64.0,152.0,4527.0,2025-01,2025-12
TUL,LIN,1.0,2.0,14.0,5125.0,2025-01,2025-12
TUL,MBJ,0.0,51.0,86.0,1641.0,2025-01,2025-12
TUL,MXP,0.0,1.0,7.0,5096.0,2025-01,2025-12
TUL,NAS,0.0,86.0,86.0,1335.0,2025-01,2025-12
TUL,YHM,0.0,0.0,136.0,973.0,2025-01,2025-12
TUL,YUL,0.0,54.0,75.0,1317.0,2025-01,2025-12
TUL,YYZ,0.0,2.0,6.0,1002.0,2025-01,2025-12
TUS,BJX,0.0,0.0,0.0,964.0,2025-01,2025-12
TUS,CSL,1.0,6.0,8.0,,2025-01,2025-12
TUS,CUN,1.0,192.0,196.0,1667.0,2025-01,2025-12
TUS,FAB,0.0,0.0,7.0,5291.0,2025-01,2025-12
TUS,FKB,1.0,1.0,14.0,5706.0,2025-01,2025-12
TUS,GDL,2.0,0.0,76.0,929.0,2025-01,2025-12
TUS,GUA,2.0,290.0,338.0,1766.0,2025-01,2025-12
TUS,GVA,0.0,0.0,6.0,5752.0,2025-01,2025-12
TUS,HMO,0.0,0.0,0.0,209.0,2025-01,2025-12
TUS,LAP,0.0,0.0,7.0,557.0,2025-01,2025-12
TUS,MTY,0.0,22.0,35.0,787.0,2025-01,2025-12
TUS,MZT,0.0,0.0,38.0,681.0,2025-01,2025-12
TUS,NLU,0.0,0.0,0.0,1129.0,2025-01,2025-12
TUS,NTR,0.0,2.0,5.0,777.0,2025-01,2025-12
TUS,OSL,1.0,0.0,0.0,5267.0,2025-01,2025-12
TUS,PUJ,0.0,0.0,0.0,2798.0,2025-01,2025-12
TUS,PVR,0.0,84.0,89.0,864.0,2025-01,2025-12
TUS,QRO,1.0,0.0,0.0,1035.0,2025-01,2025-12
TUS,RZE,1.0,0.0,0.0,6069.0,2025-01,2025-12
TUS,SJD,2.0,90.0,102.0,624.0,2025-01,2025-12
TUS,SLW,0.0,0.0,0.0,757.0,2025-01,2025-12
TUS,YHM,1.0,0.0,0.0,1847.0,2025-01,2025-12
TUS,YMX,0.0,0.0,32.0,2169.0,2025-01,2025-12
TUS,YYZ,0.0,0.0,6.0,1870.0,2025-01,2025-12
TVC,IQT,1.0,2.0,14.0,3438.0,2025-01,2025-12
TWF,RKE,0.0,2.0,6.0,4977.0,2025-01,2025-12
TXK,YYZ,0.0,34.0,38.0,1046.0,2025-01,2025-12
TYR,YYZ,0.0,38.0,38.0,1158.0,2025-01,2025-12
TYS,YYZ,2.0,51.0,175.0,591.0,2025-01,2025-12
UGN,PLS,1.0,4.0,14.0,1688.0,2025-01,2025-12
UGN,VCE,0.0,1.0,7.0,4635.0,2025-01,2025-12
UGN,YVR,0.0,2.0,4.0,1747.0,2025-01,2025-12
UNU,YYZ,0.0,1.0,3.0,454.0,2025-01,2025-12
USA,CSL,0.0,21.0,34.0,,2025-01,2025-12
USA,LIR,0.0,0.0,94.0,1740.0,2025-01,2025-12
USA,NAS,1.0,0.0,189.0,741.0,2025-01,2025-12
USA,SDQ,0.0,0.0,94.0,1353.0,2025-01,2025-12
UST,ELH,1.0,4.0,8.0,421.0,2025-01,2025-12
UST,LBA,0.0,1.0,7.0,4169.0,2025-01,2025-12
UST,MHH,2.0,10.0,16.0,352.0,2025-01,2025-12
UST,NAS,2.0,7.0,12.0,415.0,2025-01,2025-12
UST,TCB,0.0,4.0,4.0,327.0,2025-01,2025-12
VCV,GRU,1.0,0.0,0.0,6135.0,2025-01,2025-12
VCV,TAP,1.0,108.0,130.0,2071.0,2025-01,2025-12
VCV,VSA,0.0,70.0,96.0,1896.0,2025-01,2025-12
VJI,YYZ,0.0,1.0,15.0,499.0,2025-01,2025-12
VNC,YKF,1.0,3.0,8.0,1138.0,2025-01,2025-12
VNY,AKL,0.0,3.0,7.0,6526.0,2025-01,2025-12
VNY,ARN,0.0,2.0,8.0,5492.0,2025-01,2025-12
VNY,BGY,0.0,2.0,6.0,6041.0,2025-01,2025-12
VNY,BMA,1.0,10.0,14.0,5509.0,2025-01,2025-12
VNY,BYF,0.0,2.0,8.0,5602.0,2025-01,2025-12
VNY,CPH,0.0,3.0,6.0,5595.0,2025-01,2025-12
VNY,CSL,4.0,32.0,54.0,,2025-01,2025-12
VNY,CUN,1.0,11.0,13.0,2127.0,2025-01,2025-12
VNY,CUR,0.0,2.0,9.0,3452.0,2025-01,2025-12
VNY,EIS,0.0,4.0,7.0,3471.0,2025-01,2025-12
VNY,FAB,2.0,8.0,28.0,5429.0,2025-01,2025-12
VNY,FRA,1.0,2.0,15.0,5779.0,2025-01,2025-12
VNY,GCI,0.0,0.0,7.0,5452.0,2025-01,2025-12
VNY,GOA,0.0,3.0,6.0,6079.0,2025-01,2025-12
VNY,GVA,1.0,4.0,14.0,5896.0,2025-01,2025-12
VNY,HKG,0.0,2.0,7.0,7232.0,2025-01,2025-12
VNY,HND,0.0,2.0,7.0,5461.0,2025-01,2025-12
VNY,KIX,0.0,3.0,6.0,5715.0,2025-01,2025-12
VNY,LBA,1.0,2.0,14.0,5284.0,2025-01,2025-12
VNY,LBG,4.0,11.0,52.0,5642.0,2025-01,2025-12
VNY,LIN,0.0,4.0,7.0,6039.0,2025-01,2025-12
VNY,LIS,0.0,2.0,8.0,5668.0,2025-01,2025-12
VNY,LTN,3.0,18.0,41.0,5415.0,2025-01,2025-12
VNY,LUX,0.0,2.0,6.0,5729.0,2025-01,2025-12
VNY,MAD,0.0,2.0,7.0,5821.0,2025-01,2025-12
VNY,MAN,0.0,4.0,10.0,5287.0,2025-01,2025-12
VNY,MLM,1.0,4.0,11.0,1458.0,2025-01,2025-12
VNY,MUC,0.0,2.0,7.0,5962.0,2025-01,2025-12
VNY,NAS,1.0,11.0,14.0,2526.0,2025-01,2025-12
VNY,NCE,2.0,4.0,28.0,6064.0,2025-01,2025-12
VNY,NLU,0.0,3.0,7.0,1556.0,2025-01,2025-12
VNY,OLB,0.0,2.0,7.0,6285.0,2025-01,2025-12
VNY,OSL,0.0,1.0,7.0,5316.0,2025-01,2025-12
VNY,PEK,0.0,1.0,7.0,6219.0,2025-01,2025-12
VNY,PLS,1.0,8.0,13.0,2921.0,2025-01,2025-12
VNY,PPT,2.0,2.0,21.0,4121.0,2025-01,2025-12
VNY,PRG,1.0,3.0,14.0,5936.0,2025-01,2025-12
VNY,PVR,2.0,17.0,20.0,1235.0,2025-01,2025-12
VNY,QRO,0.0,4.0,6.0,1459.0,2025-01,2025-12
VNY,SDQ,0.0,2.0,9.0,3180.0,2025-01,2025-12
VNY,SEN,0.0,2.0,7.0,5463.0,2025-01,2025-12
VNY,SJD,6.0,34.0,80.0,930.0,2025-01,2025-12
VNY,SNN,1.0,3.0,14.0,5097.0,2025-01,2025-12
VNY,STN,0.0,2.0,6.0,5433.0,2025-01,2025-12
VNY,SVD,0.0,4.0,7.0,3853.0,2025-01,2025-12
VNY,SXB,0.0,3.0,7.0,5828.0,2025-01,2025-12
VNY,TLC,2.0,16.0,31.0,1550.0,2025-01,2025-12
VNY,YCD,1.0,2.0,7.0,1062.0,2025-01,2025-12
VNY,YQA,0.0,6.0,7.0,2190.0,2025-01,2025-12
VNY,YUL,0.0,1.0,7.0,2463.0,2025-01,2025-12
VNY,YVR,4.0,22.0,44.0,1063.0,2025-01,2025-12
VNY,YYJ,0.0,1.0,4.0,1029.0,2025-01,2025-12
VNY,YYZ,1.0,5.0,10.0,2166.0,2025-01,2025-12
VRB,AXA,1.0,6.0,14.0,1281.0,2025-01,2025-12
VRB,BCN,0.0,2.0,7.0,4619.0,2025-01,2025-12
VRB,BIM,0.0,2.0,4.0,153.0,2025-01,2025-12
VRB,CXY,0.0,2.0,4.0,161.0,2025-01,2025-12
VRB,DND,0.0,4.0,7.0,4174.0,2025-01,2025-12
VRB,ELH,0.0,3.0,4.0,276.0,2025-01,2025-12
VRB,FLR,0.0,4.0,7.0,4999.0,2025-01,2025-12
VRB,GRO,0.0,7.0,7.0,4640.0,2025-01,2025-12
VRB,GVA,0.0,3.0,7.0,4708.0,2025-01,2025-12
VRB,MHH,1.0,4.0,8.0,220.0,2025-01,2025-12
VRB,NAS,2.0,4.0,12.0,257.0,2025-01,2025-12
VRB,TCB,0.0,3.0,4.0,196.0,2025-01,2025-12
VRB,YYZ,6.0,27.0,51.0,1108.0,2025-01,2025-12
WSX,CXH,0.0,0.0,4.0,47.0,2025-01,2025-12
XNA,NAS,0.0,0.0,93.0,1264.0,2025-01,2025-12
XNA,YYZ,0.0,0.0,7.0,928.0,2025-01,2025-12
XWA,YQR,0.0,0.0,25.0,155.0,2025-01,2025-12
YIP,BJX,2.0,0.0,0.0,1800.0,2025-01,2025-12
YIP,CUU,4.0,0.0,0.0,1563.0,2025-01,2025-12
YIP,DUB,0.0,0.0,0.0,3484.0,2025-01,2025-12
YIP,GDL,5.0,0.0,0.0,1890.0,2025-01,2025-12
YIP,HMO,4.0,0.0,0.0,1780.0,2025-01,2025-12
YIP,LTN,0.0,2.0,6.0,3753.0,2025-01,2025-12
YIP,MTY,2.0,0.0,0.0,1476.0,2025-01,2025-12
YIP,QRO,14.0,0.0,0.0,1780.0,2025-01,2025-12
YIP,SLP,0.0,0.0,0.0,1707.0,2025-01,2025-12
YIP,SLW,15.0,0.0,0.0,1519.0,2025-01,2025-12
YIP,TER,0.0,0.0,0.0,2921.0,2025-01,2025-12
YIP,TLC,2.0,0.0,0.0,1839.0,2025-01,2025-12
YIP,YHM,3.0,0.0,0.0,194.0,2025-01,2025-12
YIP,YQG,36.0,0.0,0.0,30.0,2025-01,2025-12
YIP,YXU,10.0,0.0,0.0,133.0,2025-01,2025-12
YIP,YYZ,2.0,5.0,46.0,221.0,2025-01,2025-12
YKM,SJD,0.0,2.0,4.0,1727.0,2025-01,2025-12
YNG,GUA,2.0,236.0,465.0,1936.0,2025-01,2025-12
YNG,SAP,4.0,199.0,584.0,1835.0,2025-01,2025-12
YUM,HMO,0.0,0.0,38.0,324.0,2025-01,2025-12
YUM,TAP,3.0,340.0,458.0,1863.0,2025-01,2025-12
YUM,VSA,4.0,524.0,632.0,1690.0,2025-01,2025-12
ZZZ,ASD,2.0,3.0,14.0,,2025-01,2025-12
ZZZ,BC3,4.0,18.0,43.0,,2025-01,2025-12
ZZZ,BC5,2.0,10.0,25.0,,2025-01,2025-12
ZZZ,BC7,2.0,8.0,16.0,,2025-01,2025-12
ZZZ,BS3,4.0,9.0,38.0,,2025-01,2025-12
ZZZ,CXH,0.0,2.0,4.0,,2025-01,2025-12
ZZZ,CXY,3.0,6.0,24.0,,2025-01,2025-12
ZZZ,ELH,42.0,24.0,344.0,,2025-01,2025-12
ZZZ,GGT,3.0,6.0,24.0,,2025-01,2025-12
ZZZ,GHC,0.0,0.0,4.0,,2025-01,2025-12
ZZZ,HBI,0.0,1.0,4.0,,2025-01,2025-12
ZZZ,MGA,0.0,0.0,0.0,,2025-01,2025-12
ZZZ,MHH,7.0,8.0,56.0,,2025-01,2025-12
ZZZ,NAS,16.0,14.0,128.0,,2025-01,2025-12
ZZZ,NMC,0.0,0.0,4.0,,2025-01,2025-12
ZZZ,NSB,7.0,14.0,56.0,,2025-01,2025-12
ZZZ,SAQ,36.0,55.0,288.0,,2025-01,2025-12
ZZZ,TYM,4.0,9.0,31.0,,2025-01,2025-12
ZZZ,YCD,0.0,0.0,3.0,,2025-01,2025-12
ZZZ,YCF,8.0,38.0,76.0,,2025-01,2025-12
ZZZ,YDS,2.0,10.0,20.0,,2025-01,2025-12
ZZZ,YGE,2.0,9.0,20.0,,2025-01,2025-12
ZZZ,YIG,0.0,2.0,5.0,,2025-01,2025-12
ZZZ,YIH,0.0,0.0,3.0,,2025-01,2025-12
ZZZ,YPT,5.0,17.0,40.0,,2025-01,2025-12
ZZZ,YR1,8.0,24.0,68.0,,2025-01,2025-12
ZZZ,YWH,8.0,10.0,55.0,,2025-01,2025-12
ZZZ,YYJ,1.0,5.0,6.0,,2025-01,2025-12
ZZZ,YZF,0.0,0.0,0.0,,2025-01,2025-12
ZZZ,YZT,0.0,1.0,3.0,,2025-01,2025-12
ZZZ,ZNA,44.0,254.0,384.0,,2025-01,2025-12
