origin,dest,flights,distance_mi,period_start,period_end
ABE,ATL,53,692.0,2025-08,2026-07
ABE,BNA,66,684.0,2025-08,2026-07
ABE,CLT,824,481.0,2025-08,2026-07
ABE,DEN,46,1539.0,2025-08,2026-07
ABE,FLL,107,1041.0,2025-08,2026-07
ABE,MCO,105,906.0,2025-08,2026-07
ABE,MLB,104,914.0,2025-08,2026-07
ABE,MYR,227,518.0,2025-08,2026-07
ABE,ORD,435,654.0,2025-08,2026-07
ABE,PGD,243,1018.0,2025-08,2026-07
ABE,PIE,278,970.0,2025-08,2026-07
ABE,RSW,73,1038.0,2025-08,2026-07
ABE,SFB,640,882.0,2025-08,2026-07
ABE,SRQ,106,1000.0,2025-08,2026-07
ABI,DEN,274,584.0,2025-08,2026-07
ABI,DFW,1712,158.0,2025-08,2026-07
ABI,IAH,137,306.0,2025-08,2026-07
ABI,PHX,57,720.0,2025-08,2026-07
ABQ,ATL,979,1269.0,2025-08,2026-07
ABQ,AUS,828,619.0,2025-08,2026-07
ABQ,BNA,250,1123.0,2025-08,2026-07
ABQ,BUR,325,672.0,2025-08,2026-07
ABQ,BWI,396,1670.0,2025-08,2026-07
ABQ,CLT,6,1449.0,2025-08,2026-07
ABQ,DAL,1604,580.0,2025-08,2026-07
ABQ,DEN,3181,349.0,2025-08,2026-07
ABQ,DFW,2213,569.0,2025-08,2026-07
ABQ,DTW,4,1347.0,2025-08,2026-07
ABQ,HOU,968,759.0,2025-08,2026-07
ABQ,IAD,269,1628.0,2025-08,2026-07
ABQ,IAH,469,744.0,2025-08,2026-07
ABQ,JFK,152,1826.0,2025-08,2026-07
ABQ,LAS,1714,486.0,2025-08,2026-07
ABQ,LAX,2208,677.0,2025-08,2026-07
ABQ,LGB,96,664.0,2025-08,2026-07
ABQ,MCI,205,718.0,2025-08,2026-07
ABQ,MCO,34,1553.0,2025-08,2026-07
ABQ,MDW,444,1121.0,2025-08,2026-07
ABQ,MSP,173,981.0,2025-08,2026-07
ABQ,OAK,353,889.0,2025-08,2026-07
ABQ,ORD,1128,1118.0,2025-08,2026-07
ABQ,PDX,7,1111.0,2025-08,2026-07
ABQ,PHL,6,1747.0,2025-08,2026-07
ABQ,PHX,3291,328.0,2025-08,2026-07
ABQ,SAN,681,628.0,2025-08,2026-07
ABQ,SAT,9,609.0,2025-08,2026-07
ABQ,SEA,544,1180.0,2025-08,2026-07
ABQ,SFO,712,896.0,2025-08,2026-07
ABQ,SLC,1154,493.0,2025-08,2026-07
ABR,MSP,743,257.0,2025-08,2026-07
ABY,ATL,302,145.0,2025-08,2026-07
ACK,BOS,275,91.0,2025-08,2026-07
ACK,CLT,23,723.0,2025-08,2026-07
ACK,DCA,271,405.0,2025-08,2026-07
ACK,HPN,223,191.0,2025-08,2026-07
ACK,JFK,274,199.0,2025-08,2026-07
ACK,LGA,388,202.0,2025-08,2026-07
ACK,ORD,29,924.0,2025-08,2026-07
ACK,PHL,117,288.0,2025-08,2026-07
ACT,BHM,1,626.0,2025-08,2026-07
ACT,DFW,1029,90.0,2025-08,2026-07
ACV,DEN,365,1026.0,2025-08,2026-07
ACV,LAX,418,577.0,2025-08,2026-07
ACV,SEA,111,456.0,2025-08,2026-07
ACV,SFO,1254,250.0,2025-08,2026-07
ACY,FLL,518,977.0,2025-08,2026-07
ACY,MCO,491,852.0,2025-08,2026-07
ACY,MIA,27,998.0,2025-08,2026-07
ACY,MYR,114,466.0,2025-08,2026-07
ACY,PBI,308,936.0,2025-08,2026-07
ACY,PGD,26,964.0,2025-08,2026-07
ACY,PIE,48,922.0,2025-08,2026-07
ACY,RSW,277,982.0,2025-08,2026-07
ACY,SFB,64,829.0,2025-08,2026-07
ACY,TPA,294,914.0,2025-08,2026-07
ADK,ANC,99,1192.0,2025-08,2026-07
ADQ,ANC,831,253.0,2025-08,2026-07
AEX,DFW,1004,285.0,2025-08,2026-07
AEX,IAH,142,190.0,2025-08,2026-07
AGS,ATL,619,143.0,2025-08,2026-07
AGS,AUS,2,949.0,2025-08,2026-07
AGS,BOS,8,861.0,2025-08,2026-07
AGS,CLT,92,140.0,2025-08,2026-07
AGS,DCA,327,468.0,2025-08,2026-07
AGS,DFW,640,874.0,2025-08,2026-07
AGS,DTW,9,615.0,2025-08,2026-07
AGS,LAX,1,2090.0,2025-08,2026-07
AGS,LGA,18,678.0,2025-08,2026-07
AGS,MIA,9,531.0,2025-08,2026-07
AGS,MSP,9,996.0,2025-08,2026-07
AGS,ORD,12,677.0,2025-08,2026-07
AGS,PHL,13,584.0,2025-08,2026-07
AGS,PHX,3,1731.0,2025-08,2026-07
AKN,ANC,171,288.0,2025-08,2026-07
ALB,ATL,1020,853.0,2025-08,2026-07
ALB,BNA,432,825.0,2025-08,2026-07
ALB,BWI,1738,288.0,2025-08,2026-07
ALB,CLT,1096,646.0,2025-08,2026-07
ALB,DCA,1123,318.0,2025-08,2026-07
ALB,DEN,315,1610.0,2025-08,2026-07
ALB,DFW,196,1434.0,2025-08,2026-07
ALB,DTW,1078,489.0,2025-08,2026-07
ALB,FLL,579,1204.0,2025-08,2026-07
ALB,LAS,151,2237.0,2025-08,2026-07
ALB,MCO,1030,1073.0,2025-08,2026-07
ALB,MDW,717,717.0,2025-08,2026-07
ALB,MIA,22,1225.0,2025-08,2026-07
ALB,MYR,117,685.0,2025-08,2026-07
ALB,ORD,2258,723.0,2025-08,2026-07
ALB,PGD,184,1185.0,2025-08,2026-07
ALB,PIE,135,1138.0,2025-08,2026-07
ALB,RSW,11,1204.0,2025-08,2026-07
ALB,SFB,103,1049.0,2025-08,2026-07
ALB,SRQ,93,1167.0,2025-08,2026-07
ALB,TPA,257,1130.0,2025-08,2026-07
ALO,ORD,632,234.0,2025-08,2026-07
AMA,AUS,195,419.0,2025-08,2026-07
AMA,DAL,1252,323.0,2025-08,2026-07
AMA,DEN,671,359.0,2025-08,2026-07
AMA,DFW,2311,312.0,2025-08,2026-07
AMA,HOU,7,537.0,2025-08,2026-07
AMA,IAH,124,518.0,2025-08,2026-07
AMA,LAS,361,759.0,2025-08,2026-07
ANC,ADK,99,1192.0,2025-08,2026-07
ANC,ADQ,826,253.0,2025-08,2026-07
ANC,AKN,171,288.0,2025-08,2026-07
ANC,ATL,154,3417.0,2025-08,2026-07
ANC,BET,701,399.0,2025-08,2026-07
ANC,BOI,15,1842.0,2025-08,2026-07
ANC,BOS,7,3383.0,2025-08,2026-07
ANC,BRW,350,725.0,2025-08,2026-07
ANC,CDV,361,160.0,2025-08,2026-07
ANC,DEN,787,2405.0,2025-08,2026-07
ANC,DFW,393,3043.0,2025-08,2026-07
ANC,DLG,113,329.0,2025-08,2026-07
ANC,DTW,115,2986.0,2025-08,2026-07
ANC,EWR,101,3370.0,2025-08,2026-07
ANC,FAI,1404,261.0,2025-08,2026-07
ANC,HNL,439,2777.0,2025-08,2026-07
ANC,IAD,110,3356.0,2025-08,2026-07
ANC,IAH,127,3266.0,2025-08,2026-07
ANC,JFK,71,3386.0,2025-08,2026-07
ANC,JNU,1226,571.0,2025-08,2026-07
ANC,KOA,54,2875.0,2025-08,2026-07
ANC,LAS,273,2304.0,2025-08,2026-07
ANC,LAX,389,2345.0,2025-08,2026-07
ANC,MSP,777,2519.0,2025-08,2026-07
ANC,OGG,29,2797.0,2025-08,2026-07
ANC,OME,357,539.0,2025-08,2026-07
ANC,ORD,774,2846.0,2025-08,2026-07
ANC,OTZ,347,549.0,2025-08,2026-07
ANC,PDX,1209,1542.0,2025-08,2026-07
ANC,PHX,435,2552.0,2025-08,2026-07
ANC,SAN,25,2452.0,2025-08,2026-07
ANC,SCC,502,626.0,2025-08,2026-07
ANC,SEA,6598,1448.0,2025-08,2026-07
ANC,SFO,294,2018.0,2025-08,2026-07
ANC,SLC,128,2125.0,2025-08,2026-07
ANC,SMF,18,1973.0,2025-08,2026-07
APN,DTW,600,198.0,2025-08,2026-07
ASE,ATL,434,1304.0,2025-08,2026-07
ASE,AUS,164,812.0,2025-08,2026-07
ASE,CLT,37,1451.0,2025-08,2026-07
ASE,DEN,2589,125.0,2025-08,2026-07
ASE,DFW,1100,701.0,2025-08,2026-07
ASE,IAH,597,913.0,2025-08,2026-07
ASE,LAX,1151,737.0,2025-08,2026-07
ASE,ORD,1067,1013.0,2025-08,2026-07
ASE,PHX,104,491.0,2025-08,2026-07
ASE,SFO,355,848.0,2025-08,2026-07
ATL,ABE,54,692.0,2025-08,2026-07
ATL,ABQ,982,1269.0,2025-08,2026-07
ATL,ABY,301,145.0,2025-08,2026-07
ATL,AGS,620,143.0,2025-08,2026-07
ATL,ALB,1021,853.0,2025-08,2026-07
ATL,ANC,155,3417.0,2025-08,2026-07
ATL,ASE,443,1304.0,2025-08,2026-07
ATL,ATW,359,765.0,2025-08,2026-07
ATL,AUS,4465,813.0,2025-08,2026-07
ATL,AVL,1995,164.0,2025-08,2026-07
ATL,BDL,2270,859.0,2025-08,2026-07
ATL,BGR,37,1134.0,2025-08,2026-07
ATL,BHM,3275,134.0,2025-08,2026-07
ATL,BMI,81,533.0,2025-08,2026-07
ATL,BNA,4196,214.0,2025-08,2026-07
ATL,BOI,538,1838.0,2025-08,2026-07
ATL,BOS,4874,946.0,2025-08,2026-07
ATL,BQK,3,238.0,2025-08,2026-07
ATL,BTR,1059,448.0,2025-08,2026-07
ATL,BTV,384,961.0,2025-08,2026-07
ATL,BUF,1490,712.0,2025-08,2026-07
ATL,BUR,352,1941.0,2025-08,2026-07
ATL,BWI,5292,577.0,2025-08,2026-07
ATL,BZN,423,1640.0,2025-08,2026-07
ATL,CAE,1787,192.0,2025-08,2026-07
ATL,CHA,1304,106.0,2025-08,2026-07
ATL,CHO,229,457.0,2025-08,2026-07
ATL,CHS,3165,259.0,2025-08,2026-07
ATL,CID,361,694.0,2025-08,2026-07
ATL,CLE,3337,554.0,2025-08,2026-07
ATL,CLT,4304,226.0,2025-08,2026-07
ATL,CMH,3109,447.0,2025-08,2026-07
ATL,COS,580,1184.0,2025-08,2026-07
ATL,CRW,224,363.0,2025-08,2026-07
ATL,CSG,14,83.0,2025-08,2026-07
ATL,CVG,2976,373.0,2025-08,2026-07
ATL,DAB,1429,366.0,2025-08,2026-07
ATL,DAL,3289,721.0,2025-08,2026-07
ATL,DAY,1375,432.0,2025-08,2026-07
ATL,DCA,6584,547.0,2025-08,2026-07
ATL,DEN,5534,1199.0,2025-08,2026-07
ATL,DFW,6517,731.0,2025-08,2026-07
ATL,DHN,28,170.0,2025-08,2026-07
ATL,DSM,1221,743.0,2025-08,2026-07
ATL,DTW,4808,594.0,2025-08,2026-07
ATL,ECP,2381,240.0,2025-08,2026-07
ATL,EGE,185,1312.0,2025-08,2026-07
ATL,ELP,710,1282.0,2025-08,2026-07
ATL,EVV,31,350.0,2025-08,2026-07
ATL,EWR,6043,746.0,2025-08,2026-07
ATL,EYW,1439,646.0,2025-08,2026-07
ATL,FAR,205,1123.0,2025-08,2026-07
ATL,FAT,30,1997.0,2025-08,2026-07
ATL,FAY,81,330.0,2025-08,2026-07
ATL,FLL,7098,581.0,2025-08,2026-07
ATL,FSD,362,954.0,2025-08,2026-07
ATL,FWA,505,508.0,2025-08,2026-07
ATL,GEG,532,1969.0,2025-08,2026-07
ATL,GNV,1561,300.0,2025-08,2026-07
ATL,GPT,1296,352.0,2025-08,2026-07
ATL,GRB,359,774.0,2025-08,2026-07
ATL,GRR,1405,640.0,2025-08,2026-07
ATL,GSO,2699,306.0,2025-08,2026-07
ATL,GSP,2772,153.0,2025-08,2026-07
ATL,HDN,97,1340.0,2025-08,2026-07
ATL,HHH,197,238.0,2025-08,2026-07
ATL,HNL,381,4502.0,2025-08,2026-07
ATL,HOU,2841,696.0,2025-08,2026-07
ATL,HPN,698,781.0,2025-08,2026-07
ATL,HSV,2194,151.0,2025-08,2026-07
ATL,IAD,3911,534.0,2025-08,2026-07
ATL,IAH,4835,689.0,2025-08,2026-07
ATL,ICT,1135,782.0,2025-08,2026-07
ATL,ILM,1138,377.0,2025-08,2026-07
ATL,IND,3121,432.0,2025-08,2026-07
ATL,JAC,204,1572.0,2025-08,2026-07
ATL,JAN,1928,340.0,2025-08,2026-07
ATL,JAX,3983,269.0,2025-08,2026-07
ATL,JFK,4132,760.0,2025-08,2026-07
ATL,LAS,4734,1747.0,2025-08,2026-07
ATL,LAX,4903,1947.0,2025-08,2026-07
ATL,LEX,2016,304.0,2025-08,2026-07
ATL,LFT,169,503.0,2025-08,2026-07
ATL,LGA,8072,762.0,2025-08,2026-07
ATL,LIT,2249,453.0,2025-08,2026-07
ATL,MCI,3234,692.0,2025-08,2026-07
ATL,MCO,8088,404.0,2025-08,2026-07
ATL,MDT,980,620.0,2025-08,2026-07
ATL,MDW,3455,591.0,2025-08,2026-07
ATL,MEM,3358,332.0,2025-08,2026-07
ATL,MGM,186,147.0,2025-08,2026-07
ATL,MIA,6170,594.0,2025-08,2026-07
ATL,MKE,2220,669.0,2025-08,2026-07
ATL,MLB,1430,443.0,2025-08,2026-07
ATL,MOB,887,302.0,2025-08,2026-07
ATL,MSN,1007,707.0,2025-08,2026-07
ATL,MSP,3501,907.0,2025-08,2026-07
ATL,MSY,3965,425.0,2025-08,2026-07
ATL,MTJ,96,1352.0,2025-08,2026-07
ATL,MYR,1483,317.0,2025-08,2026-07
ATL,OAJ,604,399.0,2025-08,2026-07
ATL,OGG,125,4431.0,2025-08,2026-07
ATL,OKC,1773,761.0,2025-08,2026-07
ATL,OMA,1760,821.0,2025-08,2026-07
ATL,ONT,921,1900.0,2025-08,2026-07
ATL,ORD,6286,606.0,2025-08,2026-07
ATL,ORF,2897,516.0,2025-08,2026-07
ATL,PBI,3734,545.0,2025-08,2026-07
ATL,PDX,1538,2172.0,2025-08,2026-07
ATL,PHL,5565,666.0,2025-08,2026-07
ATL,PHX,3705,1587.0,2025-08,2026-07
ATL,PIT,2699,526.0,2025-08,2026-07
ATL,PNS,2760,272.0,2025-08,2026-07
ATL,PSP,184,1840.0,2025-08,2026-07
ATL,PVD,1105,903.0,2025-08,2026-07
ATL,PWM,635,1027.0,2025-08,2026-07
ATL,RAP,23,1231.0,2025-08,2026-07
ATL,RDU,4560,356.0,2025-08,2026-07
ATL,RIC,2621,481.0,2025-08,2026-07
ATL,RNO,305,1993.0,2025-08,2026-07
ATL,ROA,424,357.0,2025-08,2026-07
ATL,ROC,1017,749.0,2025-08,2026-07
ATL,RSW,2771,515.0,2025-08,2026-07
ATL,SAN,2365,1892.0,2025-08,2026-07
ATL,SAT,2951,874.0,2025-08,2026-07
ATL,SAV,2990,215.0,2025-08,2026-07
ATL,SBA,167,2022.0,2025-08,2026-07
ATL,SBN,1009,566.0,2025-08,2026-07
ATL,SDF,2677,321.0,2025-08,2026-07
ATL,SEA,3258,2182.0,2025-08,2026-07
ATL,SFO,3329,2139.0,2025-08,2026-07
ATL,SGF,584,563.0,2025-08,2026-07
ATL,SHV,1477,552.0,2025-08,2026-07
ATL,SJC,889,2116.0,2025-08,2026-07
ATL,SJU,2071,1547.0,2025-08,2026-07
ATL,SLC,2950,1590.0,2025-08,2026-07
ATL,SMF,998,2092.0,2025-08,2026-07
ATL,SNA,1024,1919.0,2025-08,2026-07
ATL,SRQ,2254,444.0,2025-08,2026-07
ATL,STL,3629,484.0,2025-08,2026-07
ATL,STT,711,1599.0,2025-08,2026-07
ATL,STX,125,1638.0,2025-08,2026-07
ATL,SYR,1084,794.0,2025-08,2026-07
ATL,TLH,1969,223.0,2025-08,2026-07
ATL,TPA,6063,406.0,2025-08,2026-07
ATL,TRI,515,227.0,2025-08,2026-07
ATL,TTN,38,701.0,2025-08,2026-07
ATL,TUL,1541,674.0,2025-08,2026-07
ATL,TUS,794,1541.0,2025-08,2026-07
ATL,TVC,36,769.0,2025-08,2026-07
ATL,TYS,1687,152.0,2025-08,2026-07
ATL,VPS,2352,250.0,2025-08,2026-07
ATL,XNA,1077,589.0,2025-08,2026-07
ATW,ATL,358,765.0,2025-08,2026-07
ATW,AZA,260,1452.0,2025-08,2026-07
ATW,BNA,88,570.0,2025-08,2026-07
ATW,CLT,379,742.0,2025-08,2026-07
ATW,DEN,407,883.0,2025-08,2026-07
ATW,DFW,419,908.0,2025-08,2026-07
ATW,DTW,1054,296.0,2025-08,2026-07
ATW,EWR,20,772.0,2025-08,2026-07
ATW,FLL,86,1338.0,2025-08,2026-07
ATW,GUF,85,964.0,2025-08,2026-07
ATW,LAS,170,1510.0,2025-08,2026-07
ATW,MCO,55,1162.0,2025-08,2026-07
ATW,MSP,902,236.0,2025-08,2026-07
ATW,ORD,2315,160.0,2025-08,2026-07
ATW,PDX,47,1662.0,2025-08,2026-07
ATW,PGD,238,1250.0,2025-08,2026-07
ATW,PHX,8,1463.0,2025-08,2026-07
ATW,PIE,180,1173.0,2025-08,2026-07
ATW,RSW,51,1279.0,2025-08,2026-07
ATW,SAV,31,926.0,2025-08,2026-07
ATW,SFB,251,1141.0,2025-08,2026-07
ATW,SNA,21,1729.0,2025-08,2026-07
ATW,SRQ,69,1209.0,2025-08,2026-07
ATY,DEN,362,519.0,2025-08,2026-07
ATY,MSP,358,193.0,2025-08,2026-07
AUS,ABQ,828,619.0,2025-08,2026-07
AUS,AGS,3,949.0,2025-08,2026-07
AUS,AMA,195,419.0,2025-08,2026-07
AUS,ASE,177,812.0,2025-08,2026-07
AUS,ATL,4464,813.0,2025-08,2026-07
AUS,AVL,44,950.0,2025-08,2026-07
AUS,BNA,2982,756.0,2025-08,2026-07
AUS,BOS,1632,1698.0,2025-08,2026-07
AUS,BUR,345,1241.0,2025-08,2026-07
AUS,BWI,1267,1342.0,2025-08,2026-07
AUS,BZN,11,1299.0,2025-08,2026-07
AUS,CHS,126,1055.0,2025-08,2026-07
AUS,CLE,41,1174.0,2025-08,2026-07
AUS,CLT,1625,1032.0,2025-08,2026-07
AUS,CMH,412,1073.0,2025-08,2026-07
AUS,CVG,183,958.0,2025-08,2026-07
AUS,DAL,2299,189.0,2025-08,2026-07
AUS,DCA,361,1315.0,2025-08,2026-07
AUS,DEN,5381,775.0,2025-08,2026-07
AUS,DFW,4537,190.0,2025-08,2026-07
AUS,DSM,103,813.0,2025-08,2026-07
AUS,DTW,1302,1149.0,2025-08,2026-07
AUS,ECP,623,710.0,2025-08,2026-07
AUS,ELP,1039,528.0,2025-08,2026-07
AUS,EWR,2016,1504.0,2025-08,2026-07
AUS,FCA,11,1527.0,2025-08,2026-07
AUS,FLL,1141,1105.0,2025-08,2026-07
AUS,GNV,2,924.0,2025-08,2026-07
AUS,GRR,93,1103.0,2025-08,2026-07
AUS,HDN,4,890.0,2025-08,2026-07
AUS,HOU,1345,148.0,2025-08,2026-07
AUS,HRL,706,273.0,2025-08,2026-07
AUS,IAD,1032,1297.0,2025-08,2026-07
AUS,IAH,2664,140.0,2025-08,2026-07
AUS,IND,1266,919.0,2025-08,2026-07
AUS,JAX,645,953.0,2025-08,2026-07
AUS,JFK,2124,1521.0,2025-08,2026-07
AUS,LAS,2865,1090.0,2025-08,2026-07
AUS,LAX,4062,1242.0,2025-08,2026-07
AUS,LBB,323,341.0,2025-08,2026-07
AUS,LEX,2,922.0,2025-08,2026-07
AUS,LGB,428,1226.0,2025-08,2026-07
AUS,MAF,597,294.0,2025-08,2026-07
AUS,MCI,977,650.0,2025-08,2026-07
AUS,MCO,2793,994.0,2025-08,2026-07
AUS,MDW,1335,972.0,2025-08,2026-07
AUS,MEM,360,559.0,2025-08,2026-07
AUS,MFE,1028,279.0,2025-08,2026-07
AUS,MIA,2167,1103.0,2025-08,2026-07
AUS,MKE,275,1032.0,2025-08,2026-07
AUS,MSN,1,1004.0,2025-08,2026-07
AUS,MSP,1661,1042.0,2025-08,2026-07
AUS,MSY,1963,445.0,2025-08,2026-07
AUS,MTJ,4,818.0,2025-08,2026-07
AUS,OAK,359,1497.0,2025-08,2026-07
AUS,OKC,318,358.0,2025-08,2026-07
AUS,OMA,26,772.0,2025-08,2026-07
AUS,ONT,333,1196.0,2025-08,2026-07
AUS,ORD,3098,977.0,2025-08,2026-07
AUS,PDX,602,1715.0,2025-08,2026-07
AUS,PHL,1144,1431.0,2025-08,2026-07
AUS,PHX,3362,872.0,2025-08,2026-07
AUS,PIT,321,1210.0,2025-08,2026-07
AUS,PNS,124,626.0,2025-08,2026-07
AUS,PSP,105,1132.0,2025-08,2026-07
AUS,PVU,107,1051.0,2025-08,2026-07
AUS,RDU,518,1162.0,2025-08,2026-07
AUS,RNO,189,1405.0,2025-08,2026-07
AUS,RSW,5,1001.0,2025-08,2026-07
AUS,SAN,2531,1164.0,2025-08,2026-07
AUS,SDF,3,876.0,2025-08,2026-07
AUS,SEA,2048,1770.0,2025-08,2026-07
AUS,SFB,24,994.0,2025-08,2026-07
AUS,SFO,2788,1504.0,2025-08,2026-07
AUS,SJC,1116,1476.0,2025-08,2026-07
AUS,SJU,33,2146.0,2025-08,2026-07
AUS,SLC,1772,1086.0,2025-08,2026-07
AUS,SMF,384,1481.0,2025-08,2026-07
AUS,SNA,352,1209.0,2025-08,2026-07
AUS,SRQ,35,936.0,2025-08,2026-07
AUS,STL,972,721.0,2025-08,2026-07
AUS,TPA,1523,928.0,2025-08,2026-07
AUS,TUL,309,426.0,2025-08,2026-07
AUS,TYS,73,882.0,2025-08,2026-07
AUS,XNA,2,462.0,2025-08,2026-07
AVL,ATL,1989,164.0,2025-08,2026-07
AVL,AUS,44,950.0,2025-08,2026-07
AVL,BOS,217,783.0,2025-08,2026-07
AVL,CLT,789,91.0,2025-08,2026-07
AVL,DCA,490,384.0,2025-08,2026-07
AVL,DEN,421,1248.0,2025-08,2026-07
AVL,DFW,704,848.0,2025-08,2026-07
AVL,EWR,246,583.0,2025-08,2026-07
AVL,EYW,105,751.0,2025-08,2026-07
AVL,FLL,652,661.0,2025-08,2026-07
AVL,HOU,25,843.0,2025-08,2026-07
AVL,IAD,89,371.0,2025-08,2026-07
AVL,LAS,103,1824.0,2025-08,2026-07
AVL,LGA,417,599.0,2025-08,2026-07
AVL,MCO,118,488.0,2025-08,2026-07
AVL,MDW,57,521.0,2025-08,2026-07
AVL,MIA,221,677.0,2025-08,2026-07
AVL,MSP,48,861.0,2025-08,2026-07
AVL,ORD,1431,536.0,2025-08,2026-07
AVL,PBI,161,620.0,2025-08,2026-07
AVL,PGD,222,588.0,2025-08,2026-07
AVL,PHL,49,504.0,2025-08,2026-07
AVL,PHX,18,1683.0,2025-08,2026-07
AVL,PIE,504,519.0,2025-08,2026-07
AVL,SFB,513,465.0,2025-08,2026-07
AVL,SRQ,112,554.0,2025-08,2026-07
AVL,VPS,18,412.0,2025-08,2026-07
AVP,CLT,958,509.0,2025-08,2026-07
AVP,ORD,823,632.0,2025-08,2026-07
AZA,ATW,260,1452.0,2025-08,2026-07
AZA,BIL,178,878.0,2025-08,2026-07
AZA,BIS,242,1092.0,2025-08,2026-07
AZA,BLI,145,1208.0,2025-08,2026-07
AZA,BMI,28,1348.0,2025-08,2026-07
AZA,BOI,75,749.0,2025-08,2026-07
AZA,BZN,150,861.0,2025-08,2026-07
AZA,CID,189,1240.0,2025-08,2026-07
AZA,COS,66,543.0,2025-08,2026-07
AZA,CVG,83,1553.0,2025-08,2026-07
AZA,DSM,178,1137.0,2025-08,2026-07
AZA,EUG,117,971.0,2025-08,2026-07
AZA,FAR,372,1220.0,2025-08,2026-07
AZA,FCA,93,1044.0,2025-08,2026-07
AZA,FNT,110,1650.0,2025-08,2026-07
AZA,FSD,369,1072.0,2025-08,2026-07
AZA,FWA,85,1546.0,2025-08,2026-07
AZA,GEG,98,1034.0,2025-08,2026-07
AZA,GFK,67,1260.0,2025-08,2026-07
AZA,GRI,136,905.0,2025-08,2026-07
AZA,GRR,211,1561.0,2025-08,2026-07
AZA,GTF,91,978.0,2025-08,2026-07
AZA,ICT,108,855.0,2025-08,2026-07
AZA,IDA,218,705.0,2025-08,2026-07
AZA,LAS,17,276.0,2025-08,2026-07
AZA,LSE,51,1318.0,2025-08,2026-07
AZA,MLI,94,1287.0,2025-08,2026-07
AZA,MOT,153,1164.0,2025-08,2026-07
AZA,MSO,140,948.0,2025-08,2026-07
AZA,OMA,108,1026.0,2025-08,2026-07
AZA,PDX,52,1028.0,2025-08,2026-07
AZA,PIA,213,1312.0,2025-08,2026-07
AZA,PSC,133,977.0,2025-08,2026-07
AZA,PVU,703,477.0,2025-08,2026-07
AZA,RAP,197,873.0,2025-08,2026-07
AZA,RFD,184,1373.0,2025-08,2026-07
AZA,SBN,147,1501.0,2025-08,2026-07
AZA,SGF,186,1066.0,2025-08,2026-07
AZA,SNA,49,360.0,2025-08,2026-07
AZA,STC,112,1259.0,2025-08,2026-07
AZA,TVC,33,1599.0,2025-08,2026-07
AZA,XNA,42,1006.0,2025-08,2026-07
AZO,DTW,1004,113.0,2025-08,2026-07
AZO,ORD,919,122.0,2025-08,2026-07
BDL,ATL,2270,859.0,2025-08,2026-07
BDL,BNA,386,852.0,2025-08,2026-07
BDL,BWI,1715,283.0,2025-08,2026-07
BDL,CLT,1641,644.0,2025-08,2026-07
BDL,DAL,7,1463.0,2025-08,2026-07
BDL,DCA,1613,313.0,2025-08,2026-07
BDL,DEN,881,1671.0,2025-08,2026-07
BDL,DFW,657,1471.0,2025-08,2026-07
BDL,DTW,1242,549.0,2025-08,2026-07
BDL,FLL,703,1173.0,2025-08,2026-07
BDL,IAD,1054,325.0,2025-08,2026-07
BDL,IAH,71,1507.0,2025-08,2026-07
BDL,JFK,352,106.0,2025-08,2026-07
BDL,MCO,1857,1050.0,2025-08,2026-07
BDL,MDW,811,776.0,2025-08,2026-07
BDL,MIA,423,1194.0,2025-08,2026-07
BDL,MSP,812,1050.0,2025-08,2026-07
BDL,MYR,56,664.0,2025-08,2026-07
BDL,ORD,2299,783.0,2025-08,2026-07
BDL,PBI,506,1133.0,2025-08,2026-07
BDL,PHL,558,195.0,2025-08,2026-07
BDL,RSW,276,1180.0,2025-08,2026-07
BDL,SJU,947,1666.0,2025-08,2026-07
BDL,TPA,671,1111.0,2025-08,2026-07
BET,ANC,701,399.0,2025-08,2026-07
BFF,DEN,618,150.0,2025-08,2026-07
BFL,DEN,726,845.0,2025-08,2026-07
BFL,DFW,298,1271.0,2025-08,2026-07
BFL,PHX,1283,425.0,2025-08,2026-07
BFL,SFO,579,238.0,2025-08,2026-07
BGM,DTW,263,378.0,2025-08,2026-07
BGR,ATL,37,1134.0,2025-08,2026-07
BGR,CLT,277,921.0,2025-08,2026-07
BGR,DCA,1052,590.0,2025-08,2026-07
BGR,DEN,5,1852.0,2025-08,2026-07
BGR,DTW,13,750.0,2025-08,2026-07
BGR,EWR,458,393.0,2025-08,2026-07
BGR,FLL,25,1438.0,2025-08,2026-07
BGR,LGA,250,378.0,2025-08,2026-07
BGR,ORD,685,978.0,2025-08,2026-07
BGR,PGD,70,1433.0,2025-08,2026-07
BGR,PHL,479,473.0,2025-08,2026-07
BGR,PIE,218,1394.0,2025-08,2026-07
BGR,SFB,282,1299.0,2025-08,2026-07
BHM,ACT,1,626.0,2025-08,2026-07
BHM,ATL,3274,134.0,2025-08,2026-07
BHM,BNA,510,177.0,2025-08,2026-07
BHM,BTR,1,332.0,2025-08,2026-07
BHM,BWI,333,682.0,2025-08,2026-07
BHM,CLL,1,600.0,2025-08,2026-07
BHM,CLT,1729,350.0,2025-08,2026-07
BHM,COU,1,474.0,2025-08,2026-07
BHM,DAL,972,587.0,2025-08,2026-07
BHM,DCA,994,653.0,2025-08,2026-07
BHM,DEN,1216,1083.0,2025-08,2026-07
BHM,DFW,2137,597.0,2025-08,2026-07
BHM,DTW,307,625.0,2025-08,2026-07
BHM,EWR,27,850.0,2025-08,2026-07
BHM,FLL,39,650.0,2025-08,2026-07
BHM,HOU,446,570.0,2025-08,2026-07
BHM,IAH,91,562.0,2025-08,2026-07
BHM,LAS,359,1618.0,2025-08,2026-07
BHM,LAX,3,1815.0,2025-08,2026-07
BHM,MCO,844,479.0,2025-08,2026-07
BHM,MDW,452,570.0,2025-08,2026-07
BHM,MIA,647,661.0,2025-08,2026-07
BHM,MKE,2,650.0,2025-08,2026-07
BHM,MSN,2,675.0,2025-08,2026-07
BHM,OKC,7,632.0,2025-08,2026-07
BHM,ORD,1098,584.0,2025-08,2026-07
BHM,PHL,543,772.0,2025-08,2026-07
BHM,PHX,185,1455.0,2025-08,2026-07
BHM,TLH,1,260.0,2025-08,2026-07
BHM,TPA,423,459.0,2025-08,2026-07
BHM,TYS,1,221.0,2025-08,2026-07
BIH,DEN,151,760.0,2025-08,2026-07
BIH,SFO,221,221.0,2025-08,2026-07
BIL,AZA,177,878.0,2025-08,2026-07
BIL,DEN,1765,455.0,2025-08,2026-07
BIL,DFW,687,1081.0,2025-08,2026-07
BIL,LAS,129,754.0,2025-08,2026-07
BIL,MSP,362,748.0,2025-08,2026-07
BIL,ORD,316,1060.0,2025-08,2026-07
BIL,PHX,110,873.0,2025-08,2026-07
BIL,SLC,1068,387.0,2025-08,2026-07
BIS,AZA,241,1092.0,2025-08,2026-07
BIS,DEN,1457,516.0,2025-08,2026-07
BIS,DFW,719,977.0,2025-08,2026-07
BIS,LAS,115,1048.0,2025-08,2026-07
BIS,MSP,1025,386.0,2025-08,2026-07
BIS,ORD,273,715.0,2025-08,2026-07
BIS,SFB,15,1628.0,2025-08,2026-07
BJI,MSP,720,199.0,2025-08,2026-07
BLI,AZA,145,1208.0,2025-08,2026-07
BLI,BUR,49,1030.0,2025-08,2026-07
BLI,LAS,429,954.0,2025-08,2026-07
BLI,LAX,45,1047.0,2025-08,2026-07
BLI,OAK,101,764.0,2025-08,2026-07
BLI,PDX,134,221.0,2025-08,2026-07
BLI,PSP,106,1078.0,2025-08,2026-07
BLI,SAN,4,1142.0,2025-08,2026-07
BLI,SEA,1191,93.0,2025-08,2026-07
BLV,FLL,59,1028.0,2025-08,2026-07
BLV,GUF,112,582.0,2025-08,2026-07
BLV,JAX,48,723.0,2025-08,2026-07
BLV,LAS,55,1400.0,2025-08,2026-07
BLV,MYR,33,696.0,2025-08,2026-07
BLV,PGD,223,921.0,2025-08,2026-07
BLV,PIE,171,841.0,2025-08,2026-07
BLV,SAV,13,658.0,2025-08,2026-07
BLV,SFB,165,835.0,2025-08,2026-07
BLV,SRQ,108,876.0,2025-08,2026-07
BLV,TYS,5,373.0,2025-08,2026-07
BLV,VPS,391,587.0,2025-08,2026-07
BMI,ATL,82,533.0,2025-08,2026-07
BMI,AZA,28,1348.0,2025-08,2026-07
BMI,DFW,716,690.0,2025-08,2026-07
BMI,ORD,849,116.0,2025-08,2026-07
BMI,PIE,111,936.0,2025-08,2026-07
BMI,SFB,126,917.0,2025-08,2026-07
BNA,ABE,66,684.0,2025-08,2026-07
BNA,ABQ,250,1123.0,2025-08,2026-07
BNA,ALB,435,825.0,2025-08,2026-07
BNA,ATL,4190,214.0,2025-08,2026-07
BNA,ATW,88,570.0,2025-08,2026-07
BNA,AUS,3013,756.0,2025-08,2026-07
BNA,BDL,387,852.0,2025-08,2026-07
BNA,BHM,513,177.0,2025-08,2026-07
BNA,BOS,2875,942.0,2025-08,2026-07
BNA,BTR,1,464.0,2025-08,2026-07
BNA,BUF,367,633.0,2025-08,2026-07
BNA,BUR,325,1791.0,2025-08,2026-07
BNA,BWI,1780,587.0,2025-08,2026-07
BNA,BZN,122,1435.0,2025-08,2026-07
BNA,CAK,58,436.0,2025-08,2026-07
BNA,CHS,982,439.0,2025-08,2026-07
BNA,CID,47,481.0,2025-08,2026-07
BNA,CLE,1034,448.0,2025-08,2026-07
BNA,CLT,3425,328.0,2025-08,2026-07
BNA,CMH,1029,338.0,2025-08,2026-07
BNA,CVG,518,230.0,2025-08,2026-07
BNA,DAL,2419,623.0,2025-08,2026-07
BNA,DCA,4231,562.0,2025-08,2026-07
BNA,DEN,3622,1013.0,2025-08,2026-07
BNA,DFW,3417,631.0,2025-08,2026-07
BNA,DSM,162,530.0,2025-08,2026-07
BNA,DTW,2388,456.0,2025-08,2026-07
BNA,ECP,1082,401.0,2025-08,2026-07
BNA,ELP,1,1167.0,2025-08,2026-07
BNA,EWR,1822,748.0,2025-08,2026-07
BNA,EYW,1,849.0,2025-08,2026-07
BNA,FAR,102,910.0,2025-08,2026-07
BNA,FLL,2080,793.0,2025-08,2026-07
BNA,FNT,94,497.0,2025-08,2026-07
BNA,FSD,105,741.0,2025-08,2026-07
BNA,GNV,1,512.0,2025-08,2026-07
BNA,GRR,179,470.0,2025-08,2026-07
BNA,GSP,663,265.0,2025-08,2026-07
BNA,GUF,62,406.0,2025-08,2026-07
BNA,HDN,10,1153.0,2025-08,2026-07
BNA,HOU,1808,670.0,2025-08,2026-07
BNA,IAD,996,542.0,2025-08,2026-07
BNA,IAH,1398,657.0,2025-08,2026-07
BNA,IND,522,249.0,2025-08,2026-07
BNA,JAN,365,327.0,2025-08,2026-07
BNA,JAX,1090,483.0,2025-08,2026-07
BNA,JFK,1380,765.0,2025-08,2026-07
BNA,LAS,2005,1587.0,2025-08,2026-07
BNA,LAX,2310,1798.0,2025-08,2026-07
BNA,LGA,3645,764.0,2025-08,2026-07
BNA,LGB,364,1785.0,2025-08,2026-07
BNA,LIT,297,327.0,2025-08,2026-07
BNA,MCI,1370,491.0,2025-08,2026-07
BNA,MCO,3455,616.0,2025-08,2026-07
BNA,MDT,72,608.0,2025-08,2026-07
BNA,MDW,1870,395.0,2025-08,2026-07
BNA,MEM,513,200.0,2025-08,2026-07
BNA,MIA,2505,806.0,2025-08,2026-07
BNA,MKE,960,475.0,2025-08,2026-07
BNA,MSP,1717,695.0,2025-08,2026-07
BNA,MSY,1478,471.0,2025-08,2026-07
BNA,MTJ,4,1177.0,2025-08,2026-07
BNA,MYR,631,471.0,2025-08,2026-07
BNA,OKC,522,616.0,2025-08,2026-07
BNA,OMA,398,612.0,2025-08,2026-07
BNA,ONT,335,1751.0,2025-08,2026-07
BNA,ORD,4882,409.0,2025-08,2026-07
BNA,ORF,418,585.0,2025-08,2026-07
BNA,PBI,364,757.0,2025-08,2026-07
BNA,PDX,317,1973.0,2025-08,2026-07
BNA,PGD,116,692.0,2025-08,2026-07
BNA,PHL,2771,675.0,2025-08,2026-07
BNA,PHX,2341,1449.0,2025-08,2026-07
BNA,PIA,47,353.0,2025-08,2026-07
BNA,PIE,86,612.0,2025-08,2026-07
BNA,PIT,1096,462.0,2025-08,2026-07
BNA,PNS,949,391.0,2025-08,2026-07
BNA,PVD,377,906.0,2025-08,2026-07
BNA,PVU,95,1388.0,2025-08,2026-07
BNA,PWM,159,1010.0,2025-08,2026-07
BNA,RDU,2173,442.0,2025-08,2026-07
BNA,RFD,46,438.0,2025-08,2026-07
BNA,RIC,465,527.0,2025-08,2026-07
BNA,RSW,801,722.0,2025-08,2026-07
BNA,SAN,1057,1751.0,2025-08,2026-07
BNA,SAT,934,822.0,2025-08,2026-07
BNA,SAV,897,417.0,2025-08,2026-07
BNA,SDF,504,151.0,2025-08,2026-07
BNA,SEA,1458,1978.0,2025-08,2026-07
BNA,SFB,124,598.0,2025-08,2026-07
BNA,SFO,1150,1969.0,2025-08,2026-07
BNA,SHV,26,481.0,2025-08,2026-07
BNA,SJC,245,1947.0,2025-08,2026-07
BNA,SJU,51,1753.0,2025-08,2026-07
BNA,SLC,1198,1404.0,2025-08,2026-07
BNA,SMF,343,1917.0,2025-08,2026-07
BNA,SNA,150,1772.0,2025-08,2026-07
BNA,SRQ,678,648.0,2025-08,2026-07
BNA,STL,1274,272.0,2025-08,2026-07
BNA,SYR,106,741.0,2025-08,2026-07
BNA,TPA,2456,612.0,2025-08,2026-07
BNA,TUL,510,515.0,2025-08,2026-07
BNA,TYS,297,152.0,2025-08,2026-07
BNA,VPS,816,389.0,2025-08,2026-07
BNA,XNA,79,426.0,2025-08,2026-07
BOI,ANC,15,1842.0,2025-08,2026-07
BOI,ATL,537,1838.0,2025-08,2026-07
BOI,AZA,75,749.0,2025-08,2026-07
BOI,BUR,429,656.0,2025-08,2026-07
BOI,DAL,9,1282.0,2025-08,2026-07
BOI,DEN,3029,649.0,2025-08,2026-07
BOI,DFW,777,1272.0,2025-08,2026-07
BOI,GEG,295,287.0,2025-08,2026-07
BOI,LAS,1360,519.0,2025-08,2026-07
BOI,LAX,1370,674.0,2025-08,2026-07
BOI,MDW,87,1448.0,2025-08,2026-07
BOI,MSP,779,1142.0,2025-08,2026-07
BOI,OAK,554,512.0,2025-08,2026-07
BOI,ONT,2,660.0,2025-08,2026-07
BOI,ORD,1098,1437.0,2025-08,2026-07
BOI,PDX,1078,344.0,2025-08,2026-07
BOI,PHX,2006,735.0,2025-08,2026-07
BOI,SAN,1022,749.0,2025-08,2026-07
BOI,SBN,3,1521.0,2025-08,2026-07
BOI,SEA,3747,399.0,2025-08,2026-07
BOI,SFO,1708,522.0,2025-08,2026-07
BOI,SJC,657,523.0,2025-08,2026-07
BOI,SLC,1723,290.0,2025-08,2026-07
BOI,SMF,859,437.0,2025-08,2026-07
BOI,SNA,357,688.0,2025-08,2026-07
BOS,ACK,277,91.0,2025-08,2026-07
BOS,AGS,8,861.0,2025-08,2026-07
BOS,ANC,7,3383.0,2025-08,2026-07
BOS,ATL,4866,946.0,2025-08,2026-07
BOS,AUS,1636,1698.0,2025-08,2026-07
BOS,AVL,217,783.0,2025-08,2026-07
BOS,BNA,2872,942.0,2025-08,2026-07
BOS,BUF,1256,395.0,2025-08,2026-07
BOS,BWI,3419,369.0,2025-08,2026-07
BOS,BZN,196,1991.0,2025-08,2026-07
BOS,CHS,1114,818.0,2025-08,2026-07
BOS,CLE,1606,563.0,2025-08,2026-07
BOS,CLT,3914,728.0,2025-08,2026-07
BOS,CMH,1951,640.0,2025-08,2026-07
BOS,CVG,1941,752.0,2025-08,2026-07
BOS,DAB,234,1068.0,2025-08,2026-07
BOS,DAL,258,1554.0,2025-08,2026-07
BOS,DCA,8748,399.0,2025-08,2026-07
BOS,DEN,3816,1754.0,2025-08,2026-07
BOS,DFW,3587,1562.0,2025-08,2026-07
BOS,DSM,80,1165.0,2025-08,2026-07
BOS,DTW,2521,632.0,2025-08,2026-07
BOS,EWR,3708,200.0,2025-08,2026-07
BOS,EYW,217,1373.0,2025-08,2026-07
BOS,FLL,3239,1237.0,2025-08,2026-07
BOS,GRR,69,740.0,2025-08,2026-07
BOS,GSP,2,795.0,2025-08,2026-07
BOS,HDN,41,1871.0,2025-08,2026-07
BOS,HHH,15,878.0,2025-08,2026-07
BOS,HNL,67,5095.0,2025-08,2026-07
BOS,HOU,1,1609.0,2025-08,2026-07
BOS,IAD,1475,412.0,2025-08,2026-07
BOS,IAH,1987,1597.0,2025-08,2026-07
BOS,ILM,431,672.0,2025-08,2026-07
BOS,IND,1973,818.0,2025-08,2026-07
BOS,JAX,1567,1011.0,2025-08,2026-07
BOS,JFK,5402,187.0,2025-08,2026-07
BOS,LAS,1589,2381.0,2025-08,2026-07
BOS,LAX,4677,2611.0,2025-08,2026-07
BOS,LGA,6917,184.0,2025-08,2026-07
BOS,MCI,631,1256.0,2025-08,2026-07
BOS,MCO,4482,1121.0,2025-08,2026-07
BOS,MDT,112,335.0,2025-08,2026-07
BOS,MDW,1335,861.0,2025-08,2026-07
BOS,MEM,278,1139.0,2025-08,2026-07
BOS,MIA,3312,1258.0,2025-08,2026-07
BOS,MKE,718,860.0,2025-08,2026-07
BOS,MSN,98,932.0,2025-08,2026-07
BOS,MSP,1828,1124.0,2025-08,2026-07
BOS,MSY,840,1367.0,2025-08,2026-07
BOS,MVY,81,70.0,2025-08,2026-07
BOS,MYR,416,738.0,2025-08,2026-07
BOS,ORD,7514,867.0,2025-08,2026-07
BOS,ORF,469,468.0,2025-08,2026-07
BOS,PBI,2079,1197.0,2025-08,2026-07
BOS,PDX,658,2537.0,2025-08,2026-07
BOS,PHL,4829,280.0,2025-08,2026-07
BOS,PHX,1984,2300.0,2025-08,2026-07
BOS,PIT,2092,496.0,2025-08,2026-07
BOS,PQI,356,332.0,2025-08,2026-07
BOS,RDU,2752,612.0,2025-08,2026-07
BOS,RIC,1640,473.0,2025-08,2026-07
BOS,ROC,373,343.0,2025-08,2026-07
BOS,RSW,2134,1249.0,2025-08,2026-07
BOS,SAN,1819,2588.0,2025-08,2026-07
BOS,SAT,348,1764.0,2025-08,2026-07
BOS,SAV,1022,901.0,2025-08,2026-07
BOS,SDF,697,829.0,2025-08,2026-07
BOS,SEA,2472,2496.0,2025-08,2026-07
BOS,SFO,4664,2704.0,2025-08,2026-07
BOS,SJC,6,2689.0,2025-08,2026-07
BOS,SJU,1718,1674.0,2025-08,2026-07
BOS,SLC,1234,2105.0,2025-08,2026-07
BOS,SMF,33,2636.0,2025-08,2026-07
BOS,SRQ,664,1220.0,2025-08,2026-07
BOS,STL,1587,1047.0,2025-08,2026-07
BOS,STT,304,1693.0,2025-08,2026-07
BOS,SYR,464,265.0,2025-08,2026-07
BOS,TPA,2713,1185.0,2025-08,2026-07
BOS,TVC,237,749.0,2025-08,2026-07
BOS,TYS,147,830.0,2025-08,2026-07
BOS,VPS,142,1187.0,2025-08,2026-07
BOS,VRB,224,1144.0,2025-08,2026-07
BPT,DFW,700,270.0,2025-08,2026-07
BQK,ATL,3,238.0,2025-08,2026-07
BQN,EWR,355,1585.0,2025-08,2026-07
BQN,FLL,371,982.0,2025-08,2026-07
BQN,JFK,456,1576.0,2025-08,2026-07
BQN,MCO,983,1129.0,2025-08,2026-07
BQN,MIA,1,981.0,2025-08,2026-07
BRD,MSP,621,114.0,2025-08,2026-07
BRO,DFW,1388,482.0,2025-08,2026-07
BRW,ANC,347,725.0,2025-08,2026-07
BTM,DEN,364,578.0,2025-08,2026-07
BTM,SLC,359,357.0,2025-08,2026-07
BTR,ATL,1057,448.0,2025-08,2026-07
BTR,BHM,1,332.0,2025-08,2026-07
BTR,BNA,1,464.0,2025-08,2026-07
BTR,CLT,750,675.0,2025-08,2026-07
BTR,DCA,294,985.0,2025-08,2026-07
BTR,DFW,2007,383.0,2025-08,2026-07
BTR,IAH,434,253.0,2025-08,2026-07
BTV,ATL,382,961.0,2025-08,2026-07
BTV,CLT,628,761.0,2025-08,2026-07
BTV,DCA,1094,437.0,2025-08,2026-07
BTV,DEN,219,1639.0,2025-08,2026-07
BTV,DTW,330,537.0,2025-08,2026-07
BTV,EWR,573,266.0,2025-08,2026-07
BTV,IAD,310,441.0,2025-08,2026-07
BTV,LGA,60,258.0,2025-08,2026-07
BTV,MCO,13,1194.0,2025-08,2026-07
BTV,MSP,4,987.0,2025-08,2026-07
BTV,ORD,1224,763.0,2025-08,2026-07
BTV,PHL,1071,335.0,2025-08,2026-07
BUF,ATL,1487,712.0,2025-08,2026-07
BUF,BNA,367,633.0,2025-08,2026-07
BUF,BOS,1257,395.0,2025-08,2026-07
BUF,BWI,1725,281.0,2025-08,2026-07
BUF,CLT,1145,546.0,2025-08,2026-07
BUF,DAL,36,1206.0,2025-08,2026-07
BUF,DCA,1078,296.0,2025-08,2026-07
BUF,DEN,585,1359.0,2025-08,2026-07
BUF,DFW,561,1212.0,2025-08,2026-07
BUF,DTW,1186,241.0,2025-08,2026-07
BUF,EWR,458,282.0,2025-08,2026-07
BUF,FLL,540,1166.0,2025-08,2026-07
BUF,HOU,1,1297.0,2025-08,2026-07
BUF,IAD,144,283.0,2025-08,2026-07
BUF,IAH,1,1281.0,2025-08,2026-07
BUF,JFK,1149,301.0,2025-08,2026-07
BUF,LAS,300,1986.0,2025-08,2026-07
BUF,LAX,133,2218.0,2025-08,2026-07
BUF,LGA,1673,292.0,2025-08,2026-07
BUF,MCI,1,870.0,2025-08,2026-07
BUF,MCO,1766,1011.0,2025-08,2026-07
BUF,MDW,813,468.0,2025-08,2026-07
BUF,MIA,25,1185.0,2025-08,2026-07
BUF,MSP,92,735.0,2025-08,2026-07
BUF,MSY,1,1097.0,2025-08,2026-07
BUF,ORD,2129,474.0,2025-08,2026-07
BUF,PBI,3,1123.0,2025-08,2026-07
BUF,PHL,254,279.0,2025-08,2026-07
BUF,PHX,198,1912.0,2025-08,2026-07
BUF,RDU,106,487.0,2025-08,2026-07
BUF,RSW,129,1144.0,2025-08,2026-07
BUF,SJU,72,1845.0,2025-08,2026-07
BUF,SRQ,36,1093.0,2025-08,2026-07
BUF,TPA,728,1053.0,2025-08,2026-07
BUR,ABQ,325,672.0,2025-08,2026-07
BUR,ATL,348,1941.0,2025-08,2026-07
BUR,AUS,346,1241.0,2025-08,2026-07
BUR,BLI,49,1030.0,2025-08,2026-07
BUR,BNA,326,1791.0,2025-08,2026-07
BUR,BOI,427,656.0,2025-08,2026-07
BUR,DAL,390,1243.0,2025-08,2026-07
BUR,DEN,2156,850.0,2025-08,2026-07
BUR,DFW,707,1231.0,2025-08,2026-07
BUR,DSM,21,1436.0,2025-08,2026-07
BUR,EUG,241,732.0,2025-08,2026-07
BUR,HNL,80,2562.0,2025-08,2026-07
BUR,HOU,146,1389.0,2025-08,2026-07
BUR,IND,21,1805.0,2025-08,2026-07
BUR,JFK,169,2465.0,2025-08,2026-07
BUR,LAS,4099,223.0,2025-08,2026-07
BUR,MCI,35,1354.0,2025-08,2026-07
BUR,MDW,320,1740.0,2025-08,2026-07
BUR,MSY,4,1669.0,2025-08,2026-07
BUR,OAK,2709,325.0,2025-08,2026-07
BUR,PDX,987,817.0,2025-08,2026-07
BUR,PHX,3088,369.0,2025-08,2026-07
BUR,PSC,183,833.0,2025-08,2026-07
BUR,PVU,59,553.0,2025-08,2026-07
BUR,RDM,278,709.0,2025-08,2026-07
BUR,RNO,423,374.0,2025-08,2026-07
BUR,SAT,4,1211.0,2025-08,2026-07
BUR,SEA,1578,937.0,2025-08,2026-07
BUR,SFO,3029,326.0,2025-08,2026-07
BUR,SJC,2138,296.0,2025-08,2026-07
BUR,SLC,1466,574.0,2025-08,2026-07
BUR,SMF,2566,358.0,2025-08,2026-07
BUR,STL,191,1583.0,2025-08,2026-07
BUR,STS,656,387.0,2025-08,2026-07
BWI,ABQ,399,1670.0,2025-08,2026-07
BWI,ALB,1730,288.0,2025-08,2026-07
BWI,ATL,5301,577.0,2025-08,2026-07
BWI,AUS,1240,1342.0,2025-08,2026-07
BWI,BDL,1710,283.0,2025-08,2026-07
BWI,BHM,333,682.0,2025-08,2026-07
BWI,BNA,1778,587.0,2025-08,2026-07
BWI,BOS,3419,369.0,2025-08,2026-07
BWI,BUF,1715,281.0,2025-08,2026-07
BWI,CHS,1214,472.0,2025-08,2026-07
BWI,CLE,954,314.0,2025-08,2026-07
BWI,CLT,2910,361.0,2025-08,2026-07
BWI,CMH,1040,337.0,2025-08,2026-07
BWI,COS,97,1503.0,2025-08,2026-07
BWI,CVG,710,430.0,2025-08,2026-07
BWI,DAL,1775,1209.0,2025-08,2026-07
BWI,DEN,2781,1491.0,2025-08,2026-07
BWI,DFW,1299,1217.0,2025-08,2026-07
BWI,DTW,2209,409.0,2025-08,2026-07
BWI,ECP,44,798.0,2025-08,2026-07
BWI,FLL,3056,925.0,2025-08,2026-07
BWI,GRR,433,528.0,2025-08,2026-07
BWI,GSP,709,426.0,2025-08,2026-07
BWI,HOU,1448,1246.0,2025-08,2026-07
BWI,IAH,1284,1235.0,2025-08,2026-07
BWI,IND,1204,516.0,2025-08,2026-07
BWI,ISP,1213,220.0,2025-08,2026-07
BWI,JAN,190,888.0,2025-08,2026-07
BWI,JAX,1379,663.0,2025-08,2026-07
BWI,LAS,1775,2106.0,2025-08,2026-07
BWI,LAX,1679,2329.0,2025-08,2026-07
BWI,LGB,128,2318.0,2025-08,2026-07
BWI,MCI,865,966.0,2025-08,2026-07
BWI,MCO,4577,787.0,2025-08,2026-07
BWI,MDW,1798,611.0,2025-08,2026-07
BWI,MEM,276,787.0,2025-08,2026-07
BWI,MHT,1726,377.0,2025-08,2026-07
BWI,MIA,2239,946.0,2025-08,2026-07
BWI,MKE,813,641.0,2025-08,2026-07
BWI,MSP,1383,936.0,2025-08,2026-07
BWI,MSY,1142,998.0,2025-08,2026-07
BWI,MYR,1024,399.0,2025-08,2026-07
BWI,OKC,8,1180.0,2025-08,2026-07
BWI,ONT,280,2283.0,2025-08,2026-07
BWI,ORD,2624,622.0,2025-08,2026-07
BWI,ORF,1527,159.0,2025-08,2026-07
BWI,PBI,1215,883.0,2025-08,2026-07
BWI,PDX,200,2358.0,2025-08,2026-07
BWI,PHX,1223,1999.0,2025-08,2026-07
BWI,PIT,1053,210.0,2025-08,2026-07
BWI,PNS,8,846.0,2025-08,2026-07
BWI,PVD,1828,327.0,2025-08,2026-07
BWI,PWM,1323,452.0,2025-08,2026-07
BWI,RDU,1747,256.0,2025-08,2026-07
BWI,RIC,714,120.0,2025-08,2026-07
BWI,ROC,1090,277.0,2025-08,2026-07
BWI,RSW,1384,919.0,2025-08,2026-07
BWI,SAN,1144,2295.0,2025-08,2026-07
BWI,SAT,720,1407.0,2025-08,2026-07
BWI,SAV,986,548.0,2025-08,2026-07
BWI,SDF,871,495.0,2025-08,2026-07
BWI,SEA,712,2335.0,2025-08,2026-07
BWI,SFO,1045,2457.0,2025-08,2026-07
BWI,SJC,241,2439.0,2025-08,2026-07
BWI,SJU,1134,1565.0,2025-08,2026-07
BWI,SLC,757,1865.0,2025-08,2026-07
BWI,SMF,361,2395.0,2025-08,2026-07
BWI,SRQ,1231,880.0,2025-08,2026-07
BWI,STL,1254,738.0,2025-08,2026-07
BWI,STT,77,1598.0,2025-08,2026-07
BWI,TPA,2625,842.0,2025-08,2026-07
BWI,TYS,145,464.0,2025-08,2026-07
BWI,VPS,240,819.0,2025-08,2026-07
BZN,ATL,423,1640.0,2025-08,2026-07
BZN,AUS,11,1299.0,2025-08,2026-07
BZN,AZA,150,861.0,2025-08,2026-07
BZN,BNA,122,1435.0,2025-08,2026-07
BZN,BOS,198,1991.0,2025-08,2026-07
BZN,CLT,77,1736.0,2025-08,2026-07
BZN,DAL,18,1172.0,2025-08,2026-07
BZN,DEN,2711,524.0,2025-08,2026-07
BZN,DFW,698,1163.0,2025-08,2026-07
BZN,DTW,18,1400.0,2025-08,2026-07
BZN,EWR,366,1882.0,2025-08,2026-07
BZN,FLL,3,2183.0,2025-08,2026-07
BZN,IAD,51,1773.0,2025-08,2026-07
BZN,IAH,64,1385.0,2025-08,2026-07
BZN,JFK,106,1902.0,2025-08,2026-07
BZN,LAS,596,701.0,2025-08,2026-07
BZN,LAX,543,902.0,2025-08,2026-07
BZN,LGA,25,1894.0,2025-08,2026-07
BZN,LGB,7,904.0,2025-08,2026-07
BZN,MDW,120,1198.0,2025-08,2026-07
BZN,MSP,799,874.0,2025-08,2026-07
BZN,ORD,1253,1185.0,2025-08,2026-07
BZN,PDX,85,554.0,2025-08,2026-07
BZN,PHX,58,853.0,2025-08,2026-07
BZN,SAN,106,956.0,2025-08,2026-07
BZN,SEA,1564,543.0,2025-08,2026-07
BZN,SFO,378,807.0,2025-08,2026-07
BZN,SLC,1156,347.0,2025-08,2026-07
CAE,ATL,1786,192.0,2025-08,2026-07
CAE,CLT,236,88.0,2025-08,2026-07
CAE,DCA,1040,408.0,2025-08,2026-07
CAE,DFW,959,922.0,2025-08,2026-07
CAE,EWR,24,603.0,2025-08,2026-07
CAE,FLL,98,545.0,2025-08,2026-07
CAE,LGA,580,617.0,2025-08,2026-07
CAE,MCO,20,380.0,2025-08,2026-07
CAE,MIA,15,563.0,2025-08,2026-07
CAE,ORD,492,666.0,2025-08,2026-07
CAE,SFB,72,356.0,2025-08,2026-07
CAK,BNA,58,436.0,2025-08,2026-07
CAK,CLT,1385,394.0,2025-08,2026-07
CAK,DCA,302,274.0,2025-08,2026-07
CAK,FLL,72,1026.0,2025-08,2026-07
CAK,JAX,135,719.0,2025-08,2026-07
CAK,LAS,2,1846.0,2025-08,2026-07
CAK,MYR,88,518.0,2025-08,2026-07
CAK,ORD,1917,344.0,2025-08,2026-07
CAK,PGD,151,965.0,2025-08,2026-07
CAK,PIE,133,899.0,2025-08,2026-07
CAK,SAV,160,606.0,2025-08,2026-07
CAK,SFB,121,837.0,2025-08,2026-07
CAK,SRQ,166,934.0,2025-08,2026-07
CAK,VPS,70,774.0,2025-08,2026-07
CDC,SLC,626,221.0,2025-08,2026-07
CDV,ANC,352,160.0,2025-08,2026-07
CDV,YAK,358,213.0,2025-08,2026-07
CHA,ATL,1304,106.0,2025-08,2026-07
CHA,CLT,124,241.0,2025-08,2026-07
CHA,DCA,295,523.0,2025-08,2026-07
CHA,DEN,10,1118.0,2025-08,2026-07
CHA,DFW,1554,695.0,2025-08,2026-07
CHA,DTW,2,505.0,2025-08,2026-07
CHA,EWR,24,718.0,2025-08,2026-07
CHA,FLL,72,687.0,2025-08,2026-07
CHA,IAH,246,686.0,2025-08,2026-07
CHA,LAS,64,1682.0,2025-08,2026-07
CHA,MCO,30,510.0,2025-08,2026-07
CHA,MIA,29,701.0,2025-08,2026-07
CHA,ORD,915,501.0,2025-08,2026-07
CHA,PGD,60,591.0,2025-08,2026-07
CHA,PIE,117,513.0,2025-08,2026-07
CHA,SFB,120,490.0,2025-08,2026-07
CHO,ATL,228,457.0,2025-08,2026-07
CHO,CLT,2,245.0,2025-08,2026-07
CHO,LGA,328,305.0,2025-08,2026-07
CHO,ORD,1162,566.0,2025-08,2026-07
CHS,ATL,3163,259.0,2025-08,2026-07
CHS,AUS,126,1055.0,2025-08,2026-07
CHS,BNA,980,439.0,2025-08,2026-07
CHS,BOS,1111,818.0,2025-08,2026-07
CHS,BWI,1214,472.0,2025-08,2026-07
CHS,CLT,2453,168.0,2025-08,2026-07
CHS,CVG,103,497.0,2025-08,2026-07
CHS,DAL,362,977.0,2025-08,2026-07
CHS,DCA,1672,444.0,2025-08,2026-07
CHS,DEN,639,1449.0,2025-08,2026-07
CHS,DFW,1199,987.0,2025-08,2026-07
CHS,DTW,565,667.0,2025-08,2026-07
CHS,EWR,1293,628.0,2025-08,2026-07
CHS,FLL,493,470.0,2025-08,2026-07
CHS,HOU,193,928.0,2025-08,2026-07
CHS,IAD,750,442.0,2025-08,2026-07
CHS,IAH,210,925.0,2025-08,2026-07
CHS,IND,23,585.0,2025-08,2026-07
CHS,JFK,740,636.0,2025-08,2026-07
CHS,LCK,4,503.0,2025-08,2026-07
CHS,LGA,1387,641.0,2025-08,2026-07
CHS,MCI,8,930.0,2025-08,2026-07
CHS,MDW,368,745.0,2025-08,2026-07
CHS,MIA,995,489.0,2025-08,2026-07
CHS,MSP,313,1087.0,2025-08,2026-07
CHS,ORD,2053,760.0,2025-08,2026-07
CHS,PHL,1068,550.0,2025-08,2026-07
CHS,SEA,345,2415.0,2025-08,2026-07
CHS,STL,158,706.0,2025-08,2026-07
CID,ATL,359,694.0,2025-08,2026-07
CID,AZA,189,1240.0,2025-08,2026-07
CID,BNA,47,481.0,2025-08,2026-07
CID,CLT,449,742.0,2025-08,2026-07
CID,DCA,340,801.0,2025-08,2026-07
CID,DEN,1115,692.0,2025-08,2026-07
CID,DFW,1141,685.0,2025-08,2026-07
CID,FLL,76,1273.0,2025-08,2026-07
CID,LAS,115,1319.0,2025-08,2026-07
CID,LAX,5,1550.0,2025-08,2026-07
CID,MIA,19,1286.0,2025-08,2026-07
CID,MSP,392,220.0,2025-08,2026-07
CID,ORD,2645,196.0,2025-08,2026-07
CID,PDX,1,1557.0,2025-08,2026-07
CID,PGD,169,1170.0,2025-08,2026-07
CID,PHL,1,873.0,2025-08,2026-07
CID,PHX,761,1252.0,2025-08,2026-07
CID,PIE,154,1090.0,2025-08,2026-07
CID,SFB,165,1078.0,2025-08,2026-07
CID,SRQ,27,1125.0,2025-08,2026-07
CIU,DTW,340,285.0,2025-08,2026-07
CIU,MSP,327,434.0,2025-08,2026-07
CIU,ORD,106,341.0,2025-08,2026-07
CKB,IAD,98,150.0,2025-08,2026-07
CKB,MYR,24,394.0,2025-08,2026-07
CKB,ORD,105,444.0,2025-08,2026-07
CKB,PIE,52,798.0,2025-08,2026-07
CKB,SFB,106,727.0,2025-08,2026-07
CKB,VPS,11,705.0,2025-08,2026-07
CLD,DEN,248,840.0,2025-08,2026-07
CLD,PHX,857,306.0,2025-08,2026-07
CLD,SFO,247,422.0,2025-08,2026-07
CLE,ATL,3333,554.0,2025-08,2026-07
CLE,AUS,41,1174.0,2025-08,2026-07
CLE,BNA,1032,448.0,2025-08,2026-07
CLE,BOS,1603,563.0,2025-08,2026-07
CLE,BWI,958,314.0,2025-08,2026-07
CLE,CLT,1749,430.0,2025-08,2026-07
CLE,DAL,1,1015.0,2025-08,2026-07
CLE,DCA,1497,310.0,2025-08,2026-07
CLE,DEN,1829,1201.0,2025-08,2026-07
CLE,DFW,1581,1021.0,2025-08,2026-07
CLE,DTW,1061,95.0,2025-08,2026-07
CLE,EWR,2085,404.0,2025-08,2026-07
CLE,FLL,1211,1062.0,2025-08,2026-07
CLE,IAD,1035,287.0,2025-08,2026-07
CLE,IAH,824,1091.0,2025-08,2026-07
CLE,JFK,642,425.0,2025-08,2026-07
CLE,LAS,977,1824.0,2025-08,2026-07
CLE,LAX,758,2052.0,2025-08,2026-07
CLE,LGA,1699,419.0,2025-08,2026-07
CLE,MCO,2095,895.0,2025-08,2026-07
CLE,MDW,1098,307.0,2025-08,2026-07
CLE,MIA,862,1080.0,2025-08,2026-07
CLE,MKE,1,328.0,2025-08,2026-07
CLE,MSP,638,622.0,2025-08,2026-07
CLE,MSY,5,917.0,2025-08,2026-07
CLE,MYR,83,557.0,2025-08,2026-07
CLE,ORD,4698,316.0,2025-08,2026-07
CLE,PBI,19,1020.0,2025-08,2026-07
CLE,PHL,950,363.0,2025-08,2026-07
CLE,PHX,980,1737.0,2025-08,2026-07
CLE,RDU,205,416.0,2025-08,2026-07
CLE,RSW,924,1025.0,2025-08,2026-07
CLE,SEA,448,2021.0,2025-08,2026-07
CLE,SFO,579,2161.0,2025-08,2026-07
CLE,SJU,35,1839.0,2025-08,2026-07
CLE,SLC,221,1565.0,2025-08,2026-07
CLE,SRQ,117,967.0,2025-08,2026-07
CLE,STL,697,487.0,2025-08,2026-07
CLE,TPA,1014,927.0,2025-08,2026-07
CLL,BHM,1,600.0,2025-08,2026-07
CLL,DFW,1177,164.0,2025-08,2026-07
CLL,GNV,1,845.0,2025-08,2026-07
CLT,ABE,827,481.0,2025-08,2026-07
CLT,ABQ,6,1449.0,2025-08,2026-07
CLT,ACK,23,723.0,2025-08,2026-07
CLT,AGS,94,140.0,2025-08,2026-07
CLT,ALB,1096,646.0,2025-08,2026-07
CLT,ASE,43,1451.0,2025-08,2026-07
CLT,ATL,4302,226.0,2025-08,2026-07
CLT,ATW,381,742.0,2025-08,2026-07
CLT,AUS,1629,1032.0,2025-08,2026-07
CLT,AVL,784,91.0,2025-08,2026-07
CLT,AVP,959,509.0,2025-08,2026-07
CLT,BDL,1641,644.0,2025-08,2026-07
CLT,BGR,277,921.0,2025-08,2026-07
CLT,BHM,1729,350.0,2025-08,2026-07
CLT,BNA,3431,328.0,2025-08,2026-07
CLT,BOS,3922,728.0,2025-08,2026-07
CLT,BTR,754,675.0,2025-08,2026-07
CLT,BTV,627,761.0,2025-08,2026-07
CLT,BUF,1146,546.0,2025-08,2026-07
CLT,BWI,2909,361.0,2025-08,2026-07
CLT,BZN,77,1736.0,2025-08,2026-07
CLT,CAE,234,88.0,2025-08,2026-07
CLT,CAK,1391,394.0,2025-08,2026-07
CLT,CHA,123,241.0,2025-08,2026-07
CLT,CHO,2,245.0,2025-08,2026-07
CLT,CHS,2458,168.0,2025-08,2026-07
CLT,CID,449,742.0,2025-08,2026-07
CLT,CLE,1752,430.0,2025-08,2026-07
CLT,CMH,2011,347.0,2025-08,2026-07
CLT,COU,71,670.0,2025-08,2026-07
CLT,CRW,1101,221.0,2025-08,2026-07
CLT,CVG,1748,335.0,2025-08,2026-07
CLT,DAB,1358,416.0,2025-08,2026-07
CLT,DAL,371,926.0,2025-08,2026-07
CLT,DAY,1350,370.0,2025-08,2026-07
CLT,DCA,2616,331.0,2025-08,2026-07
CLT,DEN,2755,1337.0,2025-08,2026-07
CLT,DFW,3774,935.0,2025-08,2026-07
CLT,DSM,784,815.0,2025-08,2026-07
CLT,DTW,3450,500.0,2025-08,2026-07
CLT,ECP,1106,437.0,2025-08,2026-07
CLT,EGE,73,1455.0,2025-08,2026-07
CLT,ERI,39,475.0,2025-08,2026-07
CLT,EWN,255,222.0,2025-08,2026-07
CLT,EWR,3559,529.0,2025-08,2026-07
CLT,EYW,1230,736.0,2025-08,2026-07
CLT,FAY,220,118.0,2025-08,2026-07
CLT,FLL,2939,632.0,2025-08,2026-07
CLT,FWA,8,460.0,2025-08,2026-07
CLT,GNV,58,388.0,2025-08,2026-07
CLT,GPT,604,577.0,2025-08,2026-07
CLT,GRB,4,744.0,2025-08,2026-07
CLT,GRR,1013,583.0,2025-08,2026-07
CLT,GSO,1173,84.0,2025-08,2026-07
CLT,GSP,1473,75.0,2025-08,2026-07
CLT,HHH,1147,206.0,2025-08,2026-07
CLT,HOU,14,920.0,2025-08,2026-07
CLT,HPN,1299,564.0,2025-08,2026-07
CLT,HSV,404,333.0,2025-08,2026-07
CLT,IAD,1939,322.0,2025-08,2026-07
CLT,IAH,2285,912.0,2025-08,2026-07
CLT,ILM,1787,185.0,2025-08,2026-07
CLT,IND,1927,427.0,2025-08,2026-07
CLT,JAC,137,1685.0,2025-08,2026-07
CLT,JAN,318,562.0,2025-08,2026-07
CLT,JAX,1917,328.0,2025-08,2026-07
CLT,JFK,1948,542.0,2025-08,2026-07
CLT,LAS,2066,1916.0,2025-08,2026-07
CLT,LAX,2248,2125.0,2025-08,2026-07
CLT,LEX,1354,281.0,2025-08,2026-07
CLT,LFT,358,729.0,2025-08,2026-07
CLT,LGA,4078,544.0,2025-08,2026-07
CLT,LIT,1204,640.0,2025-08,2026-07
CLT,LWB,167,185.0,2025-08,2026-07
CLT,MCI,1166,808.0,2025-08,2026-07
CLT,MCO,4646,468.0,2025-08,2026-07
CLT,MDT,723,413.0,2025-08,2026-07
CLT,MDW,705,584.0,2025-08,2026-07
CLT,MEM,1704,511.0,2025-08,2026-07
CLT,MHT,889,738.0,2025-08,2026-07
CLT,MIA,3652,650.0,2025-08,2026-07
CLT,MKE,945,651.0,2025-08,2026-07
CLT,MLB,1099,490.0,2025-08,2026-07
CLT,MLI,157,673.0,2025-08,2026-07
CLT,MOB,11,526.0,2025-08,2026-07
CLT,MSN,1000,708.0,2025-08,2026-07
CLT,MSP,2412,930.0,2025-08,2026-07
CLT,MSY,1690,650.0,2025-08,2026-07
CLT,MVY,10,704.0,2025-08,2026-07
CLT,MYR,2215,157.0,2025-08,2026-07
CLT,OAJ,135,191.0,2025-08,2026-07
CLT,OKC,797,940.0,2025-08,2026-07
CLT,OMA,987,913.0,2025-08,2026-07
CLT,ONT,323,2078.0,2025-08,2026-07
CLT,ORD,4256,599.0,2025-08,2026-07
CLT,ORF,2432,290.0,2025-08,2026-07
CLT,PBI,1802,590.0,2025-08,2026-07
CLT,PDX,435,2282.0,2025-08,2026-07
CLT,PHF,3,282.0,2025-08,2026-07
CLT,PHL,3424,449.0,2025-08,2026-07
CLT,PHX,2853,1773.0,2025-08,2026-07
CLT,PIA,694,607.0,2025-08,2026-07
CLT,PIT,1924,366.0,2025-08,2026-07
CLT,PNS,1851,488.0,2025-08,2026-07
CLT,PSP,15,2020.0,2025-08,2026-07
CLT,PVD,1427,684.0,2025-08,2026-07
CLT,PWM,699,813.0,2025-08,2026-07
CLT,RAP,135,1322.0,2025-08,2026-07
CLT,RDU,2996,130.0,2025-08,2026-07
CLT,RIC,2424,257.0,2025-08,2026-07
CLT,ROA,41,155.0,2025-08,2026-07
CLT,ROC,978,573.0,2025-08,2026-07
CLT,RSW,1751,600.0,2025-08,2026-07
CLT,SAN,1383,2077.0,2025-08,2026-07
CLT,SAT,1356,1095.0,2025-08,2026-07
CLT,SAV,2021,213.0,2025-08,2026-07
CLT,SBN,996,534.0,2025-08,2026-07
CLT,SDF,1719,335.0,2025-08,2026-07
CLT,SEA,1283,2279.0,2025-08,2026-07
CLT,SFO,1481,2296.0,2025-08,2026-07
CLT,SGF,1168,708.0,2025-08,2026-07
CLT,SHD,164,239.0,2025-08,2026-07
CLT,SHV,731,764.0,2025-08,2026-07
CLT,SJC,6,2274.0,2025-08,2026-07
CLT,SJU,1065,1475.0,2025-08,2026-07
CLT,SLC,911,1727.0,2025-08,2026-07
CLT,SMF,422,2244.0,2025-08,2026-07
CLT,SNA,359,2099.0,2025-08,2026-07
CLT,SRQ,1375,547.0,2025-08,2026-07
CLT,STL,1806,575.0,2025-08,2026-07
CLT,STT,601,1520.0,2025-08,2026-07
CLT,STX,115,1562.0,2025-08,2026-07
CLT,SYR,1081,603.0,2025-08,2026-07
CLT,TLH,5,386.0,2025-08,2026-07
CLT,TPA,3055,507.0,2025-08,2026-07
CLT,TUL,681,842.0,2025-08,2026-07
CLT,TVC,231,702.0,2025-08,2026-07
CLT,TYS,869,176.0,2025-08,2026-07
CLT,VPS,1174,460.0,2025-08,2026-07
CLT,VRB,168,522.0,2025-08,2026-07
CLT,XNA,1434,754.0,2025-08,2026-07
CMH,ATL,3105,447.0,2025-08,2026-07
CMH,AUS,413,1073.0,2025-08,2026-07
CMH,BNA,1033,338.0,2025-08,2026-07
CMH,BOS,1962,640.0,2025-08,2026-07
CMH,BWI,1031,337.0,2025-08,2026-07
CMH,CLT,2008,347.0,2025-08,2026-07
CMH,DAL,527,919.0,2025-08,2026-07
CMH,DCA,1989,323.0,2025-08,2026-07
CMH,DEN,1758,1154.0,2025-08,2026-07
CMH,DFW,1689,926.0,2025-08,2026-07
CMH,DTW,1451,155.0,2025-08,2026-07
CMH,ECP,21,684.0,2025-08,2026-07
CMH,EWR,1980,463.0,2025-08,2026-07
CMH,FLL,741,973.0,2025-08,2026-07
CMH,HOU,353,1000.0,2025-08,2026-07
CMH,IAD,970,299.0,2025-08,2026-07
CMH,IAH,516,986.0,2025-08,2026-07
CMH,JFK,1538,483.0,2025-08,2026-07
CMH,LAS,894,1771.0,2025-08,2026-07
CMH,LAX,459,1995.0,2025-08,2026-07
CMH,LGA,2921,479.0,2025-08,2026-07
CMH,MCI,21,632.0,2025-08,2026-07
CMH,MCO,2116,802.0,2025-08,2026-07
CMH,MDW,1219,283.0,2025-08,2026-07
CMH,MIA,1150,990.0,2025-08,2026-07
CMH,MSN,2,398.0,2025-08,2026-07
CMH,MSP,842,626.0,2025-08,2026-07
CMH,MYR,18,488.0,2025-08,2026-07
CMH,ORD,4795,296.0,2025-08,2026-07
CMH,PHL,1387,407.0,2025-08,2026-07
CMH,PHX,1134,1670.0,2025-08,2026-07
CMH,RSW,642,930.0,2025-08,2026-07
CMH,SAN,193,1964.0,2025-08,2026-07
CMH,SAT,1,1139.0,2025-08,2026-07
CMH,SEA,459,2016.0,2025-08,2026-07
CMH,SFO,320,2120.0,2025-08,2026-07
CMH,SLC,361,1528.0,2025-08,2026-07
CMH,SRQ,229,869.0,2025-08,2026-07
CMH,STL,668,409.0,2025-08,2026-07
CMH,TPA,891,829.0,2025-08,2026-07
CMI,DFW,704,692.0,2025-08,2026-07
CMI,ORD,1028,135.0,2025-08,2026-07
CMX,ORD,736,360.0,2025-08,2026-07
COD,DEN,924,391.0,2025-08,2026-07
COD,ORD,10,1077.0,2025-08,2026-07
COS,ATL,578,1184.0,2025-08,2026-07
COS,AZA,66,543.0,2025-08,2026-07
COS,BWI,97,1503.0,2025-08,2026-07
COS,DAL,792,602.0,2025-08,2026-07
COS,DEN,4952,73.0,2025-08,2026-07
COS,DFW,1884,592.0,2025-08,2026-07
COS,HOU,193,829.0,2025-08,2026-07
COS,IAH,246,809.0,2025-08,2026-07
COS,LAS,861,604.0,2025-08,2026-07
COS,MDW,187,917.0,2025-08,2026-07
COS,MSP,93,725.0,2025-08,2026-07
COS,ORD,980,911.0,2025-08,2026-07
COS,PHX,1000,551.0,2025-08,2026-07
COS,PIE,105,1472.0,2025-08,2026-07
COS,SAN,169,816.0,2025-08,2026-07
COS,SAT,19,732.0,2025-08,2026-07
COS,SLC,720,411.0,2025-08,2026-07
COS,SNA,93,815.0,2025-08,2026-07
COU,BHM,1,474.0,2025-08,2026-07
COU,CLT,71,670.0,2025-08,2026-07
COU,DEN,305,671.0,2025-08,2026-07
COU,DFW,1210,490.0,2025-08,2026-07
COU,ORD,1903,315.0,2025-08,2026-07
COU,SFB,17,936.0,2025-08,2026-07
COU,VPS,17,659.0,2025-08,2026-07
CPR,DEN,2580,230.0,2025-08,2026-07
CRP,DEN,83,930.0,2025-08,2026-07
CRP,DFW,2439,355.0,2025-08,2026-07
CRP,HOU,974,187.0,2025-08,2026-07
CRP,IAH,534,201.0,2025-08,2026-07
CRW,ATL,222,363.0,2025-08,2026-07
CRW,CLT,1103,221.0,2025-08,2026-07
CRW,DCA,311,249.0,2025-08,2026-07
CRW,ORD,910,416.0,2025-08,2026-07
CSG,ATL,14,83.0,2025-08,2026-07
CVG,ATL,2981,373.0,2025-08,2026-07
CVG,AUS,183,958.0,2025-08,2026-07
CVG,AZA,83,1553.0,2025-08,2026-07
CVG,BNA,518,230.0,2025-08,2026-07
CVG,BOS,1936,752.0,2025-08,2026-07
CVG,BWI,712,430.0,2025-08,2026-07
CVG,CHS,103,497.0,2025-08,2026-07
CVG,CLT,1748,335.0,2025-08,2026-07
CVG,DCA,966,411.0,2025-08,2026-07
CVG,DEN,1490,1069.0,2025-08,2026-07
CVG,DFW,1654,812.0,2025-08,2026-07
CVG,DTW,24,229.0,2025-08,2026-07
CVG,EWR,494,569.0,2025-08,2026-07
CVG,EYW,108,1013.0,2025-08,2026-07
CVG,FLL,979,932.0,2025-08,2026-07
CVG,GUF,112,627.0,2025-08,2026-07
CVG,IAD,575,388.0,2025-08,2026-07
CVG,IAH,686,871.0,2025-08,2026-07
CVG,JAX,130,613.0,2025-08,2026-07
CVG,JFK,652,589.0,2025-08,2026-07
CVG,LAS,667,1678.0,2025-08,2026-07
CVG,LAX,349,1900.0,2025-08,2026-07
CVG,LGA,307,585.0,2025-08,2026-07
CVG,MCO,1774,757.0,2025-08,2026-07
CVG,MDW,532,249.0,2025-08,2026-07
CVG,MIA,975,948.0,2025-08,2026-07
CVG,MLB,105,789.0,2025-08,2026-07
CVG,MSP,820,596.0,2025-08,2026-07
CVG,MSY,55,701.0,2025-08,2026-07
CVG,MYR,129,489.0,2025-08,2026-07
CVG,ORD,4492,264.0,2025-08,2026-07
CVG,ORF,4,485.0,2025-08,2026-07
CVG,PBI,84,892.0,2025-08,2026-07
CVG,PDX,45,1975.0,2025-08,2026-07
CVG,PGD,348,850.0,2025-08,2026-07
CVG,PHL,1218,507.0,2025-08,2026-07
CVG,PHX,603,1569.0,2025-08,2026-07
CVG,PIE,349,776.0,2025-08,2026-07
CVG,RSW,665,879.0,2025-08,2026-07
CVG,SAV,191,515.0,2025-08,2026-07
CVG,SEA,785,1965.0,2025-08,2026-07
CVG,SFB,350,735.0,2025-08,2026-07
CVG,SLC,818,1450.0,2025-08,2026-07
CVG,SNA,21,1877.0,2025-08,2026-07
CVG,SRQ,309,812.0,2025-08,2026-07
CVG,TPA,724,773.0,2025-08,2026-07
CVG,VPS,414,600.0,2025-08,2026-07
CWA,ORD,964,213.0,2025-08,2026-07
CYS,DEN,722,90.0,2025-08,2026-07
DAB,ATL,1428,366.0,2025-08,2026-07
DAB,BOS,234,1068.0,2025-08,2026-07
DAB,CLT,1357,416.0,2025-08,2026-07
DAB,DCA,5,705.0,2025-08,2026-07
DAB,DFW,4,981.0,2025-08,2026-07
DAB,DTW,2,908.0,2025-08,2026-07
DAB,JFK,228,891.0,2025-08,2026-07
DAB,LGA,2,897.0,2025-08,2026-07
DAL,ABQ,1604,580.0,2025-08,2026-07
DAL,AMA,1251,323.0,2025-08,2026-07
DAL,ATL,3283,721.0,2025-08,2026-07
DAL,AUS,2312,189.0,2025-08,2026-07
DAL,BDL,7,1463.0,2025-08,2026-07
DAL,BHM,965,587.0,2025-08,2026-07
DAL,BNA,2398,623.0,2025-08,2026-07
DAL,BOI,9,1282.0,2025-08,2026-07
DAL,BOS,258,1554.0,2025-08,2026-07
DAL,BUF,36,1206.0,2025-08,2026-07
DAL,BUR,389,1243.0,2025-08,2026-07
DAL,BWI,1779,1209.0,2025-08,2026-07
DAL,BZN,18,1172.0,2025-08,2026-07
DAL,CHS,362,977.0,2025-08,2026-07
DAL,CLE,1,1015.0,2025-08,2026-07
DAL,CLT,373,926.0,2025-08,2026-07
DAL,CMH,530,919.0,2025-08,2026-07
DAL,COS,792,602.0,2025-08,2026-07
DAL,DCA,1698,1184.0,2025-08,2026-07
DAL,DEN,2944,651.0,2025-08,2026-07
DAL,ECP,689,674.0,2025-08,2026-07
DAL,ELP,1752,562.0,2025-08,2026-07
DAL,FAT,10,1325.0,2025-08,2026-07
DAL,FLL,541,1108.0,2025-08,2026-07
DAL,GEG,18,1486.0,2025-08,2026-07
DAL,HDN,63,779.0,2025-08,2026-07
DAL,HOU,3974,239.0,2025-08,2026-07
DAL,HRL,376,458.0,2025-08,2026-07
DAL,IND,666,755.0,2025-08,2026-07
DAL,JAX,349,906.0,2025-08,2026-07
DAL,LAS,2823,1067.0,2025-08,2026-07
DAL,LAX,1455,1246.0,2025-08,2026-07
DAL,LBB,1487,293.0,2025-08,2026-07
DAL,LGA,1489,1381.0,2025-08,2026-07
DAL,LGB,503,1232.0,2025-08,2026-07
DAL,LIT,1031,296.0,2025-08,2026-07
DAL,MAF,1338,319.0,2025-08,2026-07
DAL,MCI,2026,461.0,2025-08,2026-07
DAL,MCO,2595,973.0,2025-08,2026-07
DAL,MDW,2135,793.0,2025-08,2026-07
DAL,MEM,450,423.0,2025-08,2026-07
DAL,MIA,408,1109.0,2025-08,2026-07
DAL,MKE,396,850.0,2025-08,2026-07
DAL,MSP,43,853.0,2025-08,2026-07
DAL,MSY,2263,437.0,2025-08,2026-07
DAL,MTJ,50,733.0,2025-08,2026-07
DAL,MYR,47,1038.0,2025-08,2026-07
DAL,OAK,413,1468.0,2025-08,2026-07
DAL,OKC,295,181.0,2025-08,2026-07
DAL,OMA,429,586.0,2025-08,2026-07
DAL,ONT,394,1200.0,2025-08,2026-07
DAL,ORD,446,798.0,2025-08,2026-07
DAL,ORF,77,1203.0,2025-08,2026-07
DAL,PBI,5,1091.0,2025-08,2026-07
DAL,PDX,229,1626.0,2025-08,2026-07
DAL,PHL,321,1295.0,2025-08,2026-07
DAL,PHX,2815,879.0,2025-08,2026-07
DAL,PIT,363,1060.0,2025-08,2026-07
DAL,PNS,487,592.0,2025-08,2026-07
DAL,PSP,3,1137.0,2025-08,2026-07
DAL,PVD,8,1521.0,2025-08,2026-07
DAL,RDU,414,1052.0,2025-08,2026-07
DAL,RNO,98,1356.0,2025-08,2026-07
DAL,RSW,119,1005.0,2025-08,2026-07
DAL,SAN,1557,1182.0,2025-08,2026-07
DAL,SAT,2712,247.0,2025-08,2026-07
DAL,SAV,326,915.0,2025-08,2026-07
DAL,SDF,346,725.0,2025-08,2026-07
DAL,SEA,219,1670.0,2025-08,2026-07
DAL,SFO,146,1476.0,2025-08,2026-07
DAL,SJC,420,1450.0,2025-08,2026-07
DAL,SLC,667,999.0,2025-08,2026-07
DAL,SMF,656,1442.0,2025-08,2026-07
DAL,SNA,361,1216.0,2025-08,2026-07
DAL,SRQ,114,934.0,2025-08,2026-07
DAL,STL,1912,546.0,2025-08,2026-07
DAL,TPA,1273,917.0,2025-08,2026-07
DAL,TUL,1039,237.0,2025-08,2026-07
DAL,TUS,220,824.0,2025-08,2026-07
DAL,TYS,149,762.0,2025-08,2026-07
DAL,VPS,442,630.0,2025-08,2026-07
DAY,ATL,1374,432.0,2025-08,2026-07
DAY,CLT,1350,370.0,2025-08,2026-07
DAY,DCA,929,391.0,2025-08,2026-07
DAY,DEN,362,1085.0,2025-08,2026-07
DAY,DFW,1326,861.0,2025-08,2026-07
DAY,LGA,23,549.0,2025-08,2026-07
DAY,MYR,20,520.0,2025-08,2026-07
DAY,ORD,1693,240.0,2025-08,2026-07
DAY,PGD,94,904.0,2025-08,2026-07
DAY,PHL,348,477.0,2025-08,2026-07
DAY,PIE,105,831.0,2025-08,2026-07
DAY,SFB,80,785.0,2025-08,2026-07
DCA,ACK,271,405.0,2025-08,2026-07
DCA,AGS,322,468.0,2025-08,2026-07
DCA,ALB,1124,318.0,2025-08,2026-07
DCA,ATL,6575,547.0,2025-08,2026-07
DCA,AUS,362,1315.0,2025-08,2026-07
DCA,AVL,501,384.0,2025-08,2026-07
DCA,BDL,1617,313.0,2025-08,2026-07
DCA,BGR,1042,590.0,2025-08,2026-07
DCA,BHM,999,653.0,2025-08,2026-07
DCA,BNA,4236,562.0,2025-08,2026-07
DCA,BOS,8733,399.0,2025-08,2026-07
DCA,BTR,279,985.0,2025-08,2026-07
DCA,BTV,1090,437.0,2025-08,2026-07
DCA,BUF,1079,296.0,2025-08,2026-07
DCA,CAE,1034,408.0,2025-08,2026-07
DCA,CAK,311,274.0,2025-08,2026-07
DCA,CHA,282,523.0,2025-08,2026-07
DCA,CHS,1692,444.0,2025-08,2026-07
DCA,CID,355,801.0,2025-08,2026-07
DCA,CLE,1501,310.0,2025-08,2026-07
DCA,CLT,2601,331.0,2025-08,2026-07
DCA,CMH,1988,323.0,2025-08,2026-07
DCA,CRW,307,249.0,2025-08,2026-07
DCA,CVG,983,411.0,2025-08,2026-07
DCA,DAB,5,705.0,2025-08,2026-07
DCA,DAL,1702,1184.0,2025-08,2026-07
DCA,DAY,928,391.0,2025-08,2026-07
DCA,DEN,1335,1476.0,2025-08,2026-07
DCA,DFW,3199,1192.0,2025-08,2026-07
DCA,DSM,662,897.0,2025-08,2026-07
DCA,DTW,2867,405.0,2025-08,2026-07
DCA,ECP,372,769.0,2025-08,2026-07
DCA,EWR,268,199.0,2025-08,2026-07
DCA,EYW,580,1023.0,2025-08,2026-07
DCA,FLL,2255,899.0,2025-08,2026-07
DCA,GRB,2,692.0,2025-08,2026-07
DCA,GRR,693,524.0,2025-08,2026-07
DCA,GSO,760,248.0,2025-08,2026-07
DCA,GSP,973,396.0,2025-08,2026-07
DCA,HHH,326,501.0,2025-08,2026-07
DCA,HOU,1034,1218.0,2025-08,2026-07
DCA,HPN,1272,234.0,2025-08,2026-07
DCA,HSV,1263,613.0,2025-08,2026-07
DCA,HYA,101,407.0,2025-08,2026-07
DCA,IAH,3209,1208.0,2025-08,2026-07
DCA,ICT,299,1110.0,2025-08,2026-07
DCA,ILM,829,320.0,2025-08,2026-07
DCA,IND,1954,500.0,2025-08,2026-07
DCA,JAN,276,860.0,2025-08,2026-07
DCA,JAX,1425,634.0,2025-08,2026-07
DCA,JFK,2358,213.0,2025-08,2026-07
DCA,LAN,285,479.0,2025-08,2026-07
DCA,LAS,720,2089.0,2025-08,2026-07
DCA,LAX,1429,2311.0,2025-08,2026-07
DCA,LEX,294,414.0,2025-08,2026-07
DCA,LGA,4548,214.0,2025-08,2026-07
DCA,LIT,356,888.0,2025-08,2026-07
DCA,MCI,1867,949.0,2025-08,2026-07
DCA,MCO,4465,759.0,2025-08,2026-07
DCA,MDW,2043,601.0,2025-08,2026-07
DCA,MEM,1074,762.0,2025-08,2026-07
DCA,MGM,285,693.0,2025-08,2026-07
DCA,MHT,1015,406.0,2025-08,2026-07
DCA,MIA,3880,919.0,2025-08,2026-07
DCA,MKE,1287,634.0,2025-08,2026-07
DCA,MSN,1153,707.0,2025-08,2026-07
DCA,MSP,2524,931.0,2025-08,2026-07
DCA,MSY,1889,969.0,2025-08,2026-07
DCA,MVY,265,383.0,2025-08,2026-07
DCA,MYR,719,372.0,2025-08,2026-07
DCA,OKC,669,1158.0,2025-08,2026-07
DCA,OMA,632,1012.0,2025-08,2026-07
DCA,ORD,6807,612.0,2025-08,2026-07
DCA,ORF,996,142.0,2025-08,2026-07
DCA,PBI,1770,857.0,2025-08,2026-07
DCA,PDX,361,2350.0,2025-08,2026-07
DCA,PHL,769,120.0,2025-08,2026-07
DCA,PHX,1070,1979.0,2025-08,2026-07
DCA,PIT,1374,204.0,2025-08,2026-07
DCA,PNS,1032,816.0,2025-08,2026-07
DCA,PVD,2315,356.0,2025-08,2026-07
DCA,PWM,1119,482.0,2025-08,2026-07
DCA,RDU,1918,227.0,2025-08,2026-07
DCA,ROC,976,296.0,2025-08,2026-07
DCA,RSW,810,892.0,2025-08,2026-07
DCA,SAN,358,2276.0,2025-08,2026-07
DCA,SAT,343,1380.0,2025-08,2026-07
DCA,SAV,1053,519.0,2025-08,2026-07
DCA,SBN,16,528.0,2025-08,2026-07
DCA,SDF,978,474.0,2025-08,2026-07
DCA,SEA,1076,2329.0,2025-08,2026-07
DCA,SFO,1081,2442.0,2025-08,2026-07
DCA,SJU,358,1554.0,2025-08,2026-07
DCA,SLC,360,1851.0,2025-08,2026-07
DCA,SRQ,456,851.0,2025-08,2026-07
DCA,STL,2355,719.0,2025-08,2026-07
DCA,SYR,981,298.0,2025-08,2026-07
DCA,TLH,339,716.0,2025-08,2026-07
DCA,TPA,2188,814.0,2025-08,2026-07
DCA,TUL,385,1050.0,2025-08,2026-07
DCA,TVC,153,599.0,2025-08,2026-07
DCA,TYS,983,437.0,2025-08,2026-07
DCA,VPS,355,789.0,2025-08,2026-07
DCA,XNA,347,963.0,2025-08,2026-07
DDC,DEN,619,292.0,2025-08,2026-07
DEC,ORD,593,156.0,2025-08,2026-07
DEN,ABE,46,1539.0,2025-08,2026-07
DEN,ABI,274,584.0,2025-08,2026-07
DEN,ABQ,3188,349.0,2025-08,2026-07
DEN,ACV,367,1026.0,2025-08,2026-07
DEN,ALB,317,1610.0,2025-08,2026-07
DEN,AMA,672,359.0,2025-08,2026-07
DEN,ANC,795,2405.0,2025-08,2026-07
DEN,ASE,2584,125.0,2025-08,2026-07
DEN,ATL,5551,1199.0,2025-08,2026-07
DEN,ATW,408,883.0,2025-08,2026-07
DEN,ATY,362,519.0,2025-08,2026-07
DEN,AUS,5365,775.0,2025-08,2026-07
DEN,AVL,423,1248.0,2025-08,2026-07
DEN,BDL,878,1671.0,2025-08,2026-07
DEN,BFF,618,150.0,2025-08,2026-07
DEN,BFL,729,845.0,2025-08,2026-07
DEN,BGR,5,1852.0,2025-08,2026-07
DEN,BHM,1213,1083.0,2025-08,2026-07
DEN,BIH,152,760.0,2025-08,2026-07
DEN,BIL,1767,455.0,2025-08,2026-07
DEN,BIS,1457,516.0,2025-08,2026-07
DEN,BNA,3620,1013.0,2025-08,2026-07
DEN,BOI,3034,649.0,2025-08,2026-07
DEN,BOS,3819,1754.0,2025-08,2026-07
DEN,BTM,364,578.0,2025-08,2026-07
DEN,BTV,219,1639.0,2025-08,2026-07
DEN,BUF,586,1359.0,2025-08,2026-07
DEN,BUR,2167,850.0,2025-08,2026-07
DEN,BWI,2786,1491.0,2025-08,2026-07
DEN,BZN,2713,524.0,2025-08,2026-07
DEN,CHA,10,1118.0,2025-08,2026-07
DEN,CHS,640,1449.0,2025-08,2026-07
DEN,CID,1121,692.0,2025-08,2026-07
DEN,CLD,249,840.0,2025-08,2026-07
DEN,CLE,1835,1201.0,2025-08,2026-07
DEN,CLT,2753,1337.0,2025-08,2026-07
DEN,CMH,1756,1154.0,2025-08,2026-07
DEN,COD,926,391.0,2025-08,2026-07
DEN,COS,4950,73.0,2025-08,2026-07
DEN,COU,305,671.0,2025-08,2026-07
DEN,CPR,2578,230.0,2025-08,2026-07
DEN,CRP,84,930.0,2025-08,2026-07
DEN,CVG,1489,1069.0,2025-08,2026-07
DEN,CYS,724,90.0,2025-08,2026-07
DEN,DAL,2947,651.0,2025-08,2026-07
DEN,DAY,363,1085.0,2025-08,2026-07
DEN,DCA,1339,1476.0,2025-08,2026-07
DEN,DDC,621,292.0,2025-08,2026-07
DEN,DFW,5916,641.0,2025-08,2026-07
DEN,DIK,673,488.0,2025-08,2026-07
DEN,DRO,2167,251.0,2025-08,2026-07
DEN,DSM,2319,589.0,2025-08,2026-07
DEN,DTW,3083,1123.0,2025-08,2026-07
DEN,DVL,615,638.0,2025-08,2026-07
DEN,EAR,623,305.0,2025-08,2026-07
DEN,ECP,208,1250.0,2025-08,2026-07
DEN,EGE,1166,120.0,2025-08,2026-07
DEN,ELP,1859,563.0,2025-08,2026-07
DEN,EUG,1265,996.0,2025-08,2026-07
DEN,EWR,3309,1605.0,2025-08,2026-07
DEN,FAI,127,2430.0,2025-08,2026-07
DEN,FAR,1410,627.0,2025-08,2026-07
DEN,FAT,1451,844.0,2025-08,2026-07
DEN,FCA,1005,752.0,2025-08,2026-07
DEN,FLL,1599,1703.0,2025-08,2026-07
DEN,FMN,365,289.0,2025-08,2026-07
DEN,FOD,68,576.0,2025-08,2026-07
DEN,FSD,1803,483.0,2025-08,2026-07
DEN,GCC,720,313.0,2025-08,2026-07
DEN,GEG,2045,836.0,2025-08,2026-07
DEN,GJT,2230,212.0,2025-08,2026-07
DEN,GRB,6,905.0,2025-08,2026-07
DEN,GRR,1233,1015.0,2025-08,2026-07
DEN,GSO,158,1370.0,2025-08,2026-07
DEN,GSP,362,1278.0,2025-08,2026-07
DEN,GTF,724,623.0,2025-08,2026-07
DEN,GUC,987,152.0,2025-08,2026-07
DEN,HDN,1421,141.0,2025-08,2026-07
DEN,HLN,809,594.0,2025-08,2026-07
DEN,HNL,637,3365.0,2025-08,2026-07
DEN,HOB,358,501.0,2025-08,2026-07
DEN,HOU,2352,883.0,2025-08,2026-07
DEN,HRL,3,1023.0,2025-08,2026-07
DEN,HSV,727,1048.0,2025-08,2026-07
DEN,HYS,614,298.0,2025-08,2026-07
DEN,IAD,3446,1452.0,2025-08,2026-07
DEN,IAH,4702,861.0,2025-08,2026-07
DEN,ICT,2197,420.0,2025-08,2026-07
DEN,IDA,1690,458.0,2025-08,2026-07
DEN,ILM,13,1522.0,2025-08,2026-07
DEN,IND,2487,976.0,2025-08,2026-07
DEN,JAC,1612,406.0,2025-08,2026-07
DEN,JAX,1020,1446.0,2025-08,2026-07
DEN,JFK,1511,1626.0,2025-08,2026-07
DEN,JLN,325,582.0,2025-08,2026-07
DEN,JMS,619,573.0,2025-08,2026-07
DEN,KOA,367,3329.0,2025-08,2026-07
DEN,LAR,619,113.0,2025-08,2026-07
DEN,LAS,7090,628.0,2025-08,2026-07
DEN,LAX,7673,862.0,2025-08,2026-07
DEN,LBB,968,456.0,2025-08,2026-07
DEN,LBF,622,227.0,2025-08,2026-07
DEN,LBL,615,280.0,2025-08,2026-07
DEN,LEX,362,1086.0,2025-08,2026-07
DEN,LGA,4538,1620.0,2025-08,2026-07
DEN,LGB,999,854.0,2025-08,2026-07
DEN,LIH,374,3414.0,2025-08,2026-07
DEN,LIT,1564,771.0,2025-08,2026-07
DEN,LNK,1576,423.0,2025-08,2026-07
DEN,MAF,1491,563.0,2025-08,2026-07
DEN,MCI,4306,533.0,2025-08,2026-07
DEN,MCO,4512,1547.0,2025-08,2026-07
DEN,MDW,2189,895.0,2025-08,2026-07
DEN,MEM,1353,872.0,2025-08,2026-07
DEN,MFR,729,964.0,2025-08,2026-07
DEN,MIA,2455,1709.0,2025-08,2026-07
DEN,MKE,2310,896.0,2025-08,2026-07
DEN,MLI,366,751.0,2025-08,2026-07
DEN,MOT,1096,604.0,2025-08,2026-07
DEN,MRY,724,959.0,2025-08,2026-07
DEN,MSN,1096,826.0,2025-08,2026-07
DEN,MSO,1200,679.0,2025-08,2026-07
DEN,MSP,5811,680.0,2025-08,2026-07
DEN,MSY,2264,1062.0,2025-08,2026-07
DEN,MTJ,1415,197.0,2025-08,2026-07
DEN,MYR,92,1484.0,2025-08,2026-07
DEN,OAK,1595,957.0,2025-08,2026-07
DEN,OGG,382,3302.0,2025-08,2026-07
DEN,OKC,3117,495.0,2025-08,2026-07
DEN,OMA,3299,472.0,2025-08,2026-07
DEN,ONT,2640,819.0,2025-08,2026-07
DEN,ORD,6062,888.0,2025-08,2026-07
DEN,ORF,630,1553.0,2025-08,2026-07
DEN,OTH,158,1040.0,2025-08,2026-07
DEN,PAE,41,1036.0,2025-08,2026-07
DEN,PBI,271,1679.0,2025-08,2026-07
DEN,PDX,4275,991.0,2025-08,2026-07
DEN,PHL,2995,1558.0,2025-08,2026-07
DEN,PHX,8903,602.0,2025-08,2026-07
DEN,PIA,427,793.0,2025-08,2026-07
DEN,PIR,650,385.0,2025-08,2026-07
DEN,PIT,1651,1290.0,2025-08,2026-07
DEN,PNS,627,1179.0,2025-08,2026-07
DEN,PRC,603,558.0,2025-08,2026-07
DEN,PSC,728,853.0,2025-08,2026-07
DEN,PSP,2017,776.0,2025-08,2026-07
DEN,PVD,153,1737.0,2025-08,2026-07
DEN,PWM,214,1782.0,2025-08,2026-07
DEN,RAP,2839,301.0,2025-08,2026-07
DEN,RDD,332,932.0,2025-08,2026-07
DEN,RDM,725,898.0,2025-08,2026-07
DEN,RDU,1728,1436.0,2025-08,2026-07
DEN,RIC,785,1481.0,2025-08,2026-07
DEN,RIW,723,296.0,2025-08,2026-07
DEN,RKS,724,260.0,2025-08,2026-07
DEN,RNO,2462,804.0,2025-08,2026-07
DEN,ROW,328,452.0,2025-08,2026-07
DEN,RSW,1151,1607.0,2025-08,2026-07
DEN,SAF,1637,303.0,2025-08,2026-07
DEN,SAN,5995,853.0,2025-08,2026-07
DEN,SAT,3035,794.0,2025-08,2026-07
DEN,SAV,373,1414.0,2025-08,2026-07
DEN,SBA,1070,916.0,2025-08,2026-07
DEN,SBP,721,931.0,2025-08,2026-07
DEN,SCK,9,902.0,2025-08,2026-07
DEN,SDF,1088,1024.0,2025-08,2026-07
DEN,SEA,6277,1024.0,2025-08,2026-07
DEN,SFO,5448,967.0,2025-08,2026-07
DEN,SGF,1291,637.0,2025-08,2026-07
DEN,SGU,1071,517.0,2025-08,2026-07
DEN,SHR,761,359.0,2025-08,2026-07
DEN,SHV,432,792.0,2025-08,2026-07
DEN,SJC,2551,948.0,2025-08,2026-07
DEN,SJU,332,2733.0,2025-08,2026-07
DEN,SLC,7704,391.0,2025-08,2026-07
DEN,SLN,365,383.0,2025-08,2026-07
DEN,SMF,3839,909.0,2025-08,2026-07
DEN,SNA,3675,846.0,2025-08,2026-07
DEN,SRQ,312,1531.0,2025-08,2026-07
DEN,STL,3678,770.0,2025-08,2026-07
DEN,STS,16,977.0,2025-08,2026-07
DEN,SUN,630,557.0,2025-08,2026-07
DEN,SUX,511,466.0,2025-08,2026-07
DEN,SYR,474,1492.0,2025-08,2026-07
DEN,TPA,3075,1506.0,2025-08,2026-07
DEN,TUL,2431,541.0,2025-08,2026-07
DEN,TUS,2721,639.0,2025-08,2026-07
DEN,TVC,243,1032.0,2025-08,2026-07
DEN,TYS,997,1162.0,2025-08,2026-07
DEN,VPS,28,1210.0,2025-08,2026-07
DEN,WYS,207,469.0,2025-08,2026-07
DEN,XNA,1307,616.0,2025-08,2026-07
DEN,XWA,1353,582.0,2025-08,2026-07
DFW,ABI,1712,158.0,2025-08,2026-07
DFW,ABQ,2208,569.0,2025-08,2026-07
DFW,ACT,1031,90.0,2025-08,2026-07
DFW,AEX,1005,285.0,2025-08,2026-07
DFW,AGS,635,874.0,2025-08,2026-07
DFW,ALB,196,1434.0,2025-08,2026-07
DFW,AMA,2314,312.0,2025-08,2026-07
DFW,ANC,393,3043.0,2025-08,2026-07
DFW,ASE,1134,701.0,2025-08,2026-07
DFW,ATL,6516,731.0,2025-08,2026-07
DFW,ATW,419,908.0,2025-08,2026-07
DFW,AUS,4548,190.0,2025-08,2026-07
DFW,AVL,703,848.0,2025-08,2026-07
DFW,BDL,658,1471.0,2025-08,2026-07
DFW,BFL,299,1271.0,2025-08,2026-07
DFW,BHM,2137,597.0,2025-08,2026-07
DFW,BIL,685,1081.0,2025-08,2026-07
DFW,BIS,719,977.0,2025-08,2026-07
DFW,BMI,716,690.0,2025-08,2026-07
DFW,BNA,3428,631.0,2025-08,2026-07
DFW,BOI,778,1272.0,2025-08,2026-07
DFW,BOS,3591,1562.0,2025-08,2026-07
DFW,BPT,698,270.0,2025-08,2026-07
DFW,BRO,1388,482.0,2025-08,2026-07
DFW,BTR,2011,383.0,2025-08,2026-07
DFW,BUF,561,1212.0,2025-08,2026-07
DFW,BUR,708,1231.0,2025-08,2026-07
DFW,BWI,1299,1217.0,2025-08,2026-07
DFW,BZN,698,1163.0,2025-08,2026-07
DFW,CAE,959,922.0,2025-08,2026-07
DFW,CHA,1562,695.0,2025-08,2026-07
DFW,CHS,1196,987.0,2025-08,2026-07
DFW,CID,1142,685.0,2025-08,2026-07
DFW,CLE,1580,1021.0,2025-08,2026-07
DFW,CLL,1175,164.0,2025-08,2026-07
DFW,CLT,3771,935.0,2025-08,2026-07
DFW,CMH,1690,926.0,2025-08,2026-07
DFW,CMI,706,692.0,2025-08,2026-07
DFW,COS,1881,592.0,2025-08,2026-07
DFW,COU,1211,490.0,2025-08,2026-07
DFW,CRP,2442,355.0,2025-08,2026-07
DFW,CVG,1657,812.0,2025-08,2026-07
DFW,DAB,3,981.0,2025-08,2026-07
DFW,DAY,1321,861.0,2025-08,2026-07
DFW,DCA,3199,1192.0,2025-08,2026-07
DFW,DEN,5906,641.0,2025-08,2026-07
DFW,DRO,1342,674.0,2025-08,2026-07
DFW,DSM,1385,624.0,2025-08,2026-07
DFW,DTW,3418,986.0,2025-08,2026-07
DFW,ECP,1252,685.0,2025-08,2026-07
DFW,EGE,853,721.0,2025-08,2026-07
DFW,ELP,2496,551.0,2025-08,2026-07
DFW,EUG,5,1606.0,2025-08,2026-07
DFW,EVV,939,642.0,2025-08,2026-07
DFW,EWR,3487,1372.0,2025-08,2026-07
DFW,EYW,324,1089.0,2025-08,2026-07
DFW,FAR,1067,967.0,2025-08,2026-07
DFW,FAT,1325,1313.0,2025-08,2026-07
DFW,FCA,259,1390.0,2025-08,2026-07
DFW,FLG,420,853.0,2025-08,2026-07
DFW,FLL,2949,1119.0,2025-08,2026-07
DFW,FSD,1051,737.0,2025-08,2026-07
DFW,FSM,1162,227.0,2025-08,2026-07
DFW,FWA,1003,859.0,2025-08,2026-07
DFW,GCK,709,404.0,2025-08,2026-07
DFW,GEG,549,1477.0,2025-08,2026-07
DFW,GGG,697,140.0,2025-08,2026-07
DFW,GJT,1003,772.0,2025-08,2026-07
DFW,GNV,694,900.0,2025-08,2026-07
DFW,GPT,1032,500.0,2025-08,2026-07
DFW,GRI,688,562.0,2025-08,2026-07
DFW,GRK,1825,134.0,2025-08,2026-07
DFW,GRR,954,931.0,2025-08,2026-07
DFW,GSO,901,999.0,2025-08,2026-07
DFW,GSP,1144,862.0,2025-08,2026-07
DFW,GTR,356,491.0,2025-08,2026-07
DFW,GUC,237,678.0,2025-08,2026-07
DFW,HDN,125,769.0,2025-08,2026-07
DFW,HNL,665,3784.0,2025-08,2026-07
DFW,HOU,1926,247.0,2025-08,2026-07
DFW,HRL,1439,461.0,2025-08,2026-07
DFW,HSV,2005,603.0,2025-08,2026-07
DFW,IAD,1913,1172.0,2025-08,2026-07
DFW,IAH,5654,224.0,2025-08,2026-07
DFW,ICT,2348,328.0,2025-08,2026-07
DFW,IDA,520,1095.0,2025-08,2026-07
DFW,ILM,686,1106.0,2025-08,2026-07
DFW,IND,1992,761.0,2025-08,2026-07
DFW,JAC,733,1047.0,2025-08,2026-07
DFW,JAN,1853,408.0,2025-08,2026-07
DFW,JAX,1785,917.0,2025-08,2026-07
DFW,JFK,1916,1391.0,2025-08,2026-07
DFW,KOA,119,3724.0,2025-08,2026-07
DFW,LAS,5001,1055.0,2025-08,2026-07
DFW,LAW,1017,140.0,2025-08,2026-07
DFW,LAX,6089,1235.0,2025-08,2026-07
DFW,LBB,2552,282.0,2025-08,2026-07
DFW,LCH,1017,295.0,2025-08,2026-07
DFW,LEX,1183,785.0,2025-08,2026-07
DFW,LFT,1616,351.0,2025-08,2026-07
DFW,LGA,6379,1389.0,2025-08,2026-07
DFW,LIT,2604,304.0,2025-08,2026-07
DFW,LNK,112,549.0,2025-08,2026-07
DFW,LRD,1491,396.0,2025-08,2026-07
DFW,MAF,2840,309.0,2025-08,2026-07
DFW,MCI,2456,460.0,2025-08,2026-07
DFW,MCO,4769,985.0,2025-08,2026-07
DFW,MDT,354,1231.0,2025-08,2026-07
DFW,MDW,282,797.0,2025-08,2026-07
DFW,MEM,2284,431.0,2025-08,2026-07
DFW,MFE,2348,469.0,2025-08,2026-07
DFW,MGM,1002,622.0,2025-08,2026-07
DFW,MHK,1061,431.0,2025-08,2026-07
DFW,MIA,4700,1121.0,2025-08,2026-07
DFW,MKE,1043,853.0,2025-08,2026-07
DFW,MLI,984,691.0,2025-08,2026-07
DFW,MLU,1102,293.0,2025-08,2026-07
DFW,MOB,1108,539.0,2025-08,2026-07
DFW,MRY,294,1430.0,2025-08,2026-07
DFW,MSN,1071,821.0,2025-08,2026-07
DFW,MSO,430,1320.0,2025-08,2026-07
DFW,MSP,3217,852.0,2025-08,2026-07
DFW,MSY,2720,448.0,2025-08,2026-07
DFW,MTJ,565,722.0,2025-08,2026-07
DFW,MYR,498,1048.0,2025-08,2026-07
DFW,OGG,494,3710.0,2025-08,2026-07
DFW,OKC,3080,175.0,2025-08,2026-07
DFW,OMA,1521,583.0,2025-08,2026-07
DFW,ONT,2237,1188.0,2025-08,2026-07
DFW,ORD,6794,802.0,2025-08,2026-07
DFW,ORF,952,1212.0,2025-08,2026-07
DFW,PBI,1113,1102.0,2025-08,2026-07
DFW,PDX,2323,1616.0,2025-08,2026-07
DFW,PHL,3356,1303.0,2025-08,2026-07
DFW,PHX,5099,868.0,2025-08,2026-07
DFW,PIA,1017,672.0,2025-08,2026-07
DFW,PIT,1485,1067.0,2025-08,2026-07
DFW,PNS,1666,604.0,2025-08,2026-07
DFW,PSP,966,1126.0,2025-08,2026-07
DFW,PVU,713,958.0,2025-08,2026-07
DFW,PWM,145,1622.0,2025-08,2026-07
DFW,RAP,989,835.0,2025-08,2026-07
DFW,RDM,32,1514.0,2025-08,2026-07
DFW,RDU,2206,1061.0,2025-08,2026-07
DFW,RIC,1053,1158.0,2025-08,2026-07
DFW,RNO,1225,1345.0,2025-08,2026-07
DFW,ROA,55,1012.0,2025-08,2026-07
DFW,ROW,808,435.0,2025-08,2026-07
DFW,RSW,1301,1017.0,2025-08,2026-07
DFW,SAF,1720,551.0,2025-08,2026-07
DFW,SAN,3573,1171.0,2025-08,2026-07
DFW,SAT,4238,247.0,2025-08,2026-07
DFW,SAV,1001,925.0,2025-08,2026-07
DFW,SBA,359,1316.0,2025-08,2026-07
DFW,SBN,966,846.0,2025-08,2026-07
DFW,SBP,355,1360.0,2025-08,2026-07
DFW,SDF,1933,733.0,2025-08,2026-07
DFW,SEA,5124,1660.0,2025-08,2026-07
DFW,SFO,4079,1464.0,2025-08,2026-07
DFW,SGF,3023,364.0,2025-08,2026-07
DFW,SGU,700,976.0,2025-08,2026-07
DFW,SHV,2046,190.0,2025-08,2026-07
DFW,SJC,1079,1438.0,2025-08,2026-07
DFW,SJT,1033,229.0,2025-08,2026-07
DFW,SJU,955,2165.0,2025-08,2026-07
DFW,SLC,3776,989.0,2025-08,2026-07
DFW,SMF,1591,1431.0,2025-08,2026-07
DFW,SNA,2854,1205.0,2025-08,2026-07
DFW,SPS,705,113.0,2025-08,2026-07
DFW,SRQ,363,945.0,2025-08,2026-07
DFW,STL,2309,550.0,2025-08,2026-07
DFW,STS,186,1495.0,2025-08,2026-07
DFW,STT,131,2225.0,2025-08,2026-07
DFW,SWO,697,225.0,2025-08,2026-07
DFW,SYR,316,1336.0,2025-08,2026-07
DFW,TLH,1042,767.0,2025-08,2026-07
DFW,TPA,2815,929.0,2025-08,2026-07
DFW,TRI,686,868.0,2025-08,2026-07
DFW,TUL,2694,237.0,2025-08,2026-07
DFW,TUS,2120,813.0,2025-08,2026-07
DFW,TVC,161,1022.0,2025-08,2026-07
DFW,TXK,700,181.0,2025-08,2026-07
DFW,TYR,1031,102.0,2025-08,2026-07
DFW,TYS,1680,772.0,2025-08,2026-07
DFW,VPS,1302,641.0,2025-08,2026-07
DFW,XNA,3456,280.0,2025-08,2026-07
DFW,YUM,356,1022.0,2025-08,2026-07
DHN,ATL,28,170.0,2025-08,2026-07
DIK,DEN,673,488.0,2025-08,2026-07
DLG,ANC,113,329.0,2025-08,2026-07
DLH,MSP,1174,144.0,2025-08,2026-07
DLH,ORD,1168,397.0,2025-08,2026-07
DRO,DEN,2163,251.0,2025-08,2026-07
DRO,DFW,1338,674.0,2025-08,2026-07
DRO,IAH,62,869.0,2025-08,2026-07
DRO,PHX,988,352.0,2025-08,2026-07
DSM,ATL,1222,743.0,2025-08,2026-07
DSM,AUS,103,813.0,2025-08,2026-07
DSM,AZA,178,1137.0,2025-08,2026-07
DSM,BNA,162,530.0,2025-08,2026-07
DSM,BOS,80,1165.0,2025-08,2026-07
DSM,BUR,21,1436.0,2025-08,2026-07
DSM,CLT,785,815.0,2025-08,2026-07
DSM,DCA,665,897.0,2025-08,2026-07
DSM,DEN,2316,589.0,2025-08,2026-07
DSM,DFW,1384,624.0,2025-08,2026-07
DSM,DTW,16,534.0,2025-08,2026-07
DSM,EWR,69,1017.0,2025-08,2026-07
DSM,FLL,94,1316.0,2025-08,2026-07
DSM,GUF,85,844.0,2025-08,2026-07
DSM,HOU,20,825.0,2025-08,2026-07
DSM,IAH,341,802.0,2025-08,2026-07
DSM,JAX,52,1012.0,2025-08,2026-07
DSM,LAS,594,1216.0,2025-08,2026-07
DSM,LAX,302,1447.0,2025-08,2026-07
DSM,LGA,254,1031.0,2025-08,2026-07
DSM,MCO,19,1141.0,2025-08,2026-07
DSM,MDW,285,306.0,2025-08,2026-07
DSM,MIA,173,1327.0,2025-08,2026-07
DSM,MSP,36,232.0,2025-08,2026-07
DSM,ORD,3270,299.0,2025-08,2026-07
DSM,PDX,56,1471.0,2025-08,2026-07
DSM,PGD,184,1206.0,2025-08,2026-07
DSM,PHL,336,973.0,2025-08,2026-07
DSM,PHX,1048,1149.0,2025-08,2026-07
DSM,PIE,183,1126.0,2025-08,2026-07
DSM,RSW,52,1236.0,2025-08,2026-07
DSM,SAN,6,1428.0,2025-08,2026-07
DSM,SFB,203,1124.0,2025-08,2026-07
DSM,SNA,107,1428.0,2025-08,2026-07
DSM,SRQ,70,1160.0,2025-08,2026-07
DSM,STL,400,259.0,2025-08,2026-07
DSM,VPS,25,860.0,2025-08,2026-07
DTW,ABQ,4,1347.0,2025-08,2026-07
DTW,AGS,9,615.0,2025-08,2026-07
DTW,ALB,1081,489.0,2025-08,2026-07
DTW,ANC,115,2986.0,2025-08,2026-07
DTW,APN,603,198.0,2025-08,2026-07
DTW,ATL,4818,594.0,2025-08,2026-07
DTW,ATW,1054,296.0,2025-08,2026-07
DTW,AUS,1301,1149.0,2025-08,2026-07
DTW,AZO,1005,113.0,2025-08,2026-07
DTW,BDL,1242,549.0,2025-08,2026-07
DTW,BGM,263,378.0,2025-08,2026-07
DTW,BGR,13,750.0,2025-08,2026-07
DTW,BHM,307,625.0,2025-08,2026-07
DTW,BNA,2386,456.0,2025-08,2026-07
DTW,BOS,2520,632.0,2025-08,2026-07
DTW,BTV,331,537.0,2025-08,2026-07
DTW,BUF,1187,241.0,2025-08,2026-07
DTW,BWI,2220,409.0,2025-08,2026-07
DTW,BZN,19,1400.0,2025-08,2026-07
DTW,CHA,2,505.0,2025-08,2026-07
DTW,CHS,562,667.0,2025-08,2026-07
DTW,CIU,339,285.0,2025-08,2026-07
DTW,CLE,1061,95.0,2025-08,2026-07
DTW,CLT,3449,500.0,2025-08,2026-07
DTW,CMH,1447,155.0,2025-08,2026-07
DTW,CVG,26,229.0,2025-08,2026-07
DTW,DAB,2,908.0,2025-08,2026-07
DTW,DCA,2860,405.0,2025-08,2026-07
DTW,DEN,3084,1123.0,2025-08,2026-07
DTW,DFW,3411,986.0,2025-08,2026-07
DTW,DSM,16,534.0,2025-08,2026-07
DTW,ELM,914,331.0,2025-08,2026-07
DTW,ESC,338,306.0,2025-08,2026-07
DTW,EWR,3527,488.0,2025-08,2026-07
DTW,FLL,2631,1127.0,2025-08,2026-07
DTW,FWA,675,128.0,2025-08,2026-07
DTW,GRB,857,287.0,2025-08,2026-07
DTW,GRR,1576,120.0,2025-08,2026-07
DTW,GSO,356,460.0,2025-08,2026-07
DTW,GSP,537,508.0,2025-08,2026-07
DTW,HNL,287,4475.0,2025-08,2026-07
DTW,HPN,45,505.0,2025-08,2026-07
DTW,HSV,102,554.0,2025-08,2026-07
DTW,IAD,1141,383.0,2025-08,2026-07
DTW,IAH,2084,1075.0,2025-08,2026-07
DTW,IMT,355,344.0,2025-08,2026-07
DTW,IND,1004,231.0,2025-08,2026-07
DTW,JAX,622,813.0,2025-08,2026-07
DTW,JFK,1178,509.0,2025-08,2026-07
DTW,LAN,851,74.0,2025-08,2026-07
DTW,LAS,2778,1749.0,2025-08,2026-07
DTW,LAX,2427,1979.0,2025-08,2026-07
DTW,LEX,775,296.0,2025-08,2026-07
DTW,LGA,3734,502.0,2025-08,2026-07
DTW,LNK,1,701.0,2025-08,2026-07
DTW,MBS,1044,98.0,2025-08,2026-07
DTW,MCI,1327,629.0,2025-08,2026-07
DTW,MCO,3609,957.0,2025-08,2026-07
DTW,MDT,308,371.0,2025-08,2026-07
DTW,MDW,1241,228.0,2025-08,2026-07
DTW,MEM,995,610.0,2025-08,2026-07
DTW,MIA,1753,1145.0,2025-08,2026-07
DTW,MKE,1478,237.0,2025-08,2026-07
DTW,MQT,337,349.0,2025-08,2026-07
DTW,MSN,895,311.0,2025-08,2026-07
DTW,MSP,1901,528.0,2025-08,2026-07
DTW,MSY,799,926.0,2025-08,2026-07
DTW,MYR,389,636.0,2025-08,2026-07
DTW,OKC,6,900.0,2025-08,2026-07
DTW,OMA,1138,650.0,2025-08,2026-07
DTW,ORD,5763,235.0,2025-08,2026-07
DTW,ORF,687,529.0,2025-08,2026-07
DTW,PBI,469,1086.0,2025-08,2026-07
DTW,PDX,375,1953.0,2025-08,2026-07
DTW,PHL,2857,453.0,2025-08,2026-07
DTW,PHX,2380,1671.0,2025-08,2026-07
DTW,PIT,977,201.0,2025-08,2026-07
DTW,PLN,567,243.0,2025-08,2026-07
DTW,PNS,58,837.0,2025-08,2026-07
DTW,PVD,801,615.0,2025-08,2026-07
DTW,PWM,608,668.0,2025-08,2026-07
DTW,RDU,1473,501.0,2025-08,2026-07
DTW,RIC,644,455.0,2025-08,2026-07
DTW,ROC,472,296.0,2025-08,2026-07
DTW,RSW,1766,1084.0,2025-08,2026-07
DTW,SAN,1278,1956.0,2025-08,2026-07
DTW,SAT,937,1214.0,2025-08,2026-07
DTW,SAV,588,705.0,2025-08,2026-07
DTW,SBN,705,157.0,2025-08,2026-07
DTW,SDF,1114,306.0,2025-08,2026-07
DTW,SEA,2049,1927.0,2025-08,2026-07
DTW,SFO,1783,2079.0,2025-08,2026-07
DTW,SJC,38,2062.0,2025-08,2026-07
DTW,SJU,355,1930.0,2025-08,2026-07
DTW,SLC,1556,1481.0,2025-08,2026-07
DTW,SMF,200,2013.0,2025-08,2026-07
DTW,SNA,343,1960.0,2025-08,2026-07
DTW,SRQ,127,1022.0,2025-08,2026-07
DTW,STL,1874,440.0,2025-08,2026-07
DTW,SYR,684,374.0,2025-08,2026-07
DTW,TPA,2285,983.0,2025-08,2026-07
DTW,TVC,1035,207.0,2025-08,2026-07
DTW,TYS,1,443.0,2025-08,2026-07
DTW,VPS,6,828.0,2025-08,2026-07
DTW,XNA,3,715.0,2025-08,2026-07
DVL,DEN,613,638.0,2025-08,2026-07
EAR,DEN,622,305.0,2025-08,2026-07
EAR,ORD,90,583.0,2025-08,2026-07
EAU,ORD,595,269.0,2025-08,2026-07
ECP,ATL,2379,240.0,2025-08,2026-07
ECP,AUS,623,710.0,2025-08,2026-07
ECP,BNA,1076,401.0,2025-08,2026-07
ECP,BWI,44,798.0,2025-08,2026-07
ECP,CLT,1097,437.0,2025-08,2026-07
ECP,CMH,21,684.0,2025-08,2026-07
ECP,DAL,686,674.0,2025-08,2026-07
ECP,DCA,367,769.0,2025-08,2026-07
ECP,DEN,207,1250.0,2025-08,2026-07
ECP,DFW,1249,685.0,2025-08,2026-07
ECP,HOU,365,570.0,2025-08,2026-07
ECP,IAH,79,572.0,2025-08,2026-07
ECP,IND,39,646.0,2025-08,2026-07
ECP,MCI,99,797.0,2025-08,2026-07
ECP,MDW,169,795.0,2025-08,2026-07
ECP,ORD,603,810.0,2025-08,2026-07
ECP,PHL,97,886.0,2025-08,2026-07
ECP,STL,315,634.0,2025-08,2026-07
EGE,ATL,185,1312.0,2025-08,2026-07
EGE,CLT,73,1455.0,2025-08,2026-07
EGE,DEN,1165,120.0,2025-08,2026-07
EGE,DFW,851,721.0,2025-08,2026-07
EGE,EWR,102,1725.0,2025-08,2026-07
EGE,IAD,16,1572.0,2025-08,2026-07
EGE,IAH,205,934.0,2025-08,2026-07
EGE,JFK,118,1746.0,2025-08,2026-07
EGE,LAX,267,748.0,2025-08,2026-07
EGE,MIA,123,1810.0,2025-08,2026-07
EGE,MSP,29,788.0,2025-08,2026-07
EGE,ORD,394,1007.0,2025-08,2026-07
EGE,PHX,163,513.0,2025-08,2026-07
EGE,SAN,46,745.0,2025-08,2026-07
EGE,SEA,37,940.0,2025-08,2026-07
EGE,SFO,110,847.0,2025-08,2026-07
EKO,SLC,574,200.0,2025-08,2026-07
ELM,DTW,912,331.0,2025-08,2026-07
ELM,MYR,21,595.0,2025-08,2026-07
ELM,PGD,59,1089.0,2025-08,2026-07
ELM,PIE,122,1035.0,2025-08,2026-07
ELM,SFB,160,954.0,2025-08,2026-07
ELP,ATL,709,1282.0,2025-08,2026-07
ELP,AUS,1032,528.0,2025-08,2026-07
ELP,BNA,1,1167.0,2025-08,2026-07
ELP,DAL,1751,562.0,2025-08,2026-07
ELP,DEN,1858,563.0,2025-08,2026-07
ELP,DFW,2498,551.0,2025-08,2026-07
ELP,HOU,1032,677.0,2025-08,2026-07
ELP,IAH,132,667.0,2025-08,2026-07
ELP,LAS,1322,584.0,2025-08,2026-07
ELP,LAX,1274,715.0,2025-08,2026-07
ELP,LGB,39,699.0,2025-08,2026-07
ELP,MCO,33,1516.0,2025-08,2026-07
ELP,MDW,209,1237.0,2025-08,2026-07
ELP,ORD,714,1236.0,2025-08,2026-07
ELP,PHX,2487,347.0,2025-08,2026-07
ELP,SAN,359,636.0,2025-08,2026-07
ELP,SAT,746,496.0,2025-08,2026-07
ERI,CLT,39,475.0,2025-08,2026-07
ERI,ORD,55,398.0,2025-08,2026-07
ESC,DTW,336,306.0,2025-08,2026-07
ESC,MSP,250,304.0,2025-08,2026-07
EUG,AZA,117,971.0,2025-08,2026-07
EUG,BUR,241,732.0,2025-08,2026-07
EUG,DEN,1262,996.0,2025-08,2026-07
EUG,DFW,6,1606.0,2025-08,2026-07
EUG,IND,1,1911.0,2025-08,2026-07
EUG,LAS,472,700.0,2025-08,2026-07
EUG,LAX,399,748.0,2025-08,2026-07
EUG,MDT,1,2369.0,2025-08,2026-07
EUG,MIA,1,2704.0,2025-08,2026-07
EUG,MSN,2,1688.0,2025-08,2026-07
EUG,OAK,217,445.0,2025-08,2026-07
EUG,OKC,1,1483.0,2025-08,2026-07
EUG,ORD,92,1780.0,2025-08,2026-07
EUG,PDX,571,105.0,2025-08,2026-07
EUG,PHX,624,952.0,2025-08,2026-07
EUG,SAN,470,850.0,2025-08,2026-07
EUG,SEA,1906,234.0,2025-08,2026-07
EUG,SFO,984,451.0,2025-08,2026-07
EUG,SJC,261,471.0,2025-08,2026-07
EUG,SLC,769,618.0,2025-08,2026-07
EUG,SMF,365,384.0,2025-08,2026-07
EUG,SNA,77,776.0,2025-08,2026-07
EVV,ATL,31,350.0,2025-08,2026-07
EVV,DFW,937,642.0,2025-08,2026-07
EVV,ORD,668,272.0,2025-08,2026-07
EVV,PIE,94,752.0,2025-08,2026-07
EVV,SFB,127,734.0,2025-08,2026-07
EVV,VPS,31,524.0,2025-08,2026-07
EWN,CLT,255,222.0,2025-08,2026-07
EWR,ANC,101,3370.0,2025-08,2026-07
EWR,ATL,6045,746.0,2025-08,2026-07
EWR,ATW,20,772.0,2025-08,2026-07
EWR,AUS,2022,1504.0,2025-08,2026-07
EWR,AVL,246,583.0,2025-08,2026-07
EWR,BGR,460,393.0,2025-08,2026-07
EWR,BHM,27,850.0,2025-08,2026-07
EWR,BNA,1819,748.0,2025-08,2026-07
EWR,BOS,3722,200.0,2025-08,2026-07
EWR,BQN,358,1585.0,2025-08,2026-07
EWR,BTV,395,266.0,2025-08,2026-07
EWR,BUF,457,282.0,2025-08,2026-07
EWR,BZN,366,1882.0,2025-08,2026-07
EWR,CAE,25,603.0,2025-08,2026-07
EWR,CHA,23,718.0,2025-08,2026-07
EWR,CHS,1300,628.0,2025-08,2026-07
EWR,CLE,2092,404.0,2025-08,2026-07
EWR,CLT,3572,529.0,2025-08,2026-07
EWR,CMH,1966,463.0,2025-08,2026-07
EWR,CVG,527,569.0,2025-08,2026-07
EWR,DCA,268,199.0,2025-08,2026-07
EWR,DEN,3321,1605.0,2025-08,2026-07
EWR,DFW,3484,1372.0,2025-08,2026-07
EWR,DSM,69,1017.0,2025-08,2026-07
EWR,DTW,3541,488.0,2025-08,2026-07
EWR,EGE,104,1725.0,2025-08,2026-07
EWR,EYW,451,1196.0,2025-08,2026-07
EWR,FCA,7,2024.0,2025-08,2026-07
EWR,FLL,4549,1065.0,2025-08,2026-07
EWR,FNT,10,518.0,2025-08,2026-07
EWR,GRR,826,605.0,2025-08,2026-07
EWR,GSO,184,445.0,2025-08,2026-07
EWR,GSP,735,594.0,2025-08,2026-07
EWR,HDN,94,1728.0,2025-08,2026-07
EWR,HHH,208,687.0,2025-08,2026-07
EWR,HNL,105,4962.0,2025-08,2026-07
EWR,IAD,1493,212.0,2025-08,2026-07
EWR,IAH,3694,1400.0,2025-08,2026-07
EWR,ILM,366,488.0,2025-08,2026-07
EWR,IND,2134,645.0,2025-08,2026-07
EWR,JAC,272,1874.0,2025-08,2026-07
EWR,JAX,1344,820.0,2025-08,2026-07
EWR,LAS,2879,2227.0,2025-08,2026-07
EWR,LAX,4736,2454.0,2025-08,2026-07
EWR,MCI,477,1092.0,2025-08,2026-07
EWR,MCO,6336,937.0,2025-08,2026-07
EWR,MDW,67,711.0,2025-08,2026-07
EWR,MEM,460,946.0,2025-08,2026-07
EWR,MIA,3843,1085.0,2025-08,2026-07
EWR,MKE,809,725.0,2025-08,2026-07
EWR,MSN,414,799.0,2025-08,2026-07
EWR,MSP,2125,1008.0,2025-08,2026-07
EWR,MSY,1200,1167.0,2025-08,2026-07
EWR,MTJ,74,1795.0,2025-08,2026-07
EWR,MYR,928,550.0,2025-08,2026-07
EWR,OGG,3,4903.0,2025-08,2026-07
EWR,OMA,4,1134.0,2025-08,2026-07
EWR,ORD,5846,719.0,2025-08,2026-07
EWR,ORF,779,284.0,2025-08,2026-07
EWR,PBI,3514,1024.0,2025-08,2026-07
EWR,PDX,883,2434.0,2025-08,2026-07
EWR,PHX,2424,2133.0,2025-08,2026-07
EWR,PIT,1728,319.0,2025-08,2026-07
EWR,PSP,111,2358.0,2025-08,2026-07
EWR,PWM,942,284.0,2025-08,2026-07
EWR,RDU,1921,416.0,2025-08,2026-07
EWR,RIC,460,277.0,2025-08,2026-07
EWR,RNO,3,2390.0,2025-08,2026-07
EWR,ROC,608,246.0,2025-08,2026-07
EWR,RSW,1945,1068.0,2025-08,2026-07
EWR,SAN,1527,2425.0,2025-08,2026-07
EWR,SAT,568,1569.0,2025-08,2026-07
EWR,SAV,1078,708.0,2025-08,2026-07
EWR,SBN,7,637.0,2025-08,2026-07
EWR,SDF,941,642.0,2025-08,2026-07
EWR,SEA,2213,2402.0,2025-08,2026-07
EWR,SFO,4272,2565.0,2025-08,2026-07
EWR,SJC,5,2548.0,2025-08,2026-07
EWR,SJU,2023,1608.0,2025-08,2026-07
EWR,SLC,1309,1969.0,2025-08,2026-07
EWR,SMF,277,2500.0,2025-08,2026-07
EWR,SNA,1073,2433.0,2025-08,2026-07
EWR,SRQ,907,1034.0,2025-08,2026-07
EWR,STL,1022,872.0,2025-08,2026-07
EWR,STT,242,1634.0,2025-08,2026-07
EWR,SYR,260,194.0,2025-08,2026-07
EWR,TPA,2523,997.0,2025-08,2026-07
EWR,TVC,35,644.0,2025-08,2026-07
EWR,TYS,144,631.0,2025-08,2026-07
EWR,VPS,114,988.0,2025-08,2026-07
EWR,XNA,2,1131.0,2025-08,2026-07
EYW,ATL,1435,646.0,2025-08,2026-07
EYW,AVL,105,751.0,2025-08,2026-07
EYW,BNA,1,849.0,2025-08,2026-07
EYW,BOS,214,1373.0,2025-08,2026-07
EYW,CLT,1226,736.0,2025-08,2026-07
EYW,CVG,108,1013.0,2025-08,2026-07
EYW,DCA,575,1023.0,2025-08,2026-07
EYW,DFW,323,1089.0,2025-08,2026-07
EYW,EWR,449,1196.0,2025-08,2026-07
EYW,FLL,97,145.0,2025-08,2026-07
EYW,IAD,113,1024.0,2025-08,2026-07
EYW,IND,82,1078.0,2025-08,2026-07
EYW,LCK,21,1054.0,2025-08,2026-07
EYW,LGA,335,1207.0,2025-08,2026-07
EYW,MIA,1245,126.0,2025-08,2026-07
EYW,ORD,763,1251.0,2025-08,2026-07
EYW,PHL,477,1122.0,2025-08,2026-07
EYW,PIE,311,238.0,2025-08,2026-07
EYW,PIT,96,1102.0,2025-08,2026-07
EYW,SFB,116,292.0,2025-08,2026-07
EYW,TYS,87,787.0,2025-08,2026-07
FAI,ANC,1401,261.0,2025-08,2026-07
FAI,DEN,126,2430.0,2025-08,2026-07
FAI,MSP,93,2466.0,2025-08,2026-07
FAI,ORD,145,2785.0,2025-08,2026-07
FAI,PDX,52,1640.0,2025-08,2026-07
FAI,SEA,2267,1533.0,2025-08,2026-07
FAI,SLC,39,2183.0,2025-08,2026-07
FAR,ATL,201,1123.0,2025-08,2026-07
FAR,AZA,372,1220.0,2025-08,2026-07
FAR,BNA,102,910.0,2025-08,2026-07
FAR,DEN,1404,627.0,2025-08,2026-07
FAR,DFW,1065,967.0,2025-08,2026-07
FAR,LAS,140,1205.0,2025-08,2026-07
FAR,MSP,1269,223.0,2025-08,2026-07
FAR,ORD,1992,557.0,2025-08,2026-07
FAR,PHX,102,1225.0,2025-08,2026-07
FAR,PIE,56,1519.0,2025-08,2026-07
FAR,SFB,75,1508.0,2025-08,2026-07
FAT,ATL,30,1997.0,2025-08,2026-07
FAT,DAL,10,1325.0,2025-08,2026-07
FAT,DEN,1449,844.0,2025-08,2026-07
FAT,DFW,1321,1313.0,2025-08,2026-07
FAT,LAS,1707,259.0,2025-08,2026-07
FAT,LAX,977,209.0,2025-08,2026-07
FAT,ORD,190,1730.0,2025-08,2026-07
FAT,PDX,582,626.0,2025-08,2026-07
FAT,PHX,1466,493.0,2025-08,2026-07
FAT,SAN,1749,314.0,2025-08,2026-07
FAT,SEA,918,748.0,2025-08,2026-07
FAT,SFO,1234,158.0,2025-08,2026-07
FAT,SLC,1359,501.0,2025-08,2026-07
FAY,ATL,81,330.0,2025-08,2026-07
FAY,CLT,220,118.0,2025-08,2026-07
FCA,AUS,11,1527.0,2025-08,2026-07
FCA,AZA,93,1044.0,2025-08,2026-07
FCA,DEN,1000,752.0,2025-08,2026-07
FCA,DFW,259,1390.0,2025-08,2026-07
FCA,EWR,7,2024.0,2025-08,2026-07
FCA,IAH,10,1613.0,2025-08,2026-07
FCA,LAS,103,846.0,2025-08,2026-07
FCA,LAX,141,1015.0,2025-08,2026-07
FCA,LGA,11,2035.0,2025-08,2026-07
FCA,MSP,461,1025.0,2025-08,2026-07
FCA,OAK,3,834.0,2025-08,2026-07
FCA,ORD,527,1352.0,2025-08,2026-07
FCA,PDX,48,437.0,2025-08,2026-07
FCA,PHX,13,1033.0,2025-08,2026-07
FCA,SAN,11,1086.0,2025-08,2026-07
FCA,SEA,30,379.0,2025-08,2026-07
FCA,SFO,247,844.0,2025-08,2026-07
FCA,SLC,1101,532.0,2025-08,2026-07
FLG,DFW,422,853.0,2025-08,2026-07
FLG,PHX,1169,119.0,2025-08,2026-07
FLL,ABE,107,1041.0,2025-08,2026-07
FLL,ACY,517,977.0,2025-08,2026-07
FLL,ALB,581,1204.0,2025-08,2026-07
FLL,ATL,7083,581.0,2025-08,2026-07
FLL,ATW,86,1338.0,2025-08,2026-07
FLL,AUS,1135,1105.0,2025-08,2026-07
FLL,AVL,652,661.0,2025-08,2026-07
FLL,BDL,707,1173.0,2025-08,2026-07
FLL,BGR,25,1438.0,2025-08,2026-07
FLL,BHM,39,650.0,2025-08,2026-07
FLL,BLV,59,1028.0,2025-08,2026-07
FLL,BNA,2105,793.0,2025-08,2026-07
FLL,BOS,3231,1237.0,2025-08,2026-07
FLL,BQN,371,982.0,2025-08,2026-07
FLL,BUF,541,1166.0,2025-08,2026-07
FLL,BWI,3029,925.0,2025-08,2026-07
FLL,BZN,3,2183.0,2025-08,2026-07
FLL,CAE,98,545.0,2025-08,2026-07
FLL,CAK,72,1026.0,2025-08,2026-07
FLL,CHA,72,687.0,2025-08,2026-07
FLL,CHS,492,470.0,2025-08,2026-07
FLL,CID,76,1273.0,2025-08,2026-07
FLL,CLE,1212,1062.0,2025-08,2026-07
FLL,CLT,2944,632.0,2025-08,2026-07
FLL,CMH,741,973.0,2025-08,2026-07
FLL,CVG,979,932.0,2025-08,2026-07
FLL,DAL,537,1108.0,2025-08,2026-07
FLL,DCA,2263,899.0,2025-08,2026-07
FLL,DEN,1603,1703.0,2025-08,2026-07
FLL,DFW,2961,1119.0,2025-08,2026-07
FLL,DSM,94,1316.0,2025-08,2026-07
FLL,DTW,2649,1127.0,2025-08,2026-07
FLL,EWR,4556,1065.0,2025-08,2026-07
FLL,EYW,97,145.0,2025-08,2026-07
FLL,FNT,18,1182.0,2025-08,2026-07
FLL,FSD,43,1526.0,2025-08,2026-07
FLL,FWA,72,1067.0,2025-08,2026-07
FLL,GRR,111,1198.0,2025-08,2026-07
FLL,GSP,129,620.0,2025-08,2026-07
FLL,HDN,32,1843.0,2025-08,2026-07
FLL,HOU,804,957.0,2025-08,2026-07
FLL,HPN,861,1097.0,2025-08,2026-07
FLL,HSV,74,710.0,2025-08,2026-07
FLL,HTS,68,859.0,2025-08,2026-07
FLL,IAD,774,901.0,2025-08,2026-07
FLL,IAH,2782,966.0,2025-08,2026-07
FLL,IND,999,1005.0,2025-08,2026-07
FLL,ISP,397,1092.0,2025-08,2026-07
FLL,JAX,81,319.0,2025-08,2026-07
FLL,JFK,3725,1069.0,2025-08,2026-07
FLL,LAS,1020,2173.0,2025-08,2026-07
FLL,LAX,2273,2343.0,2025-08,2026-07
FLL,LBB,1,1398.0,2025-08,2026-07
FLL,LBE,26,980.0,2025-08,2026-07
FLL,LCK,84,961.0,2025-08,2026-07
FLL,LEX,124,865.0,2025-08,2026-07
FLL,LGA,4482,1076.0,2025-08,2026-07
FLL,MCI,543,1242.0,2025-08,2026-07
FLL,MCO,1428,177.0,2025-08,2026-07
FLL,MDT,55,993.0,2025-08,2026-07
FLL,MDW,1109,1167.0,2025-08,2026-07
FLL,MEM,205,851.0,2025-08,2026-07
FLL,MHT,106,1262.0,2025-08,2026-07
FLL,MKE,84,1243.0,2025-08,2026-07
FLL,MSP,698,1487.0,2025-08,2026-07
FLL,MSY,1381,673.0,2025-08,2026-07
FLL,MYR,237,529.0,2025-08,2026-07
FLL,OMA,13,1383.0,2025-08,2026-07
FLL,ORD,3404,1182.0,2025-08,2026-07
FLL,ORF,400,781.0,2025-08,2026-07
FLL,ORH,314,1211.0,2025-08,2026-07
FLL,PBG,137,1334.0,2025-08,2026-07
FLL,PDX,10,2694.0,2025-08,2026-07
FLL,PHL,3394,993.0,2025-08,2026-07
FLL,PHX,566,1972.0,2025-08,2026-07
FLL,PIT,1082,994.0,2025-08,2026-07
FLL,PNS,231,525.0,2025-08,2026-07
FLL,PSE,22,1032.0,2025-08,2026-07
FLL,PVD,527,1188.0,2025-08,2026-07
FLL,PWM,10,1332.0,2025-08,2026-07
FLL,RDU,1325,680.0,2025-08,2026-07
FLL,RFD,49,1222.0,2025-08,2026-07
FLL,RIC,783,806.0,2025-08,2026-07
FLL,RNO,3,2461.0,2025-08,2026-07
FLL,ROC,55,1183.0,2025-08,2026-07
FLL,SAN,171,2269.0,2025-08,2026-07
FLL,SAT,212,1145.0,2025-08,2026-07
FLL,SAV,94,422.0,2025-08,2026-07
FLL,SBN,97,1134.0,2025-08,2026-07
FLL,SDF,284,895.0,2025-08,2026-07
FLL,SEA,816,2717.0,2025-08,2026-07
FLL,SFO,1242,2584.0,2025-08,2026-07
FLL,SJU,2300,1046.0,2025-08,2026-07
FLL,SLC,374,2084.0,2025-08,2026-07
FLL,STL,824,1057.0,2025-08,2026-07
FLL,STT,255,1107.0,2025-08,2026-07
FLL,STX,124,1140.0,2025-08,2026-07
FLL,SWF,85,1118.0,2025-08,2026-07
FLL,SYR,294,1197.0,2025-08,2026-07
FLL,TPA,1394,197.0,2025-08,2026-07
FLL,TTN,59,1026.0,2025-08,2026-07
FLL,TVC,31,1322.0,2025-08,2026-07
FLL,TYS,477,709.0,2025-08,2026-07
FLL,USA,169,643.0,2025-08,2026-07
FLL,XNA,82,1092.0,2025-08,2026-07
FMN,DEN,365,289.0,2025-08,2026-07
FNT,AZA,110,1650.0,2025-08,2026-07
FNT,BNA,94,497.0,2025-08,2026-07
FNT,EWR,10,518.0,2025-08,2026-07
FNT,FLL,18,1182.0,2025-08,2026-07
FNT,JAX,83,867.0,2025-08,2026-07
FNT,LAS,105,1733.0,2025-08,2026-07
FNT,ORD,1837,223.0,2025-08,2026-07
FNT,PDX,21,1917.0,2025-08,2026-07
FNT,PGD,335,1111.0,2025-08,2026-07
FNT,PIE,275,1040.0,2025-08,2026-07
FNT,SFB,321,988.0,2025-08,2026-07
FNT,SRQ,177,1075.0,2025-08,2026-07
FNT,VPS,83,874.0,2025-08,2026-07
FOD,DEN,66,576.0,2025-08,2026-07
FOD,ORD,540,324.0,2025-08,2026-07
FSD,ATL,362,954.0,2025-08,2026-07
FSD,AZA,369,1072.0,2025-08,2026-07
FSD,BNA,105,741.0,2025-08,2026-07
FSD,DEN,1796,483.0,2025-08,2026-07
FSD,DFW,1049,737.0,2025-08,2026-07
FSD,FLL,43,1526.0,2025-08,2026-07
FSD,LAS,173,1104.0,2025-08,2026-07
FSD,LAX,4,1340.0,2025-08,2026-07
FSD,MSP,1330,196.0,2025-08,2026-07
FSD,ORD,1733,462.0,2025-08,2026-07
FSD,PGD,46,1415.0,2025-08,2026-07
FSD,PHX,648,1081.0,2025-08,2026-07
FSD,PIE,109,1334.0,2025-08,2026-07
FSD,SFB,110,1334.0,2025-08,2026-07
FSM,DFW,1161,227.0,2025-08,2026-07
FWA,ATL,507,508.0,2025-08,2026-07
FWA,AZA,85,1546.0,2025-08,2026-07
FWA,CLT,10,460.0,2025-08,2026-07
FWA,DFW,999,859.0,2025-08,2026-07
FWA,DTW,676,128.0,2025-08,2026-07
FWA,FLL,72,1067.0,2025-08,2026-07
FWA,LAS,52,1649.0,2025-08,2026-07
FWA,MSP,327,488.0,2025-08,2026-07
FWA,MYR,28,610.0,2025-08,2026-07
FWA,ORD,2634,157.0,2025-08,2026-07
FWA,PGD,225,986.0,2025-08,2026-07
FWA,PIE,191,912.0,2025-08,2026-07
FWA,SFB,184,870.0,2025-08,2026-07
FWA,SRQ,104,948.0,2025-08,2026-07
GCC,DEN,721,313.0,2025-08,2026-07
GCK,DFW,709,404.0,2025-08,2026-07
GEG,ATL,531,1969.0,2025-08,2026-07
GEG,AZA,98,1034.0,2025-08,2026-07
GEG,BOI,335,287.0,2025-08,2026-07
GEG,DAL,18,1486.0,2025-08,2026-07
GEG,DEN,2046,836.0,2025-08,2026-07
GEG,DFW,549,1477.0,2025-08,2026-07
GEG,IAH,10,1695.0,2025-08,2026-07
GEG,LAS,853,806.0,2025-08,2026-07
GEG,LAX,873,945.0,2025-08,2026-07
GEG,MDW,86,1511.0,2025-08,2026-07
GEG,MSP,776,1175.0,2025-08,2026-07
GEG,OAK,381,723.0,2025-08,2026-07
GEG,ORD,703,1498.0,2025-08,2026-07
GEG,PDX,1019,279.0,2025-08,2026-07
GEG,PHX,1253,1020.0,2025-08,2026-07
GEG,SAN,416,1027.0,2025-08,2026-07
GEG,SEA,4972,224.0,2025-08,2026-07
GEG,SFO,893,733.0,2025-08,2026-07
GEG,SJC,237,742.0,2025-08,2026-07
GEG,SLC,1660,546.0,2025-08,2026-07
GEG,SMF,606,649.0,2025-08,2026-07
GEG,SNA,25,962.0,2025-08,2026-07
GFK,AZA,67,1260.0,2025-08,2026-07
GFK,LAS,78,1230.0,2025-08,2026-07
GFK,MSP,1061,284.0,2025-08,2026-07
GGG,DFW,697,140.0,2025-08,2026-07
GJT,ATL,1,1390.0,2025-08,2026-07
GJT,DEN,2229,212.0,2025-08,2026-07
GJT,DFW,1004,772.0,2025-08,2026-07
GJT,PHX,978,438.0,2025-08,2026-07
GJT,SLC,583,217.0,2025-08,2026-07
GNV,ATL,1562,300.0,2025-08,2026-07
GNV,AUS,2,924.0,2025-08,2026-07
GNV,BNA,1,512.0,2025-08,2026-07
GNV,CLL,1,845.0,2025-08,2026-07
GNV,CLT,58,388.0,2025-08,2026-07
GNV,DFW,693,900.0,2025-08,2026-07
GNV,IAH,1,785.0,2025-08,2026-07
GNV,MIA,384,294.0,2025-08,2026-07
GPT,ATL,1296,352.0,2025-08,2026-07
GPT,CLT,595,577.0,2025-08,2026-07
GPT,DFW,1039,500.0,2025-08,2026-07
GRB,ATL,359,774.0,2025-08,2026-07
GRB,CLT,4,744.0,2025-08,2026-07
GRB,CMX,1,186.0,2025-08,2026-07
GRB,DCA,2,692.0,2025-08,2026-07
GRB,DEN,6,905.0,2025-08,2026-07
GRB,DTW,858,287.0,2025-08,2026-07
GRB,MSP,855,252.0,2025-08,2026-07
GRB,ORD,2578,173.0,2025-08,2026-07
GRB,PHL,1,733.0,2025-08,2026-07
GRB,PHX,3,1487.0,2025-08,2026-07
GRI,AZA,136,905.0,2025-08,2026-07
GRI,DFW,687,562.0,2025-08,2026-07
GRI,LAS,112,971.0,2025-08,2026-07
GRK,DFW,1821,134.0,2025-08,2026-07
GRR,ATL,1405,640.0,2025-08,2026-07
GRR,AUS,93,1103.0,2025-08,2026-07
GRR,AZA,211,1561.0,2025-08,2026-07
GRR,BNA,179,470.0,2025-08,2026-07
GRR,BOS,69,740.0,2025-08,2026-07
GRR,BWI,436,528.0,2025-08,2026-07
GRR,CLT,1011,583.0,2025-08,2026-07
GRR,DCA,703,524.0,2025-08,2026-07
GRR,DEN,1230,1015.0,2025-08,2026-07
GRR,DFW,955,931.0,2025-08,2026-07
GRR,DTW,1577,120.0,2025-08,2026-07
GRR,EWR,827,605.0,2025-08,2026-07
GRR,FLL,111,1198.0,2025-08,2026-07
GRR,IAH,2,1042.0,2025-08,2026-07
GRR,JAX,104,880.0,2025-08,2026-07
GRR,LAS,385,1642.0,2025-08,2026-07
GRR,LAX,4,1874.0,2025-08,2026-07
GRR,LGA,895,618.0,2025-08,2026-07
GRR,MCO,392,1024.0,2025-08,2026-07
GRR,MDW,927,137.0,2025-08,2026-07
GRR,MIA,221,1214.0,2025-08,2026-07
GRR,MSP,1233,408.0,2025-08,2026-07
GRR,MYR,22,728.0,2025-08,2026-07
GRR,ORD,3913,137.0,2025-08,2026-07
GRR,PBI,61,1158.0,2025-08,2026-07
GRR,PDX,28,1833.0,2025-08,2026-07
GRR,PGD,349,1118.0,2025-08,2026-07
GRR,PHL,346,573.0,2025-08,2026-07
GRR,PHX,150,1574.0,2025-08,2026-07
GRR,PIE,380,1044.0,2025-08,2026-07
GRR,RSW,21,1147.0,2025-08,2026-07
GRR,SAV,26,778.0,2025-08,2026-07
GRR,SFB,397,1001.0,2025-08,2026-07
GRR,SNA,21,1856.0,2025-08,2026-07
GRR,SRQ,165,1081.0,2025-08,2026-07
GRR,TPA,17,1041.0,2025-08,2026-07
GRR,VPS,50,857.0,2025-08,2026-07
GSO,ATL,2695,306.0,2025-08,2026-07
GSO,CLT,1174,84.0,2025-08,2026-07
GSO,DCA,756,248.0,2025-08,2026-07
GSO,DEN,159,1370.0,2025-08,2026-07
GSO,DFW,899,999.0,2025-08,2026-07
GSO,DTW,355,460.0,2025-08,2026-07
GSO,EWR,185,445.0,2025-08,2026-07
GSO,LGA,1665,461.0,2025-08,2026-07
GSO,MIA,508,710.0,2025-08,2026-07
GSO,ORD,1509,589.0,2025-08,2026-07
GSO,PHL,128,365.0,2025-08,2026-07
GSO,PIE,105,587.0,2025-08,2026-07
GSP,ATL,2773,153.0,2025-08,2026-07
GSP,BNA,665,265.0,2025-08,2026-07
GSP,BOS,2,795.0,2025-08,2026-07
GSP,BWI,708,426.0,2025-08,2026-07
GSP,CLT,1467,75.0,2025-08,2026-07
GSP,DCA,969,396.0,2025-08,2026-07
GSP,DEN,362,1278.0,2025-08,2026-07
GSP,DFW,1143,862.0,2025-08,2026-07
GSP,DTW,535,508.0,2025-08,2026-07
GSP,EWR,740,594.0,2025-08,2026-07
GSP,FLL,129,620.0,2025-08,2026-07
GSP,HOU,170,845.0,2025-08,2026-07
GSP,IAH,20,837.0,2025-08,2026-07
GSP,LGA,877,610.0,2025-08,2026-07
GSP,MIA,717,637.0,2025-08,2026-07
GSP,MSY,3,578.0,2025-08,2026-07
GSP,ORD,1741,577.0,2025-08,2026-07
GSP,PHL,432,515.0,2025-08,2026-07
GSP,PIE,131,482.0,2025-08,2026-07
GSP,SFB,132,426.0,2025-08,2026-07
GSP,SRQ,103,517.0,2025-08,2026-07
GSP,TLH,1,334.0,2025-08,2026-07
GST,JNU,82,41.0,2025-08,2026-07
GTF,AZA,91,978.0,2025-08,2026-07
GTF,DEN,721,623.0,2025-08,2026-07
GTF,LAS,110,810.0,2025-08,2026-07
GTF,MSP,38,887.0,2025-08,2026-07
GTF,ORD,23,1210.0,2025-08,2026-07
GTF,SEA,105,512.0,2025-08,2026-07
GTF,SLC,1063,463.0,2025-08,2026-07
GTR,DFW,356,491.0,2025-08,2026-07
GUC,DEN,986,152.0,2025-08,2026-07
GUC,DFW,236,678.0,2025-08,2026-07
GUC,ORD,20,1031.0,2025-08,2026-07
GUF,ATW,85,964.0,2025-08,2026-07
GUF,BLV,112,582.0,2025-08,2026-07
GUF,BNA,62,406.0,2025-08,2026-07
GUF,CVG,112,627.0,2025-08,2026-07
GUF,DSM,85,844.0,2025-08,2026-07
GUF,HOU,3,458.0,2025-08,2026-07
GUF,HSV,21,304.0,2025-08,2026-07
GUF,MCI,40,738.0,2025-08,2026-07
GUF,OKC,30,675.0,2025-08,2026-07
GUF,OMA,21,888.0,2025-08,2026-07
GUF,SDF,21,555.0,2025-08,2026-07
GUF,SGF,21,581.0,2025-08,2026-07
GUF,TYS,25,436.0,2025-08,2026-07
GUF,XNA,65,563.0,2025-08,2026-07
GUM,HNL,355,3801.0,2025-08,2026-07
GUM,SPN,355,129.0,2025-08,2026-07
HDN,ATL,96,1340.0,2025-08,2026-07
HDN,AUS,4,890.0,2025-08,2026-07
HDN,BNA,10,1153.0,2025-08,2026-07
HDN,BOS,41,1871.0,2025-08,2026-07
HDN,DAL,63,779.0,2025-08,2026-07
HDN,DEN,1418,141.0,2025-08,2026-07
HDN,DFW,125,769.0,2025-08,2026-07
HDN,EWR,94,1728.0,2025-08,2026-07
HDN,FLL,32,1843.0,2025-08,2026-07
HDN,IAD,16,1581.0,2025-08,2026-07
HDN,IAH,46,985.0,2025-08,2026-07
HDN,LAX,83,763.0,2025-08,2026-07
HDN,MSP,37,774.0,2025-08,2026-07
HDN,ORD,177,1009.0,2025-08,2026-07
HDN,SAN,50,769.0,2025-08,2026-07
HDN,SEA,43,891.0,2025-08,2026-07
HDN,SFO,34,838.0,2025-08,2026-07
HEZ,IAH,30,265.0,2025-08,2026-07
HGR,MYR,66,421.0,2025-08,2026-07
HGR,PIE,100,861.0,2025-08,2026-07
HGR,SFB,120,780.0,2025-08,2026-07
HHH,ATL,197,238.0,2025-08,2026-07
HHH,BOS,14,878.0,2025-08,2026-07
HHH,CLT,1145,206.0,2025-08,2026-07
HHH,DCA,323,501.0,2025-08,2026-07
HHH,EWR,207,687.0,2025-08,2026-07
HHH,LGA,193,701.0,2025-08,2026-07
HHH,ORD,209,781.0,2025-08,2026-07
HHH,PHL,44,609.0,2025-08,2026-07
HIB,MSP,621,174.0,2025-08,2026-07
HLN,DEN,810,594.0,2025-08,2026-07
HLN,SEA,10,491.0,2025-08,2026-07
HLN,SLC,723,402.0,2025-08,2026-07
HNL,ANC,438,2777.0,2025-08,2026-07
HNL,ATL,380,4502.0,2025-08,2026-07
HNL,BOS,66,5095.0,2025-08,2026-07
HNL,BUR,79,2562.0,2025-08,2026-07
HNL,DEN,636,3365.0,2025-08,2026-07
HNL,DFW,660,3784.0,2025-08,2026-07
HNL,DTW,287,4475.0,2025-08,2026-07
HNL,EWR,102,4962.0,2025-08,2026-07
HNL,GUM,359,3801.0,2025-08,2026-07
HNL,IAD,161,4816.0,2025-08,2026-07
HNL,IAH,364,3904.0,2025-08,2026-07
HNL,ITO,6232,216.0,2025-08,2026-07
HNL,JFK,648,4983.0,2025-08,2026-07
HNL,KOA,7154,163.0,2025-08,2026-07
HNL,LAS,2192,2762.0,2025-08,2026-07
HNL,LAX,5485,2556.0,2025-08,2026-07
HNL,LGB,728,2569.0,2025-08,2026-07
HNL,LIH,7619,102.0,2025-08,2026-07
HNL,MSP,362,3972.0,2025-08,2026-07
HNL,OAK,729,2409.0,2025-08,2026-07
HNL,OGG,9983,101.0,2025-08,2026-07
HNL,ONT,422,2603.0,2025-08,2026-07
HNL,ORD,536,4243.0,2025-08,2026-07
HNL,PAE,124,2694.0,2025-08,2026-07
HNL,PDX,900,2603.0,2025-08,2026-07
HNL,PHX,1309,2917.0,2025-08,2026-07
HNL,PPG,112,2599.0,2025-08,2026-07
HNL,SAN,1754,2614.0,2025-08,2026-07
HNL,SEA,2911,2677.0,2025-08,2026-07
HNL,SFO,2439,2398.0,2025-08,2026-07
HNL,SJC,809,2417.0,2025-08,2026-07
HNL,SLC,843,2994.0,2025-08,2026-07
HNL,SMF,728,2462.0,2025-08,2026-07
HOB,DEN,359,501.0,2025-08,2026-07
HOB,IAH,289,501.0,2025-08,2026-07
HOU,ABQ,973,759.0,2025-08,2026-07
HOU,AMA,7,537.0,2025-08,2026-07
HOU,ATL,2846,696.0,2025-08,2026-07
HOU,AUS,1357,148.0,2025-08,2026-07
HOU,AVL,25,843.0,2025-08,2026-07
HOU,BHM,446,570.0,2025-08,2026-07
HOU,BNA,1815,670.0,2025-08,2026-07
HOU,BUF,1,1297.0,2025-08,2026-07
HOU,BUR,147,1389.0,2025-08,2026-07
HOU,BWI,1458,1246.0,2025-08,2026-07
HOU,CHS,192,928.0,2025-08,2026-07
HOU,CLT,14,920.0,2025-08,2026-07
HOU,CMH,354,1000.0,2025-08,2026-07
HOU,COS,193,829.0,2025-08,2026-07
HOU,CRP,975,187.0,2025-08,2026-07
HOU,DAL,3958,239.0,2025-08,2026-07
HOU,DCA,1034,1218.0,2025-08,2026-07
HOU,DEN,2372,883.0,2025-08,2026-07
HOU,DFW,1918,247.0,2025-08,2026-07
HOU,DSM,20,825.0,2025-08,2026-07
HOU,ECP,357,570.0,2025-08,2026-07
HOU,ELP,1042,677.0,2025-08,2026-07
HOU,FLL,806,957.0,2025-08,2026-07
HOU,GSP,171,845.0,2025-08,2026-07
HOU,GUF,3,458.0,2025-08,2026-07
HOU,HRL,1179,277.0,2025-08,2026-07
HOU,IND,489,861.0,2025-08,2026-07
HOU,JAN,726,359.0,2025-08,2026-07
HOU,JAX,292,815.0,2025-08,2026-07
HOU,LAS,2014,1235.0,2025-08,2026-07
HOU,LAX,1194,1390.0,2025-08,2026-07
HOU,LBB,197,474.0,2025-08,2026-07
HOU,LGA,1323,1428.0,2025-08,2026-07
HOU,LGB,459,1374.0,2025-08,2026-07
HOU,LIT,24,393.0,2025-08,2026-07
HOU,MAF,1351,441.0,2025-08,2026-07
HOU,MCI,999,666.0,2025-08,2026-07
HOU,MCO,2038,849.0,2025-08,2026-07
HOU,MDW,1819,937.0,2025-08,2026-07
HOU,MEM,819,484.0,2025-08,2026-07
HOU,MIA,286,955.0,2025-08,2026-07
HOU,MSY,2292,303.0,2025-08,2026-07
HOU,MYR,7,1001.0,2025-08,2026-07
HOU,OAK,374,1642.0,2025-08,2026-07
HOU,OKC,1219,419.0,2025-08,2026-07
HOU,OMA,378,804.0,2025-08,2026-07
HOU,ONT,361,1345.0,2025-08,2026-07
HOU,PHX,2088,1020.0,2025-08,2026-07
HOU,PIT,314,1131.0,2025-08,2026-07
HOU,PNS,349,488.0,2025-08,2026-07
HOU,PVU,122,1181.0,2025-08,2026-07
HOU,RDU,352,1050.0,2025-08,2026-07
HOU,RSW,13,852.0,2025-08,2026-07
HOU,SAN,955,1313.0,2025-08,2026-07
HOU,SAT,1329,192.0,2025-08,2026-07
HOU,SAV,178,853.0,2025-08,2026-07
HOU,SBN,1,971.0,2025-08,2026-07
HOU,SDF,282,803.0,2025-08,2026-07
HOU,SEA,120,1894.0,2025-08,2026-07
HOU,SJC,364,1621.0,2025-08,2026-07
HOU,SJU,91,1997.0,2025-08,2026-07
HOU,SLC,407,1214.0,2025-08,2026-07
HOU,SMF,364,1624.0,2025-08,2026-07
HOU,SRQ,140,789.0,2025-08,2026-07
HOU,STL,1552,687.0,2025-08,2026-07
HOU,TPA,1008,781.0,2025-08,2026-07
HOU,TUL,598,453.0,2025-08,2026-07
HOU,TUS,171,946.0,2025-08,2026-07
HOU,TYS,55,782.0,2025-08,2026-07
HOU,VPS,252,527.0,2025-08,2026-07
HPN,ACK,226,191.0,2025-08,2026-07
HPN,ATL,695,781.0,2025-08,2026-07
HPN,CLT,1282,564.0,2025-08,2026-07
HPN,DCA,1270,234.0,2025-08,2026-07
HPN,DTW,45,505.0,2025-08,2026-07
HPN,FLL,859,1097.0,2025-08,2026-07
HPN,MCO,1156,972.0,2025-08,2026-07
HPN,MIA,183,1118.0,2025-08,2026-07
HPN,ORD,1467,738.0,2025-08,2026-07
HPN,PBI,1620,1056.0,2025-08,2026-07
HPN,RSW,583,1102.0,2025-08,2026-07
HPN,SJU,345,1624.0,2025-08,2026-07
HPN,TPA,359,1032.0,2025-08,2026-07
HRL,AUS,707,273.0,2025-08,2026-07
HRL,DAL,375,458.0,2025-08,2026-07
HRL,DEN,3,1023.0,2025-08,2026-07
HRL,DFW,1441,461.0,2025-08,2026-07
HRL,HOU,1178,277.0,2025-08,2026-07
HRL,IAH,1,295.0,2025-08,2026-07
HRL,MSP,169,1310.0,2025-08,2026-07
HSV,ATL,2192,151.0,2025-08,2026-07
HSV,CLT,403,333.0,2025-08,2026-07
HSV,DCA,1270,613.0,2025-08,2026-07
HSV,DEN,727,1048.0,2025-08,2026-07
HSV,DFW,1999,603.0,2025-08,2026-07
HSV,DTW,102,554.0,2025-08,2026-07
HSV,FLL,74,710.0,2025-08,2026-07
HSV,GUF,21,304.0,2025-08,2026-07
HSV,IAH,5,595.0,2025-08,2026-07
HSV,MIA,31,722.0,2025-08,2026-07
HSV,ORD,1067,510.0,2025-08,2026-07
HSV,PIE,43,523.0,2025-08,2026-07
HSV,SFB,48,519.0,2025-08,2026-07
HTS,FLL,68,859.0,2025-08,2026-07
HTS,MYR,54,382.0,2025-08,2026-07
HTS,PGD,3,790.0,2025-08,2026-07
HTS,PIE,177,721.0,2025-08,2026-07
HTS,SFB,143,665.0,2025-08,2026-07
HTS,VPS,29,589.0,2025-08,2026-07
HYA,DCA,99,407.0,2025-08,2026-07
HYA,JFK,108,196.0,2025-08,2026-07
HYA,LGA,73,197.0,2025-08,2026-07
HYA,ORD,11,909.0,2025-08,2026-07
HYA,PHL,76,288.0,2025-08,2026-07
HYS,DEN,612,298.0,2025-08,2026-07
IAD,ABQ,271,1628.0,2025-08,2026-07
IAD,ANC,108,3356.0,2025-08,2026-07
IAD,ATL,3904,534.0,2025-08,2026-07
IAD,AUS,1032,1297.0,2025-08,2026-07
IAD,AVL,89,371.0,2025-08,2026-07
IAD,BDL,1057,325.0,2025-08,2026-07
IAD,BNA,1001,542.0,2025-08,2026-07
IAD,BOS,1476,412.0,2025-08,2026-07
IAD,BTV,492,441.0,2025-08,2026-07
IAD,BUF,140,283.0,2025-08,2026-07
IAD,BZN,51,1773.0,2025-08,2026-07
IAD,CHS,752,442.0,2025-08,2026-07
IAD,CKB,99,150.0,2025-08,2026-07
IAD,CLE,1039,287.0,2025-08,2026-07
IAD,CLT,1936,322.0,2025-08,2026-07
IAD,CMH,971,299.0,2025-08,2026-07
IAD,CVG,521,388.0,2025-08,2026-07
IAD,DEN,3446,1452.0,2025-08,2026-07
IAD,DFW,1913,1172.0,2025-08,2026-07
IAD,DTW,1119,383.0,2025-08,2026-07
IAD,EGE,16,1572.0,2025-08,2026-07
IAD,EWR,1492,212.0,2025-08,2026-07
IAD,EYW,113,1024.0,2025-08,2026-07
IAD,FLL,775,901.0,2025-08,2026-07
IAD,HDN,16,1581.0,2025-08,2026-07
IAD,HNL,166,4816.0,2025-08,2026-07
IAD,IAH,1865,1190.0,2025-08,2026-07
IAD,IND,979,476.0,2025-08,2026-07
IAD,JAC,16,1750.0,2025-08,2026-07
IAD,JAX,771,631.0,2025-08,2026-07
IAD,JFK,139,228.0,2025-08,2026-07
IAD,JST,318,119.0,2025-08,2026-07
IAD,LAS,1072,2065.0,2025-08,2026-07
IAD,LAX,2453,2288.0,2025-08,2026-07
IAD,LGA,934,228.0,2025-08,2026-07
IAD,LYH,130,147.0,2025-08,2026-07
IAD,MCI,145,926.0,2025-08,2026-07
IAD,MCO,2154,758.0,2025-08,2026-07
IAD,MGW,340,140.0,2025-08,2026-07
IAD,MIA,620,922.0,2025-08,2026-07
IAD,MSN,1,683.0,2025-08,2026-07
IAD,MSP,968,907.0,2025-08,2026-07
IAD,MSY,627,955.0,2025-08,2026-07
IAD,MYR,6,373.0,2025-08,2026-07
IAD,ORD,2064,588.0,2025-08,2026-07
IAD,ORF,675,158.0,2025-08,2026-07
IAD,PBI,330,859.0,2025-08,2026-07
IAD,PDX,289,2327.0,2025-08,2026-07
IAD,PGD,86,870.0,2025-08,2026-07
IAD,PHL,203,135.0,2025-08,2026-07
IAD,PHX,1028,1956.0,2025-08,2026-07
IAD,PIT,1208,182.0,2025-08,2026-07
IAD,PSP,94,2188.0,2025-08,2026-07
IAD,PVD,70,371.0,2025-08,2026-07
IAD,PWM,772,493.0,2025-08,2026-07
IAD,RDU,1283,225.0,2025-08,2026-07
IAD,RIC,168,100.0,2025-08,2026-07
IAD,ROC,126,287.0,2025-08,2026-07
IAD,RSW,465,891.0,2025-08,2026-07
IAD,SAN,1394,2253.0,2025-08,2026-07
IAD,SAT,637,1362.0,2025-08,2026-07
IAD,SAV,203,516.0,2025-08,2026-07
IAD,SBN,95,504.0,2025-08,2026-07
IAD,SCE,28,132.0,2025-08,2026-07
IAD,SDF,232,451.0,2025-08,2026-07
IAD,SEA,1832,2305.0,2025-08,2026-07
IAD,SFO,2707,2418.0,2025-08,2026-07
IAD,SJU,703,1572.0,2025-08,2026-07
IAD,SLC,704,1827.0,2025-08,2026-07
IAD,SMF,360,2357.0,2025-08,2026-07
IAD,SRQ,97,849.0,2025-08,2026-07
IAD,STL,4,696.0,2025-08,2026-07
IAD,STT,332,1606.0,2025-08,2026-07
IAD,SYR,76,295.0,2025-08,2026-07
IAD,TPA,1293,811.0,2025-08,2026-07
IAD,TVC,3,578.0,2025-08,2026-07
IAD,TYS,94,420.0,2025-08,2026-07
IAD,VPS,29,778.0,2025-08,2026-07
IAG,MYR,40,650.0,2025-08,2026-07
IAG,PGD,201,1129.0,2025-08,2026-07
IAG,PIE,118,1069.0,2025-08,2026-07
IAG,SFB,42,996.0,2025-08,2026-07
IAH,ABI,137,306.0,2025-08,2026-07
IAH,ABQ,469,744.0,2025-08,2026-07
IAH,AEX,143,190.0,2025-08,2026-07
IAH,AMA,125,518.0,2025-08,2026-07
IAH,ANC,127,3266.0,2025-08,2026-07
IAH,ASE,607,913.0,2025-08,2026-07
IAH,ATL,4821,689.0,2025-08,2026-07
IAH,AUS,2676,140.0,2025-08,2026-07
IAH,BDL,72,1507.0,2025-08,2026-07
IAH,BHM,91,562.0,2025-08,2026-07
IAH,BNA,1400,657.0,2025-08,2026-07
IAH,BOS,1989,1597.0,2025-08,2026-07
IAH,BTR,435,253.0,2025-08,2026-07
IAH,BUF,1,1281.0,2025-08,2026-07
IAH,BWI,1292,1235.0,2025-08,2026-07
IAH,BZN,66,1385.0,2025-08,2026-07
IAH,CHA,248,686.0,2025-08,2026-07
IAH,CHS,210,925.0,2025-08,2026-07
IAH,CLE,823,1091.0,2025-08,2026-07
IAH,CLT,2282,912.0,2025-08,2026-07
IAH,CMH,517,986.0,2025-08,2026-07
IAH,COS,245,809.0,2025-08,2026-07
IAH,CRP,532,201.0,2025-08,2026-07
IAH,CVG,685,871.0,2025-08,2026-07
IAH,DCA,3213,1208.0,2025-08,2026-07
IAH,DEN,4697,861.0,2025-08,2026-07
IAH,DFW,5659,224.0,2025-08,2026-07
IAH,DRO,63,869.0,2025-08,2026-07
IAH,DSM,343,802.0,2025-08,2026-07
IAH,DTW,2090,1075.0,2025-08,2026-07
IAH,ECP,80,572.0,2025-08,2026-07
IAH,EGE,205,934.0,2025-08,2026-07
IAH,ELP,133,667.0,2025-08,2026-07
IAH,EWR,3701,1400.0,2025-08,2026-07
IAH,FCA,10,1613.0,2025-08,2026-07
IAH,FLL,2786,966.0,2025-08,2026-07
IAH,GEG,10,1695.0,2025-08,2026-07
IAH,GNV,1,785.0,2025-08,2026-07
IAH,GRR,2,1042.0,2025-08,2026-07
IAH,GSP,20,837.0,2025-08,2026-07
IAH,HDN,47,985.0,2025-08,2026-07
IAH,HEZ,30,265.0,2025-08,2026-07
IAH,HNL,363,3904.0,2025-08,2026-07
IAH,HOB,290,501.0,2025-08,2026-07
IAH,HRL,1,295.0,2025-08,2026-07
IAH,HSV,5,595.0,2025-08,2026-07
IAH,IAD,1864,1190.0,2025-08,2026-07
IAH,ICT,556,542.0,2025-08,2026-07
IAH,IND,638,844.0,2025-08,2026-07
IAH,JAC,71,1265.0,2025-08,2026-07
IAH,JAN,69,351.0,2025-08,2026-07
IAH,JAX,689,816.0,2025-08,2026-07
IAH,JFK,391,1417.0,2025-08,2026-07
IAH,LAS,3400,1222.0,2025-08,2026-07
IAH,LAX,5194,1379.0,2025-08,2026-07
IAH,LBB,180,457.0,2025-08,2026-07
IAH,LCH,45,127.0,2025-08,2026-07
IAH,LFT,307,201.0,2025-08,2026-07
IAH,LGA,3908,1416.0,2025-08,2026-07
IAH,LIT,648,374.0,2025-08,2026-07
IAH,MAF,775,429.0,2025-08,2026-07
IAH,MCI,484,643.0,2025-08,2026-07
IAH,MCO,3594,854.0,2025-08,2026-07
IAH,MDW,111,917.0,2025-08,2026-07
IAH,MEI,621,422.0,2025-08,2026-07
IAH,MEM,1076,468.0,2025-08,2026-07
IAH,MFE,684,316.0,2025-08,2026-07
IAH,MGM,232,554.0,2025-08,2026-07
IAH,MIA,3670,964.0,2025-08,2026-07
IAH,MKE,240,984.0,2025-08,2026-07
IAH,MSN,1,966.0,2025-08,2026-07
IAH,MSP,1881,1034.0,2025-08,2026-07
IAH,MSY,2925,305.0,2025-08,2026-07
IAH,MTJ,11,927.0,2025-08,2026-07
IAH,OKC,1270,395.0,2025-08,2026-07
IAH,OMA,824,781.0,2025-08,2026-07
IAH,ONT,560,1334.0,2025-08,2026-07
IAH,ORD,6022,925.0,2025-08,2026-07
IAH,ORF,92,1201.0,2025-08,2026-07
IAH,PAH,143,617.0,2025-08,2026-07
IAH,PBI,487,956.0,2025-08,2026-07
IAH,PDX,1221,1825.0,2025-08,2026-07
IAH,PHL,1811,1325.0,2025-08,2026-07
IAH,PHX,2938,1009.0,2025-08,2026-07
IAH,PIB,621,372.0,2025-08,2026-07
IAH,PIT,773,1117.0,2025-08,2026-07
IAH,PNS,561,489.0,2025-08,2026-07
IAH,PSP,28,1269.0,2025-08,2026-07
IAH,PWM,13,1667.0,2025-08,2026-07
IAH,RAP,10,1058.0,2025-08,2026-07
IAH,RDU,913,1042.0,2025-08,2026-07
IAH,RIC,77,1157.0,2025-08,2026-07
IAH,RNO,50,1530.0,2025-08,2026-07
IAH,RSW,873,861.0,2025-08,2026-07
IAH,SAF,3,735.0,2025-08,2026-07
IAH,SAN,1692,1303.0,2025-08,2026-07
IAH,SAT,2396,191.0,2025-08,2026-07
IAH,SBN,2,953.0,2025-08,2026-07
IAH,SDF,6,788.0,2025-08,2026-07
IAH,SEA,2082,1874.0,2025-08,2026-07
IAH,SFO,3581,1635.0,2025-08,2026-07
IAH,SGF,39,513.0,2025-08,2026-07
IAH,SHV,1189,192.0,2025-08,2026-07
IAH,SJC,215,1608.0,2025-08,2026-07
IAH,SJU,923,2007.0,2025-08,2026-07
IAH,SLC,1940,1195.0,2025-08,2026-07
IAH,SLN,324,621.0,2025-08,2026-07
IAH,SMF,675,1609.0,2025-08,2026-07
IAH,SNA,1092,1346.0,2025-08,2026-07
IAH,SRQ,15,796.0,2025-08,2026-07
IAH,STL,417,667.0,2025-08,2026-07
IAH,STT,170,2070.0,2025-08,2026-07
IAH,TPA,1571,787.0,2025-08,2026-07
IAH,TUL,1083,429.0,2025-08,2026-07
IAH,TUS,202,937.0,2025-08,2026-07
IAH,TVC,45,1149.0,2025-08,2026-07
IAH,VCT,582,123.0,2025-08,2026-07
IAH,XNA,176,438.0,2025-08,2026-07
ICT,ATL,1134,782.0,2025-08,2026-07
ICT,AZA,108,855.0,2025-08,2026-07
ICT,DCA,290,1110.0,2025-08,2026-07
ICT,DEN,2195,420.0,2025-08,2026-07
ICT,DFW,2355,328.0,2025-08,2026-07
ICT,IAH,554,542.0,2025-08,2026-07
ICT,LAS,472,986.0,2025-08,2026-07
ICT,LAX,3,1203.0,2025-08,2026-07
ICT,MCO,8,1129.0,2025-08,2026-07
ICT,MDW,287,589.0,2025-08,2026-07
ICT,MIA,32,1295.0,2025-08,2026-07
ICT,MSP,400,545.0,2025-08,2026-07
ICT,ORD,2114,588.0,2025-08,2026-07
ICT,PHX,761,870.0,2025-08,2026-07
ICT,PIE,31,1087.0,2025-08,2026-07
ICT,SFB,75,1117.0,2025-08,2026-07
ICT,STL,399,392.0,2025-08,2026-07
ICT,VPS,65,796.0,2025-08,2026-07
IDA,AZA,218,705.0,2025-08,2026-07
IDA,COD,1,166.0,2025-08,2026-07
IDA,DEN,1690,458.0,2025-08,2026-07
IDA,DFW,520,1095.0,2025-08,2026-07
IDA,LAS,113,539.0,2025-08,2026-07
IDA,OAK,10,667.0,2025-08,2026-07
IDA,ORD,164,1229.0,2025-08,2026-07
IDA,PDX,119,539.0,2025-08,2026-07
IDA,PHX,200,696.0,2025-08,2026-07
IDA,SEA,365,566.0,2025-08,2026-07
IDA,SLC,1188,189.0,2025-08,2026-07
IDA,SNA,105,748.0,2025-08,2026-07
ILM,ATL,1137,377.0,2025-08,2026-07
ILM,BOS,426,672.0,2025-08,2026-07
ILM,CLT,1782,185.0,2025-08,2026-07
ILM,DCA,822,320.0,2025-08,2026-07
ILM,DEN,13,1522.0,2025-08,2026-07
ILM,DFW,685,1106.0,2025-08,2026-07
ILM,EWR,373,488.0,2025-08,2026-07
ILM,LGA,961,500.0,2025-08,2026-07
ILM,MIA,448,601.0,2025-08,2026-07
ILM,MSP,27,1094.0,2025-08,2026-07
ILM,ORD,530,760.0,2025-08,2026-07
ILM,PHL,77,414.0,2025-08,2026-07
IMT,DTW,350,344.0,2025-08,2026-07
IMT,MSP,351,257.0,2025-08,2026-07
IND,ATL,3119,432.0,2025-08,2026-07
IND,AUS,1269,919.0,2025-08,2026-07
IND,BDL,1,729.0,2025-08,2026-07
IND,BNA,523,249.0,2025-08,2026-07
IND,BOS,1968,818.0,2025-08,2026-07
IND,BUR,21,1805.0,2025-08,2026-07
IND,BWI,1199,516.0,2025-08,2026-07
IND,CHS,23,585.0,2025-08,2026-07
IND,CLT,1927,427.0,2025-08,2026-07
IND,DAL,667,755.0,2025-08,2026-07
IND,DCA,1945,500.0,2025-08,2026-07
IND,DEN,2481,976.0,2025-08,2026-07
IND,DFW,1992,761.0,2025-08,2026-07
IND,DTW,1001,231.0,2025-08,2026-07
IND,ECP,39,646.0,2025-08,2026-07
IND,EUG,1,1911.0,2025-08,2026-07
IND,EWR,2133,645.0,2025-08,2026-07
IND,EYW,82,1078.0,2025-08,2026-07
IND,FLL,998,1005.0,2025-08,2026-07
IND,HOU,491,861.0,2025-08,2026-07
IND,IAD,980,476.0,2025-08,2026-07
IND,IAH,636,844.0,2025-08,2026-07
IND,JAX,85,687.0,2025-08,2026-07
IND,JFK,971,665.0,2025-08,2026-07
IND,LAS,1341,1590.0,2025-08,2026-07
IND,LAX,856,1814.0,2025-08,2026-07
IND,LGA,2416,660.0,2025-08,2026-07
IND,MCI,348,451.0,2025-08,2026-07
IND,MCO,2404,829.0,2025-08,2026-07
IND,MDW,724,162.0,2025-08,2026-07
IND,MIA,920,1020.0,2025-08,2026-07
IND,MSP,1238,503.0,2025-08,2026-07
IND,MYR,10,583.0,2025-08,2026-07
IND,ORD,5082,177.0,2025-08,2026-07
IND,PDX,26,1877.0,2025-08,2026-07
IND,PGD,257,916.0,2025-08,2026-07
IND,PHL,1504,588.0,2025-08,2026-07
IND,PHX,1525,1489.0,2025-08,2026-07
IND,PIE,226,840.0,2025-08,2026-07
IND,RDU,39,489.0,2025-08,2026-07
IND,RSW,801,945.0,2025-08,2026-07
IND,SAN,276,1782.0,2025-08,2026-07
IND,SAV,35,596.0,2025-08,2026-07
IND,SEA,556,1866.0,2025-08,2026-07
IND,SFB,224,807.0,2025-08,2026-07
IND,SFO,522,1943.0,2025-08,2026-07
IND,SJU,7,1902.0,2025-08,2026-07
IND,SLC,359,1355.0,2025-08,2026-07
IND,SRQ,350,876.0,2025-08,2026-07
IND,STL,4,229.0,2025-08,2026-07
IND,TPA,941,837.0,2025-08,2026-07
IND,TUS,1,1473.0,2025-08,2026-07
IND,VPS,89,637.0,2025-08,2026-07
INL,MSP,651,255.0,2025-08,2026-07
ISP,BWI,1216,220.0,2025-08,2026-07
ISP,FLL,398,1092.0,2025-08,2026-07
ISP,MCO,1396,971.0,2025-08,2026-07
ISP,MIA,4,1113.0,2025-08,2026-07
ISP,MYR,117,586.0,2025-08,2026-07
ISP,PBI,1195,1052.0,2025-08,2026-07
ISP,RSW,108,1101.0,2025-08,2026-07
ISP,TPA,428,1034.0,2025-08,2026-07
ITO,HNL,6224,216.0,2025-08,2026-07
ITO,LAS,1,2664.0,2025-08,2026-07
ITO,OGG,318,121.0,2025-08,2026-07
JAC,ATL,203,1572.0,2025-08,2026-07
JAC,CLT,137,1685.0,2025-08,2026-07
JAC,DEN,1608,406.0,2025-08,2026-07
JAC,DFW,731,1047.0,2025-08,2026-07
JAC,EWR,269,1874.0,2025-08,2026-07
JAC,IAD,15,1750.0,2025-08,2026-07
JAC,IAH,69,1265.0,2025-08,2026-07
JAC,JFK,42,1894.0,2025-08,2026-07
JAC,LAX,668,784.0,2025-08,2026-07
JAC,MSP,123,872.0,2025-08,2026-07
JAC,ORD,802,1162.0,2025-08,2026-07
JAC,PDX,15,600.0,2025-08,2026-07
JAC,SAN,89,828.0,2025-08,2026-07
JAC,SEA,202,621.0,2025-08,2026-07
JAC,SFO,338,737.0,2025-08,2026-07
JAC,SLC,1205,205.0,2025-08,2026-07
JAN,ATL,1925,340.0,2025-08,2026-07
JAN,BNA,364,327.0,2025-08,2026-07
JAN,BWI,189,888.0,2025-08,2026-07
JAN,CLT,318,562.0,2025-08,2026-07
JAN,DCA,287,860.0,2025-08,2026-07
JAN,DFW,1849,408.0,2025-08,2026-07
JAN,HOU,727,359.0,2025-08,2026-07
JAN,IAH,70,351.0,2025-08,2026-07
JAN,LAS,1,1455.0,2025-08,2026-07
JAN,MCO,11,588.0,2025-08,2026-07
JAN,MIA,20,742.0,2025-08,2026-07
JAX,ATL,3979,269.0,2025-08,2026-07
JAX,AUS,642,953.0,2025-08,2026-07
JAX,BLV,48,723.0,2025-08,2026-07
JAX,BNA,1103,483.0,2025-08,2026-07
JAX,BOS,1576,1011.0,2025-08,2026-07
JAX,BWI,1370,663.0,2025-08,2026-07
JAX,CAK,135,719.0,2025-08,2026-07
JAX,CLT,1918,328.0,2025-08,2026-07
JAX,CVG,130,613.0,2025-08,2026-07
JAX,DAL,345,906.0,2025-08,2026-07
JAX,DCA,1430,634.0,2025-08,2026-07
JAX,DEN,1017,1446.0,2025-08,2026-07
JAX,DFW,1781,917.0,2025-08,2026-07
JAX,DSM,52,1012.0,2025-08,2026-07
JAX,DTW,622,813.0,2025-08,2026-07
JAX,EWR,1342,820.0,2025-08,2026-07
JAX,FLL,77,319.0,2025-08,2026-07
JAX,FNT,83,867.0,2025-08,2026-07
JAX,GRR,104,880.0,2025-08,2026-07
JAX,HOU,290,815.0,2025-08,2026-07
JAX,IAD,770,631.0,2025-08,2026-07
JAX,IAH,690,816.0,2025-08,2026-07
JAX,IND,85,687.0,2025-08,2026-07
JAX,JFK,1133,829.0,2025-08,2026-07
JAX,LAS,3,1964.0,2025-08,2026-07
JAX,LGA,602,834.0,2025-08,2026-07
JAX,MCI,4,954.0,2025-08,2026-07
JAX,MDT,73,724.0,2025-08,2026-07
JAX,MDW,410,848.0,2025-08,2026-07
JAX,MIA,1482,335.0,2025-08,2026-07
JAX,MSP,344,1173.0,2025-08,2026-07
JAX,ORD,2073,864.0,2025-08,2026-07
JAX,ORF,3,543.0,2025-08,2026-07
JAX,PHL,1517,742.0,2025-08,2026-07
JAX,PHX,322,1785.0,2025-08,2026-07
JAX,PIT,139,694.0,2025-08,2026-07
JAX,SDF,1,577.0,2025-08,2026-07
JAX,SEA,1,2442.0,2025-08,2026-07
JAX,SJU,253,1288.0,2025-08,2026-07
JAX,STL,504,753.0,2025-08,2026-07
JAX,TYS,105,390.0,2025-08,2026-07
JFK,ABQ,156,1826.0,2025-08,2026-07
JFK,ACK,280,199.0,2025-08,2026-07
JFK,ANC,70,3386.0,2025-08,2026-07
JFK,ATL,4139,760.0,2025-08,2026-07
JFK,AUS,2123,1521.0,2025-08,2026-07
JFK,BDL,353,106.0,2025-08,2026-07
JFK,BNA,1371,765.0,2025-08,2026-07
JFK,BOS,5432,187.0,2025-08,2026-07
JFK,BQN,458,1576.0,2025-08,2026-07
JFK,BUF,1155,301.0,2025-08,2026-07
JFK,BUR,171,2465.0,2025-08,2026-07
JFK,BZN,108,1902.0,2025-08,2026-07
JFK,CHS,742,636.0,2025-08,2026-07
JFK,CLE,651,425.0,2025-08,2026-07
JFK,CLT,1944,542.0,2025-08,2026-07
JFK,CMH,1525,483.0,2025-08,2026-07
JFK,CVG,656,589.0,2025-08,2026-07
JFK,DAB,227,891.0,2025-08,2026-07
JFK,DCA,2384,213.0,2025-08,2026-07
JFK,DEN,1516,1626.0,2025-08,2026-07
JFK,DFW,1921,1391.0,2025-08,2026-07
JFK,DTW,1174,509.0,2025-08,2026-07
JFK,EGE,118,1746.0,2025-08,2026-07
JFK,FLL,3734,1069.0,2025-08,2026-07
JFK,HNL,648,4983.0,2025-08,2026-07
JFK,HYA,108,196.0,2025-08,2026-07
JFK,IAD,144,228.0,2025-08,2026-07
JFK,IAH,398,1417.0,2025-08,2026-07
JFK,IND,954,665.0,2025-08,2026-07
JFK,JAC,42,1894.0,2025-08,2026-07
JFK,JAX,1137,829.0,2025-08,2026-07
JFK,LAS,3619,2248.0,2025-08,2026-07
JFK,LAX,10034,2475.0,2025-08,2026-07
JFK,MCI,1,1113.0,2025-08,2026-07
JFK,MCO,4683,944.0,2025-08,2026-07
JFK,MEM,35,964.0,2025-08,2026-07
JFK,MHT,33,199.0,2025-08,2026-07
JFK,MIA,4400,1089.0,2025-08,2026-07
JFK,MSP,707,1029.0,2025-08,2026-07
JFK,MSY,1084,1182.0,2025-08,2026-07
JFK,MVY,246,173.0,2025-08,2026-07
JFK,ONT,162,2429.0,2025-08,2026-07
JFK,ORD,1958,740.0,2025-08,2026-07
JFK,ORF,696,290.0,2025-08,2026-07
JFK,PBI,2107,1028.0,2025-08,2026-07
JFK,PDX,895,2454.0,2025-08,2026-07
JFK,PHX,2939,2153.0,2025-08,2026-07
JFK,PIT,1678,340.0,2025-08,2026-07
JFK,PSE,48,1617.0,2025-08,2026-07
JFK,PSP,212,2378.0,2025-08,2026-07
JFK,PVD,352,144.0,2025-08,2026-07
JFK,PWM,381,273.0,2025-08,2026-07
JFK,RDU,2213,427.0,2025-08,2026-07
JFK,RIC,65,288.0,2025-08,2026-07
JFK,RNO,139,2411.0,2025-08,2026-07
JFK,ROC,577,264.0,2025-08,2026-07
JFK,RSW,1224,1074.0,2025-08,2026-07
JFK,SAN,2355,2446.0,2025-08,2026-07
JFK,SAT,347,1587.0,2025-08,2026-07
JFK,SAV,604,717.0,2025-08,2026-07
JFK,SDF,6,662.0,2025-08,2026-07
JFK,SEA,2813,2422.0,2025-08,2026-07
JFK,SFO,6619,2586.0,2025-08,2026-07
JFK,SJC,5,2569.0,2025-08,2026-07
JFK,SJU,3481,1598.0,2025-08,2026-07
JFK,SLC,1887,1990.0,2025-08,2026-07
JFK,SMF,160,2521.0,2025-08,2026-07
JFK,SNA,451,2454.0,2025-08,2026-07
JFK,SRQ,512,1041.0,2025-08,2026-07
JFK,STL,2,892.0,2025-08,2026-07
JFK,STT,530,1623.0,2025-08,2026-07
JFK,SYR,484,209.0,2025-08,2026-07
JFK,TPA,2219,1005.0,2025-08,2026-07
JFK,VPS,103,1001.0,2025-08,2026-07
JFK,VRB,214,972.0,2025-08,2026-07
JLN,DEN,325,582.0,2025-08,2026-07
JLN,ORD,353,484.0,2025-08,2026-07
JMS,DEN,614,573.0,2025-08,2026-07
JNU,ANC,1194,571.0,2025-08,2026-07
JNU,GST,82,41.0,2025-08,2026-07
JNU,KTN,355,234.0,2025-08,2026-07
JNU,PSG,357,123.0,2025-08,2026-07
JNU,SEA,1562,909.0,2025-08,2026-07
JNU,SIT,710,95.0,2025-08,2026-07
JNU,YAK,357,199.0,2025-08,2026-07
JST,IAD,319,119.0,2025-08,2026-07
JST,ORD,339,487.0,2025-08,2026-07
KOA,ANC,47,2875.0,2025-08,2026-07
KOA,DEN,365,3329.0,2025-08,2026-07
KOA,DFW,119,3724.0,2025-08,2026-07
KOA,HNL,7149,163.0,2025-08,2026-07
KOA,LAS,364,2718.0,2025-08,2026-07
KOA,LAX,1587,2504.0,2025-08,2026-07
KOA,LIH,363,263.0,2025-08,2026-07
KOA,OGG,1457,84.0,2025-08,2026-07
KOA,ORD,16,4213.0,2025-08,2026-07
KOA,PDX,365,2607.0,2025-08,2026-07
KOA,PHX,380,2860.0,2025-08,2026-07
KOA,SAN,362,2556.0,2025-08,2026-07
KOA,SEA,1391,2688.0,2025-08,2026-07
KOA,SFO,1139,2368.0,2025-08,2026-07
KOA,SJC,154,2384.0,2025-08,2026-07
KOA,SLC,93,2966.0,2025-08,2026-07
KOA,SMF,521,2435.0,2025-08,2026-07
KTN,JNU,351,234.0,2025-08,2026-07
KTN,SEA,1270,680.0,2025-08,2026-07
KTN,SIT,348,183.0,2025-08,2026-07
KTN,WRG,354,82.0,2025-08,2026-07
LAF,ORD,549,119.0,2025-08,2026-07
LAN,DCA,273,479.0,2025-08,2026-07
LAN,DTW,851,74.0,2025-08,2026-07
LAN,ORD,726,179.0,2025-08,2026-07
LAR,DEN,618,113.0,2025-08,2026-07
LAS,ABQ,1708,486.0,2025-08,2026-07
LAS,ALB,153,2237.0,2025-08,2026-07
LAS,AMA,360,759.0,2025-08,2026-07
LAS,ANC,274,2304.0,2025-08,2026-07
LAS,ATL,4730,1747.0,2025-08,2026-07
LAS,ATW,170,1510.0,2025-08,2026-07
LAS,AUS,2864,1090.0,2025-08,2026-07
LAS,AVL,103,1824.0,2025-08,2026-07
LAS,AZA,17,276.0,2025-08,2026-07
LAS,BHM,358,1618.0,2025-08,2026-07
LAS,BIL,129,754.0,2025-08,2026-07
LAS,BIS,116,1048.0,2025-08,2026-07
LAS,BLI,429,954.0,2025-08,2026-07
LAS,BLV,55,1400.0,2025-08,2026-07
LAS,BNA,2034,1587.0,2025-08,2026-07
LAS,BOI,1360,519.0,2025-08,2026-07
LAS,BOS,1588,2381.0,2025-08,2026-07
LAS,BUF,300,1986.0,2025-08,2026-07
LAS,BUR,4076,223.0,2025-08,2026-07
LAS,BWI,1767,2106.0,2025-08,2026-07
LAS,BZN,597,701.0,2025-08,2026-07
LAS,CAK,2,1846.0,2025-08,2026-07
LAS,CHA,64,1682.0,2025-08,2026-07
LAS,CID,115,1319.0,2025-08,2026-07
LAS,CLE,981,1824.0,2025-08,2026-07
LAS,CLT,2068,1916.0,2025-08,2026-07
LAS,CMH,889,1771.0,2025-08,2026-07
LAS,COS,859,604.0,2025-08,2026-07
LAS,CVG,666,1678.0,2025-08,2026-07
LAS,DAL,2798,1067.0,2025-08,2026-07
LAS,DCA,721,2089.0,2025-08,2026-07
LAS,DEN,7047,628.0,2025-08,2026-07
LAS,DFW,5004,1055.0,2025-08,2026-07
LAS,DSM,593,1216.0,2025-08,2026-07
LAS,DTW,2772,1749.0,2025-08,2026-07
LAS,ELP,1328,584.0,2025-08,2026-07
LAS,EUG,473,700.0,2025-08,2026-07
LAS,EWR,2874,2227.0,2025-08,2026-07
LAS,FAR,140,1205.0,2025-08,2026-07
LAS,FAT,1703,259.0,2025-08,2026-07
LAS,FCA,103,846.0,2025-08,2026-07
LAS,FLL,1015,2173.0,2025-08,2026-07
LAS,FNT,105,1733.0,2025-08,2026-07
LAS,FSD,173,1104.0,2025-08,2026-07
LAS,FWA,52,1649.0,2025-08,2026-07
LAS,GEG,850,806.0,2025-08,2026-07
LAS,GFK,78,1230.0,2025-08,2026-07
LAS,GRI,112,971.0,2025-08,2026-07
LAS,GRR,385,1642.0,2025-08,2026-07
LAS,GTF,111,810.0,2025-08,2026-07
LAS,HNL,2195,2762.0,2025-08,2026-07
LAS,HOU,2013,1235.0,2025-08,2026-07
LAS,IAD,1072,2065.0,2025-08,2026-07
LAS,IAH,3401,1222.0,2025-08,2026-07
LAS,ICT,472,986.0,2025-08,2026-07
LAS,IDA,113,539.0,2025-08,2026-07
LAS,IND,1344,1590.0,2025-08,2026-07
LAS,ITO,1,2664.0,2025-08,2026-07
LAS,JAN,1,1455.0,2025-08,2026-07
LAS,JAX,3,1964.0,2025-08,2026-07
LAS,JFK,3610,2248.0,2025-08,2026-07
LAS,KOA,365,2718.0,2025-08,2026-07
LAS,LAX,8190,236.0,2025-08,2026-07
LAS,LBB,362,775.0,2025-08,2026-07
LAS,LEX,91,1686.0,2025-08,2026-07
LAS,LGA,2,2242.0,2025-08,2026-07
LAS,LGB,2110,231.0,2025-08,2026-07
LAS,LIH,365,2817.0,2025-08,2026-07
LAS,LIT,358,1294.0,2025-08,2026-07
LAS,LRD,109,1092.0,2025-08,2026-07
LAS,MAF,363,795.0,2025-08,2026-07
LAS,MCI,1979,1139.0,2025-08,2026-07
LAS,MCO,1953,2039.0,2025-08,2026-07
LAS,MDW,2284,1521.0,2025-08,2026-07
LAS,MEM,579,1416.0,2025-08,2026-07
LAS,MFE,424,1210.0,2025-08,2026-07
LAS,MFR,152,600.0,2025-08,2026-07
LAS,MIA,1402,2174.0,2025-08,2026-07
LAS,MKE,1041,1524.0,2025-08,2026-07
LAS,MLI,104,1376.0,2025-08,2026-07
LAS,MOT,111,1098.0,2025-08,2026-07
LAS,MRY,109,375.0,2025-08,2026-07
LAS,MSO,111,750.0,2025-08,2026-07
LAS,MSP,2112,1299.0,2025-08,2026-07
LAS,MSY,833,1500.0,2025-08,2026-07
LAS,OAK,3245,407.0,2025-08,2026-07
LAS,OGG,730,2695.0,2025-08,2026-07
LAS,OKC,1216,986.0,2025-08,2026-07
LAS,OMA,1124,1099.0,2025-08,2026-07
LAS,ONT,2458,197.0,2025-08,2026-07
LAS,ORD,5169,1514.0,2025-08,2026-07
LAS,PAE,444,894.0,2025-08,2026-07
LAS,PDX,2938,763.0,2025-08,2026-07
LAS,PHL,1467,2177.0,2025-08,2026-07
LAS,PHX,5956,255.0,2025-08,2026-07
LAS,PIA,116,1413.0,2025-08,2026-07
LAS,PIT,714,1910.0,2025-08,2026-07
LAS,PSC,124,732.0,2025-08,2026-07
LAS,PSP,737,173.0,2025-08,2026-07
LAS,RAP,111,843.0,2025-08,2026-07
LAS,RDU,604,2026.0,2025-08,2026-07
LAS,RFD,104,1455.0,2025-08,2026-07
LAS,RNO,4069,345.0,2025-08,2026-07
LAS,ROC,149,2040.0,2025-08,2026-07
LAS,SAN,5576,258.0,2025-08,2026-07
LAS,SAT,2018,1069.0,2025-08,2026-07
LAS,SBA,876,289.0,2025-08,2026-07
LAS,SBN,104,1594.0,2025-08,2026-07
LAS,SBP,116,314.0,2025-08,2026-07
LAS,SCK,397,359.0,2025-08,2026-07
LAS,SDF,395,1624.0,2025-08,2026-07
LAS,SEA,5567,867.0,2025-08,2026-07
LAS,SFB,22,2034.0,2025-08,2026-07
LAS,SFO,6072,414.0,2025-08,2026-07
LAS,SGF,124,1209.0,2025-08,2026-07
LAS,SHV,106,1243.0,2025-08,2026-07
LAS,SJC,3768,386.0,2025-08,2026-07
LAS,SLC,3717,368.0,2025-08,2026-07
LAS,SMF,4103,397.0,2025-08,2026-07
LAS,SMX,104,310.0,2025-08,2026-07
LAS,SNA,4123,226.0,2025-08,2026-07
LAS,STL,2093,1371.0,2025-08,2026-07
LAS,STS,346,454.0,2025-08,2026-07
LAS,TPA,1022,1984.0,2025-08,2026-07
LAS,TUL,734,1076.0,2025-08,2026-07
LAS,TUS,1329,364.0,2025-08,2026-07
LAS,TYS,118,1739.0,2025-08,2026-07
LAS,VPS,25,1695.0,2025-08,2026-07
LAS,XNA,112,1163.0,2025-08,2026-07
LAW,DFW,1011,140.0,2025-08,2026-07
LAX,ABQ,2213,677.0,2025-08,2026-07
LAX,ACV,418,577.0,2025-08,2026-07
LAX,AGS,1,2090.0,2025-08,2026-07
LAX,ANC,389,2345.0,2025-08,2026-07
LAX,ASE,1204,737.0,2025-08,2026-07
LAX,ATL,4892,1947.0,2025-08,2026-07
LAX,AUS,4050,1242.0,2025-08,2026-07
LAX,BHM,3,1815.0,2025-08,2026-07
LAX,BLI,45,1047.0,2025-08,2026-07
LAX,BNA,2298,1798.0,2025-08,2026-07
LAX,BOI,1374,674.0,2025-08,2026-07
LAX,BOS,4680,2611.0,2025-08,2026-07
LAX,BUF,128,2218.0,2025-08,2026-07
LAX,BWI,1672,2329.0,2025-08,2026-07
LAX,BZN,542,902.0,2025-08,2026-07
LAX,CID,5,1550.0,2025-08,2026-07
LAX,CLE,757,2052.0,2025-08,2026-07
LAX,CLT,2248,2125.0,2025-08,2026-07
LAX,CMH,457,1995.0,2025-08,2026-07
LAX,CVG,348,1900.0,2025-08,2026-07
LAX,DAL,1460,1246.0,2025-08,2026-07
LAX,DCA,1434,2311.0,2025-08,2026-07
LAX,DEN,7673,862.0,2025-08,2026-07
LAX,DFW,6076,1235.0,2025-08,2026-07
LAX,DSM,300,1447.0,2025-08,2026-07
LAX,DTW,2425,1979.0,2025-08,2026-07
LAX,EGE,268,748.0,2025-08,2026-07
LAX,ELP,1279,715.0,2025-08,2026-07
LAX,EUG,400,748.0,2025-08,2026-07
LAX,EWR,4747,2454.0,2025-08,2026-07
LAX,FAT,974,209.0,2025-08,2026-07
LAX,FCA,141,1015.0,2025-08,2026-07
LAX,FLL,2267,2343.0,2025-08,2026-07
LAX,FSD,4,1340.0,2025-08,2026-07
LAX,GEG,874,945.0,2025-08,2026-07
LAX,GRR,4,1874.0,2025-08,2026-07
LAX,HDN,83,763.0,2025-08,2026-07
LAX,HNL,5491,2556.0,2025-08,2026-07
LAX,HOU,1192,1390.0,2025-08,2026-07
LAX,IAD,2460,2288.0,2025-08,2026-07
LAX,IAH,5190,1379.0,2025-08,2026-07
LAX,ICT,3,1203.0,2025-08,2026-07
LAX,IND,859,1814.0,2025-08,2026-07
LAX,JAC,673,784.0,2025-08,2026-07
LAX,JFK,10027,2475.0,2025-08,2026-07
LAX,KOA,1595,2504.0,2025-08,2026-07
LAX,LAS,8177,236.0,2025-08,2026-07
LAX,LIH,1571,2615.0,2025-08,2026-07
LAX,LIT,3,1494.0,2025-08,2026-07
LAX,LNK,1,1279.0,2025-08,2026-07
LAX,MCI,1315,1363.0,2025-08,2026-07
LAX,MCO,3532,2218.0,2025-08,2026-07
LAX,MDT,1,2320.0,2025-08,2026-07
LAX,MDW,1290,1751.0,2025-08,2026-07
LAX,MEM,253,1619.0,2025-08,2026-07
LAX,MFE,5,1319.0,2025-08,2026-07
LAX,MFR,138,630.0,2025-08,2026-07
LAX,MIA,3230,2342.0,2025-08,2026-07
LAX,MKE,9,1756.0,2025-08,2026-07
LAX,MRY,851,266.0,2025-08,2026-07
LAX,MSN,2,1687.0,2025-08,2026-07
LAX,MSO,166,923.0,2025-08,2026-07
LAX,MSP,2116,1535.0,2025-08,2026-07
LAX,MSY,1450,1671.0,2025-08,2026-07
LAX,MTJ,92,666.0,2025-08,2026-07
LAX,OAK,2072,337.0,2025-08,2026-07
LAX,OGG,2138,2485.0,2025-08,2026-07
LAX,OKC,921,1187.0,2025-08,2026-07
LAX,OMA,586,1330.0,2025-08,2026-07
LAX,ORD,6919,1744.0,2025-08,2026-07
LAX,PAE,69,984.0,2025-08,2026-07
LAX,PBI,183,2330.0,2025-08,2026-07
LAX,PDX,4318,833.0,2025-08,2026-07
LAX,PHL,2363,2402.0,2025-08,2026-07
LAX,PHX,7573,370.0,2025-08,2026-07
LAX,PIT,424,2136.0,2025-08,2026-07
LAX,PRC,363,346.0,2025-08,2026-07
LAX,PSC,358,851.0,2025-08,2026-07
LAX,PSP,481,110.0,2025-08,2026-07
LAX,PWM,5,2642.0,2025-08,2026-07
LAX,RDD,334,501.0,2025-08,2026-07
LAX,RDM,449,726.0,2025-08,2026-07
LAX,RDU,785,2239.0,2025-08,2026-07
LAX,RNO,2467,390.0,2025-08,2026-07
LAX,RSW,45,2238.0,2025-08,2026-07
LAX,SAF,298,710.0,2025-08,2026-07
LAX,SAN,2424,109.0,2025-08,2026-07
LAX,SAT,1838,1211.0,2025-08,2026-07
LAX,SBA,680,89.0,2025-08,2026-07
LAX,SBN,1,1823.0,2025-08,2026-07
LAX,SBP,633,155.0,2025-08,2026-07
LAX,SDF,52,1843.0,2025-08,2026-07
LAX,SEA,7384,954.0,2025-08,2026-07
LAX,SFO,11141,337.0,2025-08,2026-07
LAX,SGF,10,1423.0,2025-08,2026-07
LAX,SGU,310,349.0,2025-08,2026-07
LAX,SJC,4434,308.0,2025-08,2026-07
LAX,SLC,4169,590.0,2025-08,2026-07
LAX,SMF,5618,373.0,2025-08,2026-07
LAX,STL,1021,1592.0,2025-08,2026-07
LAX,STS,711,399.0,2025-08,2026-07
LAX,SUN,328,696.0,2025-08,2026-07
LAX,TPA,1180,2158.0,2025-08,2026-07
LAX,TUL,374,1283.0,2025-08,2026-07
LAX,TUS,2590,451.0,2025-08,2026-07
LAX,XNA,441,1371.0,2025-08,2026-07
LBB,AUS,324,341.0,2025-08,2026-07
LBB,DAL,1490,293.0,2025-08,2026-07
LBB,DEN,971,456.0,2025-08,2026-07
LBB,DFW,2555,282.0,2025-08,2026-07
LBB,FLL,1,1398.0,2025-08,2026-07
LBB,HOU,195,474.0,2025-08,2026-07
LBB,IAH,179,457.0,2025-08,2026-07
LBB,LAS,361,775.0,2025-08,2026-07
LBB,MIA,7,1399.0,2025-08,2026-07
LBB,PHX,364,588.0,2025-08,2026-07
LBB,SLC,1,744.0,2025-08,2026-07
LBE,FLL,26,980.0,2025-08,2026-07
LBE,MCO,188,823.0,2025-08,2026-07
LBE,MYR,78,455.0,2025-08,2026-07
LBF,DEN,620,227.0,2025-08,2026-07
LBL,DEN,615,280.0,2025-08,2026-07
LCH,DFW,1014,295.0,2025-08,2026-07
LCH,IAH,45,127.0,2025-08,2026-07
LCK,CHS,4,503.0,2025-08,2026-07
LCK,EYW,21,1054.0,2025-08,2026-07
LCK,FLL,84,961.0,2025-08,2026-07
LCK,MYR,117,478.0,2025-08,2026-07
LCK,PGD,186,890.0,2025-08,2026-07
LCK,PIE,171,821.0,2025-08,2026-07
LCK,SAV,139,539.0,2025-08,2026-07
LCK,SFB,162,767.0,2025-08,2026-07
LCK,SRQ,124,856.0,2025-08,2026-07
LCK,VPS,122,675.0,2025-08,2026-07
LEX,ATL,2015,304.0,2025-08,2026-07
LEX,AUS,2,922.0,2025-08,2026-07
LEX,CLT,1353,281.0,2025-08,2026-07
LEX,DCA,299,414.0,2025-08,2026-07
LEX,DEN,362,1086.0,2025-08,2026-07
LEX,DFW,1183,785.0,2025-08,2026-07
LEX,DTW,779,296.0,2025-08,2026-07
LEX,FLL,124,865.0,2025-08,2026-07
LEX,LAS,91,1686.0,2025-08,2026-07
LEX,LGA,84,604.0,2025-08,2026-07
LEX,MIA,16,880.0,2025-08,2026-07
LEX,MYR,20,438.0,2025-08,2026-07
LEX,ORD,1656,323.0,2025-08,2026-07
LEX,PGD,163,781.0,2025-08,2026-07
LEX,PHL,385,520.0,2025-08,2026-07
LEX,PIE,174,707.0,2025-08,2026-07
LEX,SFB,216,667.0,2025-08,2026-07
LEX,SRQ,88,743.0,2025-08,2026-07
LEX,VPS,28,532.0,2025-08,2026-07
LFT,ATL,167,503.0,2025-08,2026-07
LFT,CLT,359,729.0,2025-08,2026-07
LFT,DFW,1606,351.0,2025-08,2026-07
LFT,IAH,309,201.0,2025-08,2026-07
LGA,ACK,398,202.0,2025-08,2026-07
LGA,AGS,18,678.0,2025-08,2026-07
LGA,ATL,8066,762.0,2025-08,2026-07
LGA,AVL,422,599.0,2025-08,2026-07
LGA,BGR,254,378.0,2025-08,2026-07
LGA,BNA,3598,764.0,2025-08,2026-07
LGA,BOS,6947,184.0,2025-08,2026-07
LGA,BTV,58,258.0,2025-08,2026-07
LGA,BUF,1662,292.0,2025-08,2026-07
LGA,BZN,24,1894.0,2025-08,2026-07
LGA,CAE,582,617.0,2025-08,2026-07
LGA,CHO,335,305.0,2025-08,2026-07
LGA,CHS,1397,641.0,2025-08,2026-07
LGA,CLE,1696,419.0,2025-08,2026-07
LGA,CLT,4080,544.0,2025-08,2026-07
LGA,CMH,2906,479.0,2025-08,2026-07
LGA,CVG,304,585.0,2025-08,2026-07
LGA,DAB,2,897.0,2025-08,2026-07
LGA,DAL,1481,1381.0,2025-08,2026-07
LGA,DAY,21,549.0,2025-08,2026-07
LGA,DCA,4570,214.0,2025-08,2026-07
LGA,DEN,4525,1620.0,2025-08,2026-07
LGA,DFW,6369,1389.0,2025-08,2026-07
LGA,DSM,250,1031.0,2025-08,2026-07
LGA,DTW,3743,502.0,2025-08,2026-07
LGA,EYW,340,1207.0,2025-08,2026-07
LGA,FCA,11,2035.0,2025-08,2026-07
LGA,FLL,4490,1076.0,2025-08,2026-07
LGA,GRR,890,618.0,2025-08,2026-07
LGA,GSO,1674,461.0,2025-08,2026-07
LGA,GSP,869,610.0,2025-08,2026-07
LGA,HHH,197,701.0,2025-08,2026-07
LGA,HOU,1314,1428.0,2025-08,2026-07
LGA,HYA,75,197.0,2025-08,2026-07
LGA,IAD,933,228.0,2025-08,2026-07
LGA,IAH,3918,1416.0,2025-08,2026-07
LGA,ILM,959,500.0,2025-08,2026-07
LGA,IND,2394,660.0,2025-08,2026-07
LGA,JAX,596,834.0,2025-08,2026-07
LGA,LEX,88,604.0,2025-08,2026-07
LGA,LIT,292,1085.0,2025-08,2026-07
LGA,MCI,1737,1107.0,2025-08,2026-07
LGA,MCO,4995,950.0,2025-08,2026-07
LGA,MDW,2269,725.0,2025-08,2026-07
LGA,MEM,1008,963.0,2025-08,2026-07
LGA,MIA,5745,1096.0,2025-08,2026-07
LGA,MKE,787,738.0,2025-08,2026-07
LGA,MSN,859,812.0,2025-08,2026-07
LGA,MSP,1794,1020.0,2025-08,2026-07
LGA,MSY,1362,1183.0,2025-08,2026-07
LGA,MVY,315,175.0,2025-08,2026-07
LGA,MYR,643,563.0,2025-08,2026-07
LGA,OKC,728,1341.0,2025-08,2026-07
LGA,OMA,185,1148.0,2025-08,2026-07
LGA,ORD,11001,733.0,2025-08,2026-07
LGA,ORF,1208,296.0,2025-08,2026-07
LGA,PBI,3071,1035.0,2025-08,2026-07
LGA,PIT,2869,335.0,2025-08,2026-07
LGA,PNS,9,1030.0,2025-08,2026-07
LGA,PWM,1122,269.0,2025-08,2026-07
LGA,RDU,2462,431.0,2025-08,2026-07
LGA,RIC,2133,291.0,2025-08,2026-07
LGA,ROA,332,405.0,2025-08,2026-07
LGA,ROC,119,254.0,2025-08,2026-07
LGA,RSW,857,1080.0,2025-08,2026-07
LGA,SAV,549,722.0,2025-08,2026-07
LGA,SBN,14,651.0,2025-08,2026-07
LGA,SDF,998,659.0,2025-08,2026-07
LGA,SJU,5,1608.0,2025-08,2026-07
LGA,SLC,18,1983.0,2025-08,2026-07
LGA,SRQ,516,1047.0,2025-08,2026-07
LGA,STL,2514,888.0,2025-08,2026-07
LGA,SYR,197,198.0,2025-08,2026-07
LGA,TPA,2711,1010.0,2025-08,2026-07
LGA,TUL,589,1231.0,2025-08,2026-07
LGA,TVC,75,655.0,2025-08,2026-07
LGA,TYS,137,647.0,2025-08,2026-07
LGA,XNA,851,1147.0,2025-08,2026-07
LGB,ABQ,96,664.0,2025-08,2026-07
LGB,AUS,428,1226.0,2025-08,2026-07
LGB,BNA,364,1785.0,2025-08,2026-07
LGB,BWI,127,2318.0,2025-08,2026-07
LGB,BZN,7,904.0,2025-08,2026-07
LGB,DAL,505,1232.0,2025-08,2026-07
LGB,DEN,1006,854.0,2025-08,2026-07
LGB,ELP,39,699.0,2025-08,2026-07
LGB,HNL,728,2569.0,2025-08,2026-07
LGB,HOU,460,1374.0,2025-08,2026-07
LGB,LAS,2107,231.0,2025-08,2026-07
LGB,MCO,1,2203.0,2025-08,2026-07
LGB,MDW,281,1741.0,2025-08,2026-07
LGB,MSY,4,1656.0,2025-08,2026-07
LGB,OAK,1591,353.0,2025-08,2026-07
LGB,OGG,368,2498.0,2025-08,2026-07
LGB,PHX,1514,355.0,2025-08,2026-07
LGB,RNO,691,402.0,2025-08,2026-07
LGB,SJC,1236,324.0,2025-08,2026-07
LGB,SLC,1560,588.0,2025-08,2026-07
LGB,SMF,1862,387.0,2025-08,2026-07
LGB,STL,84,1581.0,2025-08,2026-07
LIH,DEN,369,3414.0,2025-08,2026-07
LIH,HNL,7608,102.0,2025-08,2026-07
LIH,KOA,365,263.0,2025-08,2026-07
LIH,LAS,364,2817.0,2025-08,2026-07
LIH,LAX,1569,2615.0,2025-08,2026-07
LIH,OAK,658,2456.0,2025-08,2026-07
LIH,OGG,1458,202.0,2025-08,2026-07
LIH,PDX,251,2630.0,2025-08,2026-07
LIH,PHX,383,2979.0,2025-08,2026-07
LIH,SAN,278,2676.0,2025-08,2026-07
LIH,SEA,1073,2700.0,2025-08,2026-07
LIH,SFO,889,2446.0,2025-08,2026-07
LIH,SJC,160,2465.0,2025-08,2026-07
LIH,SMF,209,2508.0,2025-08,2026-07
LIT,ATL,2248,453.0,2025-08,2026-07
LIT,BNA,297,327.0,2025-08,2026-07
LIT,CLT,1205,640.0,2025-08,2026-07
LIT,DAL,1028,296.0,2025-08,2026-07
LIT,DCA,361,888.0,2025-08,2026-07
LIT,DEN,1562,771.0,2025-08,2026-07
LIT,DFW,2600,304.0,2025-08,2026-07
LIT,HOU,24,393.0,2025-08,2026-07
LIT,IAH,651,374.0,2025-08,2026-07
LIT,LAS,359,1294.0,2025-08,2026-07
LIT,LAX,3,1494.0,2025-08,2026-07
LIT,LGA,298,1085.0,2025-08,2026-07
LIT,MCO,10,776.0,2025-08,2026-07
LIT,MIA,51,941.0,2025-08,2026-07
LIT,ORD,1412,552.0,2025-08,2026-07
LIT,PHX,305,1136.0,2025-08,2026-07
LIT,PIE,25,734.0,2025-08,2026-07
LIT,SFB,53,765.0,2025-08,2026-07
LIT,SLC,269,1156.0,2025-08,2026-07
LIT,STL,399,296.0,2025-08,2026-07
LIT,VPS,27,443.0,2025-08,2026-07
LNK,DEN,1574,423.0,2025-08,2026-07
LNK,DFW,114,549.0,2025-08,2026-07
LNK,DTW,1,701.0,2025-08,2026-07
LNK,LAX,1,1279.0,2025-08,2026-07
LNK,ORD,1532,466.0,2025-08,2026-07
LNS,ORD,96,620.0,2025-08,2026-07
LRD,DFW,1492,396.0,2025-08,2026-07
LRD,LAS,109,1092.0,2025-08,2026-07
LSE,AZA,51,1318.0,2025-08,2026-07
LSE,ORD,1002,215.0,2025-08,2026-07
LSE,SFB,21,1180.0,2025-08,2026-07
LWB,CLT,164,185.0,2025-08,2026-07
LWB,ORD,132,489.0,2025-08,2026-07
LWS,SEA,363,262.0,2025-08,2026-07
LWS,SLC,365,461.0,2025-08,2026-07
LYH,IAD,126,147.0,2025-08,2026-07
LYH,ORD,129,564.0,2025-08,2026-07
MAF,AUS,598,294.0,2025-08,2026-07
MAF,DAL,1335,319.0,2025-08,2026-07
MAF,DEN,1493,563.0,2025-08,2026-07
MAF,DFW,2831,309.0,2025-08,2026-07
MAF,HOU,1349,441.0,2025-08,2026-07
MAF,IAH,773,429.0,2025-08,2026-07
MAF,LAS,362,795.0,2025-08,2026-07
MAF,PHX,364,581.0,2025-08,2026-07
MBS,DTW,1045,98.0,2025-08,2026-07
MBS,ORD,974,222.0,2025-08,2026-07
MCI,ABQ,204,718.0,2025-08,2026-07
MCI,ATL,3227,692.0,2025-08,2026-07
MCI,AUS,978,650.0,2025-08,2026-07
MCI,BNA,1364,491.0,2025-08,2026-07
MCI,BOS,628,1256.0,2025-08,2026-07
MCI,BUF,1,870.0,2025-08,2026-07
MCI,BUR,35,1354.0,2025-08,2026-07
MCI,BWI,866,966.0,2025-08,2026-07
MCI,CHS,8,930.0,2025-08,2026-07
MCI,CLT,1167,808.0,2025-08,2026-07
MCI,CMH,21,632.0,2025-08,2026-07
MCI,DAL,2010,461.0,2025-08,2026-07
MCI,DCA,1864,949.0,2025-08,2026-07
MCI,DEN,4305,533.0,2025-08,2026-07
MCI,DFW,2452,460.0,2025-08,2026-07
MCI,DTW,1325,629.0,2025-08,2026-07
MCI,ECP,99,797.0,2025-08,2026-07
MCI,EWR,475,1092.0,2025-08,2026-07
MCI,FLL,540,1242.0,2025-08,2026-07
MCI,GUF,39,738.0,2025-08,2026-07
MCI,HOU,998,666.0,2025-08,2026-07
MCI,IAD,139,926.0,2025-08,2026-07
MCI,IAH,483,643.0,2025-08,2026-07
MCI,IND,350,451.0,2025-08,2026-07
MCI,JAX,4,954.0,2025-08,2026-07
MCI,JFK,1,1113.0,2025-08,2026-07
MCI,LAS,1998,1139.0,2025-08,2026-07
MCI,LAX,1306,1363.0,2025-08,2026-07
MCI,LGA,1740,1107.0,2025-08,2026-07
MCI,MCO,1537,1072.0,2025-08,2026-07
MCI,MDW,2083,404.0,2025-08,2026-07
MCI,MIA,832,1251.0,2025-08,2026-07
MCI,MKE,347,436.0,2025-08,2026-07
MCI,MSP,1038,393.0,2025-08,2026-07
MCI,MSY,363,690.0,2025-08,2026-07
MCI,MYR,17,959.0,2025-08,2026-07
MCI,OAK,159,1489.0,2025-08,2026-07
MCI,ORD,4077,403.0,2025-08,2026-07
MCI,ORF,7,1021.0,2025-08,2026-07
MCI,PDX,345,1482.0,2025-08,2026-07
MCI,PGD,98,1125.0,2025-08,2026-07
MCI,PHL,872,1038.0,2025-08,2026-07
MCI,PHX,2459,1044.0,2025-08,2026-07
MCI,PIE,108,1045.0,2025-08,2026-07
MCI,PNS,190,743.0,2025-08,2026-07
MCI,RDU,46,904.0,2025-08,2026-07
MCI,RSW,216,1155.0,2025-08,2026-07
MCI,SAN,384,1334.0,2025-08,2026-07
MCI,SAT,270,706.0,2025-08,2026-07
MCI,SAV,7,905.0,2025-08,2026-07
MCI,SDF,2,491.0,2025-08,2026-07
MCI,SEA,1119,1490.0,2025-08,2026-07
MCI,SFO,362,1499.0,2025-08,2026-07
MCI,SLC,999,920.0,2025-08,2026-07
MCI,SMF,207,1442.0,2025-08,2026-07
MCI,SRQ,21,1078.0,2025-08,2026-07
MCI,STL,1015,237.0,2025-08,2026-07
MCI,TPA,670,1048.0,2025-08,2026-07
MCI,VPS,87,764.0,2025-08,2026-07
MCO,ABE,105,906.0,2025-08,2026-07
MCO,ABQ,34,1553.0,2025-08,2026-07
MCO,ACY,489,852.0,2025-08,2026-07
MCO,ALB,1032,1073.0,2025-08,2026-07
MCO,ATL,8078,404.0,2025-08,2026-07
MCO,ATW,55,1162.0,2025-08,2026-07
MCO,AUS,2801,994.0,2025-08,2026-07
MCO,AVL,118,488.0,2025-08,2026-07
MCO,BDL,1854,1050.0,2025-08,2026-07
MCO,BHM,844,479.0,2025-08,2026-07
MCO,BNA,3442,616.0,2025-08,2026-07
MCO,BOS,4484,1121.0,2025-08,2026-07
MCO,BQN,989,1129.0,2025-08,2026-07
MCO,BTV,13,1194.0,2025-08,2026-07
MCO,BUF,1767,1011.0,2025-08,2026-07
MCO,BWI,4598,787.0,2025-08,2026-07
MCO,CAE,20,380.0,2025-08,2026-07
MCO,CHA,30,510.0,2025-08,2026-07
MCO,CLE,2090,895.0,2025-08,2026-07
MCO,CLT,4656,468.0,2025-08,2026-07
MCO,CMH,2118,802.0,2025-08,2026-07
MCO,CVG,1767,757.0,2025-08,2026-07
MCO,DAL,2590,973.0,2025-08,2026-07
MCO,DCA,4477,759.0,2025-08,2026-07
MCO,DEN,4512,1547.0,2025-08,2026-07
MCO,DFW,4770,985.0,2025-08,2026-07
MCO,DSM,20,1141.0,2025-08,2026-07
MCO,DTW,3594,957.0,2025-08,2026-07
MCO,ELP,34,1516.0,2025-08,2026-07
MCO,EWR,6329,937.0,2025-08,2026-07
MCO,FLL,1433,177.0,2025-08,2026-07
MCO,GRR,394,1024.0,2025-08,2026-07
MCO,HOU,2023,849.0,2025-08,2026-07
MCO,HPN,1160,972.0,2025-08,2026-07
MCO,IAD,2154,758.0,2025-08,2026-07
MCO,IAH,3592,854.0,2025-08,2026-07
MCO,ICT,8,1129.0,2025-08,2026-07
MCO,IND,2397,829.0,2025-08,2026-07
MCO,ISP,1398,971.0,2025-08,2026-07
MCO,JAN,11,588.0,2025-08,2026-07
MCO,JFK,4699,944.0,2025-08,2026-07
MCO,LAS,1924,2039.0,2025-08,2026-07
MCO,LAX,3534,2218.0,2025-08,2026-07
MCO,LBE,188,823.0,2025-08,2026-07
MCO,LGA,5011,950.0,2025-08,2026-07
MCO,LGB,1,2203.0,2025-08,2026-07
MCO,LIT,11,776.0,2025-08,2026-07
MCO,MCI,1534,1072.0,2025-08,2026-07
MCO,MDT,96,851.0,2025-08,2026-07
MCO,MDW,2711,990.0,2025-08,2026-07
MCO,MEM,721,684.0,2025-08,2026-07
MCO,MHT,832,1142.0,2025-08,2026-07
MCO,MIA,3728,192.0,2025-08,2026-07
MCO,MKE,1403,1066.0,2025-08,2026-07
MCO,MSN,17,1109.0,2025-08,2026-07
MCO,MSP,1918,1310.0,2025-08,2026-07
MCO,MSY,2248,551.0,2025-08,2026-07
MCO,MYR,188,388.0,2025-08,2026-07
MCO,OKC,323,1069.0,2025-08,2026-07
MCO,OMA,372,1211.0,2025-08,2026-07
MCO,ORD,6161,1005.0,2025-08,2026-07
MCO,ORF,775,655.0,2025-08,2026-07
MCO,ORH,358,1091.0,2025-08,2026-07
MCO,PBI,604,141.0,2025-08,2026-07
MCO,PDX,388,2535.0,2025-08,2026-07
MCO,PHL,5206,862.0,2025-08,2026-07
MCO,PHX,1842,1849.0,2025-08,2026-07
MCO,PIT,2190,834.0,2025-08,2026-07
MCO,PNS,272,381.0,2025-08,2026-07
MCO,PSE,612,1178.0,2025-08,2026-07
MCO,PVD,1563,1072.0,2025-08,2026-07
MCO,PWM,92,1214.0,2025-08,2026-07
MCO,RDU,2658,534.0,2025-08,2026-07
MCO,RIC,1162,667.0,2025-08,2026-07
MCO,ROC,497,1033.0,2025-08,2026-07
MCO,RSW,604,133.0,2025-08,2026-07
MCO,SAN,1084,2149.0,2025-08,2026-07
MCO,SAT,1069,1041.0,2025-08,2026-07
MCO,SDF,838,719.0,2025-08,2026-07
MCO,SEA,1804,2554.0,2025-08,2026-07
MCO,SFO,1403,2446.0,2025-08,2026-07
MCO,SJU,6009,1188.0,2025-08,2026-07
MCO,SLC,1497,1931.0,2025-08,2026-07
MCO,SMF,321,2408.0,2025-08,2026-07
MCO,SRQ,604,104.0,2025-08,2026-07
MCO,STL,2479,882.0,2025-08,2026-07
MCO,STT,387,1246.0,2025-08,2026-07
MCO,SYR,693,1053.0,2025-08,2026-07
MCO,TTN,521,896.0,2025-08,2026-07
MCO,TUL,174,1006.0,2025-08,2026-07
MCO,TYS,263,532.0,2025-08,2026-07
MCW,ORD,581,288.0,2025-08,2026-07
MDT,ATL,978,620.0,2025-08,2026-07
MDT,BNA,72,608.0,2025-08,2026-07
MDT,BOS,113,335.0,2025-08,2026-07
MDT,CLT,725,413.0,2025-08,2026-07
MDT,DFW,353,1231.0,2025-08,2026-07
MDT,DTW,308,371.0,2025-08,2026-07
MDT,EUG,1,2369.0,2025-08,2026-07
MDT,FLL,55,993.0,2025-08,2026-07
MDT,JAX,73,724.0,2025-08,2026-07
MDT,LAX,1,2320.0,2025-08,2026-07
MDT,MCO,96,851.0,2025-08,2026-07
MDT,MIA,13,1013.0,2025-08,2026-07
MDT,MYR,71,465.0,2025-08,2026-07
MDT,ORD,2064,594.0,2025-08,2026-07
MDT,PGD,151,963.0,2025-08,2026-07
MDT,PHL,1,84.0,2025-08,2026-07
MDT,PIE,163,912.0,2025-08,2026-07
MDT,SFB,277,827.0,2025-08,2026-07
MDT,SRQ,111,942.0,2025-08,2026-07
MDW,ABQ,447,1121.0,2025-08,2026-07
MDW,ALB,721,717.0,2025-08,2026-07
MDW,ATL,3454,591.0,2025-08,2026-07
MDW,AUS,1344,972.0,2025-08,2026-07
MDW,AVL,57,521.0,2025-08,2026-07
MDW,BDL,810,776.0,2025-08,2026-07
MDW,BHM,453,570.0,2025-08,2026-07
MDW,BNA,1842,395.0,2025-08,2026-07
MDW,BOI,85,1448.0,2025-08,2026-07
MDW,BOS,1344,861.0,2025-08,2026-07
MDW,BUF,812,468.0,2025-08,2026-07
MDW,BUR,320,1740.0,2025-08,2026-07
MDW,BWI,1807,611.0,2025-08,2026-07
MDW,BZN,120,1198.0,2025-08,2026-07
MDW,CHS,362,745.0,2025-08,2026-07
MDW,CLE,1093,307.0,2025-08,2026-07
MDW,CLT,709,584.0,2025-08,2026-07
MDW,CMH,1214,283.0,2025-08,2026-07
MDW,COS,188,917.0,2025-08,2026-07
MDW,CVG,527,249.0,2025-08,2026-07
MDW,DAL,2142,793.0,2025-08,2026-07
MDW,DCA,2061,601.0,2025-08,2026-07
MDW,DEN,2241,895.0,2025-08,2026-07
MDW,DFW,285,797.0,2025-08,2026-07
MDW,DSM,286,306.0,2025-08,2026-07
MDW,DTW,1233,228.0,2025-08,2026-07
MDW,ECP,167,795.0,2025-08,2026-07
MDW,ELP,210,1237.0,2025-08,2026-07
MDW,EWR,67,711.0,2025-08,2026-07
MDW,FLL,1105,1167.0,2025-08,2026-07
MDW,GEG,86,1511.0,2025-08,2026-07
MDW,GRR,923,137.0,2025-08,2026-07
MDW,HOU,1834,937.0,2025-08,2026-07
MDW,IAH,111,917.0,2025-08,2026-07
MDW,ICT,289,589.0,2025-08,2026-07
MDW,IND,722,162.0,2025-08,2026-07
MDW,JAX,412,848.0,2025-08,2026-07
MDW,LAS,2254,1521.0,2025-08,2026-07
MDW,LAX,1286,1751.0,2025-08,2026-07
MDW,LGA,2284,725.0,2025-08,2026-07
MDW,LGB,279,1741.0,2025-08,2026-07
MDW,MCI,2073,404.0,2025-08,2026-07
MDW,MCO,2715,990.0,2025-08,2026-07
MDW,MEM,660,480.0,2025-08,2026-07
MDW,MHT,517,838.0,2025-08,2026-07
MDW,MIA,497,1182.0,2025-08,2026-07
MDW,MKE,289,80.0,2025-08,2026-07
MDW,MSP,2325,349.0,2025-08,2026-07
MDW,MSY,998,825.0,2025-08,2026-07
MDW,MYR,328,738.0,2025-08,2026-07
MDW,OAK,498,1844.0,2025-08,2026-07
MDW,OKC,549,691.0,2025-08,2026-07
MDW,OMA,1311,423.0,2025-08,2026-07
MDW,ONT,356,1706.0,2025-08,2026-07
MDW,ORF,573,704.0,2025-08,2026-07
MDW,PDX,676,1751.0,2025-08,2026-07
MDW,PGD,99,1076.0,2025-08,2026-07
MDW,PHL,1496,668.0,2025-08,2026-07
MDW,PHX,2693,1444.0,2025-08,2026-07
MDW,PIT,1100,402.0,2025-08,2026-07
MDW,PNS,123,781.0,2025-08,2026-07
MDW,PSP,27,1657.0,2025-08,2026-07
MDW,PVD,768,842.0,2025-08,2026-07
MDW,PVU,23,1254.0,2025-08,2026-07
MDW,PWM,150,895.0,2025-08,2026-07
MDW,RDU,940,632.0,2025-08,2026-07
MDW,RIC,409,629.0,2025-08,2026-07
MDW,RNO,102,1680.0,2025-08,2026-07
MDW,ROC,486,523.0,2025-08,2026-07
MDW,RSW,1144,1105.0,2025-08,2026-07
MDW,SAN,1077,1728.0,2025-08,2026-07
MDW,SAT,653,1036.0,2025-08,2026-07
MDW,SAV,386,758.0,2025-08,2026-07
MDW,SDF,963,271.0,2025-08,2026-07
MDW,SEA,674,1733.0,2025-08,2026-07
MDW,SFO,479,1855.0,2025-08,2026-07
MDW,SJC,511,1838.0,2025-08,2026-07
MDW,SJU,52,2057.0,2025-08,2026-07
MDW,SLC,607,1259.0,2025-08,2026-07
MDW,SMF,669,1790.0,2025-08,2026-07
MDW,SRQ,513,1035.0,2025-08,2026-07
MDW,STL,1686,251.0,2025-08,2026-07
MDW,TPA,1559,997.0,2025-08,2026-07
MDW,TUL,444,583.0,2025-08,2026-07
MDW,TUS,285,1440.0,2025-08,2026-07
MDW,TYS,57,459.0,2025-08,2026-07
MDW,VPS,79,782.0,2025-08,2026-07
MEI,IAH,620,422.0,2025-08,2026-07
MEM,ATL,3352,332.0,2025-08,2026-07
MEM,AUS,361,559.0,2025-08,2026-07
MEM,BNA,513,200.0,2025-08,2026-07
MEM,BOS,292,1139.0,2025-08,2026-07
MEM,BWI,277,787.0,2025-08,2026-07
MEM,CLT,1706,511.0,2025-08,2026-07
MEM,DAL,452,423.0,2025-08,2026-07
MEM,DCA,1081,762.0,2025-08,2026-07
MEM,DEN,1352,872.0,2025-08,2026-07
MEM,DFW,2281,431.0,2025-08,2026-07
MEM,DTW,993,610.0,2025-08,2026-07
MEM,EWR,465,946.0,2025-08,2026-07
MEM,FLL,205,851.0,2025-08,2026-07
MEM,HOU,825,484.0,2025-08,2026-07
MEM,IAH,1074,468.0,2025-08,2026-07
MEM,JFK,36,964.0,2025-08,2026-07
MEM,LAS,581,1416.0,2025-08,2026-07
MEM,LAX,253,1619.0,2025-08,2026-07
MEM,LGA,1014,963.0,2025-08,2026-07
MEM,MCO,718,684.0,2025-08,2026-07
MEM,MDW,658,480.0,2025-08,2026-07
MEM,MIA,550,859.0,2025-08,2026-07
MEM,MSP,890,700.0,2025-08,2026-07
MEM,ORD,2416,491.0,2025-08,2026-07
MEM,PHL,727,875.0,2025-08,2026-07
MEM,PHX,481,1264.0,2025-08,2026-07
MEM,PIE,95,653.0,2025-08,2026-07
MEM,SFB,91,671.0,2025-08,2026-07
MEM,SLC,361,1262.0,2025-08,2026-07
MEM,TPA,28,655.0,2025-08,2026-07
MEM,TYS,26,342.0,2025-08,2026-07
MEM,VPS,21,373.0,2025-08,2026-07
MFE,AUS,1027,279.0,2025-08,2026-07
MFE,DFW,2344,469.0,2025-08,2026-07
MFE,IAH,684,316.0,2025-08,2026-07
MFE,LAS,424,1210.0,2025-08,2026-07
MFE,LAX,5,1319.0,2025-08,2026-07
MFE,PHX,57,965.0,2025-08,2026-07
MFE,SFB,110,1059.0,2025-08,2026-07
MFR,DEN,726,964.0,2025-08,2026-07
MFR,LAS,150,600.0,2025-08,2026-07
MFR,LAX,137,630.0,2025-08,2026-07
MFR,PDX,264,222.0,2025-08,2026-07
MFR,PHX,748,855.0,2025-08,2026-07
MFR,SAN,137,734.0,2025-08,2026-07
MFR,SEA,1259,352.0,2025-08,2026-07
MFR,SFO,1023,329.0,2025-08,2026-07
MFR,SLC,727,575.0,2025-08,2026-07
MFR,SNA,93,659.0,2025-08,2026-07
MGM,ATL,187,147.0,2025-08,2026-07
MGM,DCA,277,693.0,2025-08,2026-07
MGM,DFW,999,622.0,2025-08,2026-07
MGM,IAH,232,554.0,2025-08,2026-07
MGM,STL,1,498.0,2025-08,2026-07
MGW,IAD,344,140.0,2025-08,2026-07
MGW,ORD,305,449.0,2025-08,2026-07
MHK,DFW,1061,431.0,2025-08,2026-07
MHK,ORD,554,501.0,2025-08,2026-07
MHT,BWI,1733,377.0,2025-08,2026-07
MHT,CLT,883,738.0,2025-08,2026-07
MHT,DCA,1022,406.0,2025-08,2026-07
MHT,FLL,106,1262.0,2025-08,2026-07
MHT,JFK,33,199.0,2025-08,2026-07
MHT,MCO,829,1142.0,2025-08,2026-07
MHT,MDW,518,838.0,2025-08,2026-07
MHT,ORD,589,843.0,2025-08,2026-07
MHT,RSW,81,1271.0,2025-08,2026-07
MHT,TPA,61,1204.0,2025-08,2026-07
MIA,ACY,27,998.0,2025-08,2026-07
MIA,AGS,9,531.0,2025-08,2026-07
MIA,ALB,22,1225.0,2025-08,2026-07
MIA,ATL,6162,594.0,2025-08,2026-07
MIA,AUS,2171,1103.0,2025-08,2026-07
MIA,AVL,222,677.0,2025-08,2026-07
MIA,BDL,422,1194.0,2025-08,2026-07
MIA,BHM,646,661.0,2025-08,2026-07
MIA,BNA,2506,806.0,2025-08,2026-07
MIA,BOS,3306,1258.0,2025-08,2026-07
MIA,BQN,1,981.0,2025-08,2026-07
MIA,BUF,25,1185.0,2025-08,2026-07
MIA,BWI,2240,946.0,2025-08,2026-07
MIA,CAE,15,563.0,2025-08,2026-07
MIA,CHA,29,701.0,2025-08,2026-07
MIA,CHS,994,489.0,2025-08,2026-07
MIA,CID,19,1286.0,2025-08,2026-07
MIA,CLE,861,1080.0,2025-08,2026-07
MIA,CLT,3665,650.0,2025-08,2026-07
MIA,CMH,1147,990.0,2025-08,2026-07
MIA,CVG,974,948.0,2025-08,2026-07
MIA,DAL,416,1109.0,2025-08,2026-07
MIA,DCA,3885,919.0,2025-08,2026-07
MIA,DEN,2457,1709.0,2025-08,2026-07
MIA,DFW,4694,1121.0,2025-08,2026-07
MIA,DSM,172,1327.0,2025-08,2026-07
MIA,DTW,1749,1145.0,2025-08,2026-07
MIA,EGE,125,1810.0,2025-08,2026-07
MIA,EUG,1,2704.0,2025-08,2026-07
MIA,EWR,3844,1085.0,2025-08,2026-07
MIA,EYW,1245,126.0,2025-08,2026-07
MIA,GNV,384,294.0,2025-08,2026-07
MIA,GRR,222,1214.0,2025-08,2026-07
MIA,GSO,508,710.0,2025-08,2026-07
MIA,GSP,718,637.0,2025-08,2026-07
MIA,HOU,288,955.0,2025-08,2026-07
MIA,HPN,183,1118.0,2025-08,2026-07
MIA,HSV,31,722.0,2025-08,2026-07
MIA,IAD,621,922.0,2025-08,2026-07
MIA,IAH,3670,964.0,2025-08,2026-07
MIA,ICT,32,1295.0,2025-08,2026-07
MIA,ILM,448,601.0,2025-08,2026-07
MIA,IND,922,1020.0,2025-08,2026-07
MIA,ISP,4,1113.0,2025-08,2026-07
MIA,JAN,20,742.0,2025-08,2026-07
MIA,JAX,1484,335.0,2025-08,2026-07
MIA,JFK,4402,1089.0,2025-08,2026-07
MIA,LAS,1407,2174.0,2025-08,2026-07
MIA,LAX,3228,2342.0,2025-08,2026-07
MIA,LBB,6,1399.0,2025-08,2026-07
MIA,LEX,15,880.0,2025-08,2026-07
MIA,LGA,5754,1096.0,2025-08,2026-07
MIA,LIT,51,941.0,2025-08,2026-07
MIA,MCI,833,1251.0,2025-08,2026-07
MIA,MCO,3730,192.0,2025-08,2026-07
MIA,MDT,13,1013.0,2025-08,2026-07
MIA,MDW,495,1182.0,2025-08,2026-07
MIA,MEM,551,859.0,2025-08,2026-07
MIA,MKE,130,1258.0,2025-08,2026-07
MIA,MSN,22,1300.0,2025-08,2026-07
MIA,MSP,1118,1501.0,2025-08,2026-07
MIA,MSY,1508,674.0,2025-08,2026-07
MIA,MYR,1,549.0,2025-08,2026-07
MIA,OKC,211,1222.0,2025-08,2026-07
MIA,OMA,171,1393.0,2025-08,2026-07
MIA,ORD,4361,1197.0,2025-08,2026-07
MIA,ORF,631,802.0,2025-08,2026-07
MIA,PDX,336,2700.0,2025-08,2026-07
MIA,PHL,3159,1013.0,2025-08,2026-07
MIA,PHX,1819,1972.0,2025-08,2026-07
MIA,PIT,699,1013.0,2025-08,2026-07
MIA,PNS,1200,530.0,2025-08,2026-07
MIA,RDU,2317,700.0,2025-08,2026-07
MIA,RIC,576,826.0,2025-08,2026-07
MIA,ROC,22,1203.0,2025-08,2026-07
MIA,SAN,642,2267.0,2025-08,2026-07
MIA,SAT,479,1143.0,2025-08,2026-07
MIA,SAV,777,440.0,2025-08,2026-07
MIA,SDF,425,910.0,2025-08,2026-07
MIA,SEA,1199,2724.0,2025-08,2026-07
MIA,SFO,1735,2585.0,2025-08,2026-07
MIA,SGF,32,1102.0,2025-08,2026-07
MIA,SJC,3,2559.0,2025-08,2026-07
MIA,SJU,2614,1045.0,2025-08,2026-07
MIA,SLC,791,2088.0,2025-08,2026-07
MIA,SMF,25,2552.0,2025-08,2026-07
MIA,SRQ,333,178.0,2025-08,2026-07
MIA,STL,1159,1068.0,2025-08,2026-07
MIA,STT,934,1107.0,2025-08,2026-07
MIA,STX,678,1139.0,2025-08,2026-07
MIA,SYR,38,1217.0,2025-08,2026-07
MIA,TLH,1188,402.0,2025-08,2026-07
MIA,TPA,2907,204.0,2025-08,2026-07
MIA,TUL,119,1168.0,2025-08,2026-07
MIA,TYS,484,724.0,2025-08,2026-07
MIA,VPS,226,499.0,2025-08,2026-07
MIA,XNA,290,1099.0,2025-08,2026-07
MKE,ATL,2218,669.0,2025-08,2026-07
MKE,ATW,1,96.0,2025-08,2026-07
MKE,AUS,276,1032.0,2025-08,2026-07
MKE,BHM,2,650.0,2025-08,2026-07
MKE,BNA,958,475.0,2025-08,2026-07
MKE,BOS,717,860.0,2025-08,2026-07
MKE,BWI,816,641.0,2025-08,2026-07
MKE,CLE,1,328.0,2025-08,2026-07
MKE,CLT,943,651.0,2025-08,2026-07
MKE,DAL,400,850.0,2025-08,2026-07
MKE,DCA,1300,634.0,2025-08,2026-07
MKE,DEN,2313,896.0,2025-08,2026-07
MKE,DFW,1045,853.0,2025-08,2026-07
MKE,DTW,1477,237.0,2025-08,2026-07
MKE,EWR,808,725.0,2025-08,2026-07
MKE,FLL,83,1243.0,2025-08,2026-07
MKE,IAH,238,984.0,2025-08,2026-07
MKE,LAS,1038,1524.0,2025-08,2026-07
MKE,LAX,9,1756.0,2025-08,2026-07
MKE,LGA,784,738.0,2025-08,2026-07
MKE,MCI,346,436.0,2025-08,2026-07
MKE,MCO,1403,1066.0,2025-08,2026-07
MKE,MDW,293,80.0,2025-08,2026-07
MKE,MIA,129,1258.0,2025-08,2026-07
MKE,MSP,1544,297.0,2025-08,2026-07
MKE,ORD,5032,67.0,2025-08,2026-07
MKE,PHL,473,690.0,2025-08,2026-07
MKE,PHX,1440,1460.0,2025-08,2026-07
MKE,RSW,376,1183.0,2025-08,2026-07
MKE,SAN,193,1739.0,2025-08,2026-07
MKE,SEA,507,1694.0,2025-08,2026-07
MKE,SLC,360,1247.0,2025-08,2026-07
MKE,SRQ,13,1113.0,2025-08,2026-07
MKE,STL,678,317.0,2025-08,2026-07
MKE,TPA,464,1075.0,2025-08,2026-07
MLB,ABE,104,914.0,2025-08,2026-07
MLB,ATL,1428,443.0,2025-08,2026-07
MLB,CLT,1098,490.0,2025-08,2026-07
MLB,CVG,105,789.0,2025-08,2026-07
MLB,PIT,97,854.0,2025-08,2026-07
MLI,AZA,94,1287.0,2025-08,2026-07
MLI,CLT,158,673.0,2025-08,2026-07
MLI,DEN,365,751.0,2025-08,2026-07
MLI,DFW,980,691.0,2025-08,2026-07
MLI,LAS,104,1376.0,2025-08,2026-07
MLI,ORD,2149,139.0,2025-08,2026-07
MLI,PGD,100,1113.0,2025-08,2026-07
MLI,PIE,85,1033.0,2025-08,2026-07
MLI,SFB,95,1018.0,2025-08,2026-07
MLI,SRQ,15,1069.0,2025-08,2026-07
MLU,DFW,1100,293.0,2025-08,2026-07
MOB,ATL,886,302.0,2025-08,2026-07
MOB,CLT,11,526.0,2025-08,2026-07
MOB,DFW,1111,539.0,2025-08,2026-07
MOT,AZA,153,1164.0,2025-08,2026-07
MOT,DEN,1094,604.0,2025-08,2026-07
MOT,LAS,111,1098.0,2025-08,2026-07
MOT,MSP,1290,449.0,2025-08,2026-07
MQT,DTW,342,349.0,2025-08,2026-07
MQT,MSP,303,300.0,2025-08,2026-07
MQT,ORD,707,303.0,2025-08,2026-07
MRY,DEN,726,959.0,2025-08,2026-07
MRY,DFW,293,1430.0,2025-08,2026-07
MRY,LAS,109,375.0,2025-08,2026-07
MRY,LAX,848,266.0,2025-08,2026-07
MRY,ORD,10,1844.0,2025-08,2026-07
MRY,PHX,1358,598.0,2025-08,2026-07
MRY,SAN,524,375.0,2025-08,2026-07
MRY,SEA,41,750.0,2025-08,2026-07
MRY,SFO,729,77.0,2025-08,2026-07
MSN,ATL,1007,707.0,2025-08,2026-07
MSN,AUS,1,1004.0,2025-08,2026-07
MSN,BHM,2,675.0,2025-08,2026-07
MSN,BOS,97,932.0,2025-08,2026-07
MSN,CLT,994,708.0,2025-08,2026-07
MSN,CMH,2,398.0,2025-08,2026-07
MSN,DCA,1156,707.0,2025-08,2026-07
MSN,DEN,1091,826.0,2025-08,2026-07
MSN,DFW,1070,821.0,2025-08,2026-07
MSN,DTW,895,311.0,2025-08,2026-07
MSN,EUG,2,1688.0,2025-08,2026-07
MSN,EWR,418,799.0,2025-08,2026-07
MSN,IAH,1,966.0,2025-08,2026-07
MSN,LAX,2,1687.0,2025-08,2026-07
MSN,LGA,865,812.0,2025-08,2026-07
MSN,MCO,16,1109.0,2025-08,2026-07
MSN,MIA,20,1300.0,2025-08,2026-07
MSN,MSP,1122,228.0,2025-08,2026-07
MSN,ORD,3944,108.0,2025-08,2026-07
MSN,PHL,424,764.0,2025-08,2026-07
MSN,PHX,586,1396.0,2025-08,2026-07
MSO,AZA,140,948.0,2025-08,2026-07
MSO,DEN,1198,679.0,2025-08,2026-07
MSO,DFW,430,1320.0,2025-08,2026-07
MSO,LAS,111,750.0,2025-08,2026-07
MSO,LAX,165,923.0,2025-08,2026-07
MSO,MSP,487,1013.0,2025-08,2026-07
MSO,OAK,4,758.0,2025-08,2026-07
MSO,ORD,496,1332.0,2025-08,2026-07
MSO,PDX,87,418.0,2025-08,2026-07
MSO,SAN,3,992.0,2025-08,2026-07
MSO,SEA,640,389.0,2025-08,2026-07
MSO,SFO,129,769.0,2025-08,2026-07
MSO,SLC,1049,436.0,2025-08,2026-07
MSO,SNA,27,935.0,2025-08,2026-07
MSP,ABQ,173,981.0,2025-08,2026-07
MSP,ABR,743,257.0,2025-08,2026-07
MSP,AGS,9,996.0,2025-08,2026-07
MSP,ANC,778,2519.0,2025-08,2026-07
MSP,ATL,3478,907.0,2025-08,2026-07
MSP,ATW,901,236.0,2025-08,2026-07
MSP,ATY,359,193.0,2025-08,2026-07
MSP,AUS,1663,1042.0,2025-08,2026-07
MSP,AVL,49,861.0,2025-08,2026-07
MSP,BDL,815,1050.0,2025-08,2026-07
MSP,BIL,362,748.0,2025-08,2026-07
MSP,BIS,1023,386.0,2025-08,2026-07
MSP,BJI,719,199.0,2025-08,2026-07
MSP,BNA,1720,695.0,2025-08,2026-07
MSP,BOI,779,1142.0,2025-08,2026-07
MSP,BOS,1827,1124.0,2025-08,2026-07
MSP,BRD,622,114.0,2025-08,2026-07
MSP,BTV,4,987.0,2025-08,2026-07
MSP,BUF,92,735.0,2025-08,2026-07
MSP,BWI,1387,936.0,2025-08,2026-07
MSP,BZN,800,874.0,2025-08,2026-07
MSP,CHS,313,1087.0,2025-08,2026-07
MSP,CID,392,220.0,2025-08,2026-07
MSP,CIU,334,434.0,2025-08,2026-07
MSP,CLE,640,622.0,2025-08,2026-07
MSP,CLT,2412,930.0,2025-08,2026-07
MSP,CMH,844,626.0,2025-08,2026-07
MSP,COS,93,725.0,2025-08,2026-07
MSP,CVG,821,596.0,2025-08,2026-07
MSP,DAL,43,853.0,2025-08,2026-07
MSP,DCA,2521,931.0,2025-08,2026-07
MSP,DEN,5781,680.0,2025-08,2026-07
MSP,DFW,3213,852.0,2025-08,2026-07
MSP,DLH,1175,144.0,2025-08,2026-07
MSP,DSM,37,232.0,2025-08,2026-07
MSP,DTW,1907,528.0,2025-08,2026-07
MSP,EGE,29,788.0,2025-08,2026-07
MSP,ESC,251,304.0,2025-08,2026-07
MSP,EWR,2125,1008.0,2025-08,2026-07
MSP,FAI,93,2466.0,2025-08,2026-07
MSP,FAR,1268,223.0,2025-08,2026-07
MSP,FCA,464,1025.0,2025-08,2026-07
MSP,FLL,700,1487.0,2025-08,2026-07
MSP,FSD,1332,196.0,2025-08,2026-07
MSP,FWA,327,488.0,2025-08,2026-07
MSP,GEG,776,1175.0,2025-08,2026-07
MSP,GFK,1062,284.0,2025-08,2026-07
MSP,GRB,856,252.0,2025-08,2026-07
MSP,GRR,1235,408.0,2025-08,2026-07
MSP,GTF,37,887.0,2025-08,2026-07
MSP,HDN,37,774.0,2025-08,2026-07
MSP,HIB,620,174.0,2025-08,2026-07
MSP,HNL,362,3972.0,2025-08,2026-07
MSP,HRL,169,1310.0,2025-08,2026-07
MSP,IAD,966,907.0,2025-08,2026-07
MSP,IAH,1882,1034.0,2025-08,2026-07
MSP,ICT,400,545.0,2025-08,2026-07
MSP,ILM,27,1094.0,2025-08,2026-07
MSP,IMT,349,257.0,2025-08,2026-07
MSP,IND,1237,503.0,2025-08,2026-07
MSP,INL,651,255.0,2025-08,2026-07
MSP,JAC,123,872.0,2025-08,2026-07
MSP,JAX,345,1173.0,2025-08,2026-07
MSP,JFK,708,1029.0,2025-08,2026-07
MSP,LAS,2105,1299.0,2025-08,2026-07
MSP,LAX,2113,1535.0,2025-08,2026-07
MSP,LGA,1792,1020.0,2025-08,2026-07
MSP,MCI,1038,393.0,2025-08,2026-07
MSP,MCO,1913,1310.0,2025-08,2026-07
MSP,MCW,1,119.0,2025-08,2026-07
MSP,MDW,2356,349.0,2025-08,2026-07
MSP,MEM,891,700.0,2025-08,2026-07
MSP,MIA,1119,1501.0,2025-08,2026-07
MSP,MKE,1545,297.0,2025-08,2026-07
MSP,MOT,1291,449.0,2025-08,2026-07
MSP,MQT,309,300.0,2025-08,2026-07
MSP,MSN,1123,228.0,2025-08,2026-07
MSP,MSO,487,1013.0,2025-08,2026-07
MSP,MSY,430,1040.0,2025-08,2026-07
MSP,MYR,126,1085.0,2025-08,2026-07
MSP,OKC,366,694.0,2025-08,2026-07
MSP,OMA,1442,282.0,2025-08,2026-07
MSP,ORD,6169,334.0,2025-08,2026-07
MSP,ORF,3,1045.0,2025-08,2026-07
MSP,PBI,125,1451.0,2025-08,2026-07
MSP,PDX,1533,1426.0,2025-08,2026-07
MSP,PHL,1975,981.0,2025-08,2026-07
MSP,PHX,2992,1276.0,2025-08,2026-07
MSP,PIT,637,726.0,2025-08,2026-07
MSP,PSC,364,1254.0,2025-08,2026-07
MSP,PSP,309,1454.0,2025-08,2026-07
MSP,PVD,93,1117.0,2025-08,2026-07
MSP,PWM,143,1136.0,2025-08,2026-07
MSP,RAP,535,490.0,2025-08,2026-07
MSP,RDU,1214,980.0,2025-08,2026-07
MSP,RHI,707,190.0,2025-08,2026-07
MSP,RIC,86,969.0,2025-08,2026-07
MSP,RNO,93,1405.0,2025-08,2026-07
MSP,RST,304,76.0,2025-08,2026-07
MSP,RSW,1196,1416.0,2025-08,2026-07
MSP,SAN,1293,1532.0,2025-08,2026-07
MSP,SAT,884,1097.0,2025-08,2026-07
MSP,SAV,326,1092.0,2025-08,2026-07
MSP,SBN,360,411.0,2025-08,2026-07
MSP,SDF,520,604.0,2025-08,2026-07
MSP,SEA,2659,1399.0,2025-08,2026-07
MSP,SFO,1901,1589.0,2025-08,2026-07
MSP,SJC,504,1575.0,2025-08,2026-07
MSP,SJU,148,2404.0,2025-08,2026-07
MSP,SLC,1591,991.0,2025-08,2026-07
MSP,SMF,588,1517.0,2025-08,2026-07
MSP,SNA,569,1522.0,2025-08,2026-07
MSP,SRQ,234,1342.0,2025-08,2026-07
MSP,STL,1919,448.0,2025-08,2026-07
MSP,SYR,74,860.0,2025-08,2026-07
MSP,TPA,1165,1306.0,2025-08,2026-07
MSP,TUS,167,1298.0,2025-08,2026-07
MSP,TVC,86,376.0,2025-08,2026-07
MSP,TYS,5,792.0,2025-08,2026-07
MSP,VPS,286,1058.0,2025-08,2026-07
MSP,XNA,182,596.0,2025-08,2026-07
MSP,XWA,1023,553.0,2025-08,2026-07
MSY,ATL,3966,425.0,2025-08,2026-07
MSY,AUS,1991,445.0,2025-08,2026-07
MSY,BNA,1474,471.0,2025-08,2026-07
MSY,BOS,835,1367.0,2025-08,2026-07
MSY,BUF,1,1097.0,2025-08,2026-07
MSY,BUR,4,1669.0,2025-08,2026-07
MSY,BWI,1144,998.0,2025-08,2026-07
MSY,CLE,5,917.0,2025-08,2026-07
MSY,CLT,1690,650.0,2025-08,2026-07
MSY,CVG,55,701.0,2025-08,2026-07
MSY,DAL,2261,437.0,2025-08,2026-07
MSY,DCA,1890,969.0,2025-08,2026-07
MSY,DEN,2268,1062.0,2025-08,2026-07
MSY,DFW,2719,448.0,2025-08,2026-07
MSY,DTW,797,926.0,2025-08,2026-07
MSY,EWR,1199,1167.0,2025-08,2026-07
MSY,FLL,1379,673.0,2025-08,2026-07
MSY,GSP,3,578.0,2025-08,2026-07
MSY,HOU,2283,303.0,2025-08,2026-07
MSY,IAD,627,955.0,2025-08,2026-07
MSY,IAH,2918,305.0,2025-08,2026-07
MSY,JFK,1083,1182.0,2025-08,2026-07
MSY,LAS,846,1500.0,2025-08,2026-07
MSY,LAX,1450,1671.0,2025-08,2026-07
MSY,LGA,1367,1183.0,2025-08,2026-07
MSY,LGB,4,1656.0,2025-08,2026-07
MSY,MCI,363,690.0,2025-08,2026-07
MSY,MCO,2216,551.0,2025-08,2026-07
MSY,MDW,1002,825.0,2025-08,2026-07
MSY,MIA,1503,674.0,2025-08,2026-07
MSY,MSP,429,1040.0,2025-08,2026-07
MSY,OAK,1,1904.0,2025-08,2026-07
MSY,OKC,1,567.0,2025-08,2026-07
MSY,ORD,2340,837.0,2025-08,2026-07
MSY,PDX,113,2051.0,2025-08,2026-07
MSY,PGD,47,545.0,2025-08,2026-07
MSY,PHL,1099,1089.0,2025-08,2026-07
MSY,PHX,930,1301.0,2025-08,2026-07
MSY,RDU,51,779.0,2025-08,2026-07
MSY,SAN,342,1600.0,2025-08,2026-07
MSY,SAT,345,495.0,2025-08,2026-07
MSY,SDF,1,620.0,2025-08,2026-07
MSY,SEA,621,2086.0,2025-08,2026-07
MSY,SFO,521,1911.0,2025-08,2026-07
MSY,SLC,454,1429.0,2025-08,2026-07
MSY,STL,729,604.0,2025-08,2026-07
MSY,TPA,1052,487.0,2025-08,2026-07
MTJ,ATL,96,1352.0,2025-08,2026-07
MTJ,AUS,4,818.0,2025-08,2026-07
MTJ,BNA,4,1177.0,2025-08,2026-07
MTJ,DAL,50,733.0,2025-08,2026-07
MTJ,DEN,1408,197.0,2025-08,2026-07
MTJ,DFW,565,722.0,2025-08,2026-07
MTJ,EWR,73,1795.0,2025-08,2026-07
MTJ,IAH,11,927.0,2025-08,2026-07
MTJ,LAX,92,666.0,2025-08,2026-07
MTJ,ORD,148,1081.0,2025-08,2026-07
MTJ,SFO,44,791.0,2025-08,2026-07
MVY,BOS,82,70.0,2025-08,2026-07
MVY,CLT,10,704.0,2025-08,2026-07
MVY,DCA,256,383.0,2025-08,2026-07
MVY,JFK,245,173.0,2025-08,2026-07
MVY,LGA,309,175.0,2025-08,2026-07
MVY,ORD,11,894.0,2025-08,2026-07
MVY,PHL,77,265.0,2025-08,2026-07
MYR,ABE,226,518.0,2025-08,2026-07
MYR,ACY,116,466.0,2025-08,2026-07
MYR,ALB,118,685.0,2025-08,2026-07
MYR,ATL,1483,317.0,2025-08,2026-07
MYR,BDL,56,664.0,2025-08,2026-07
MYR,BLV,33,696.0,2025-08,2026-07
MYR,BNA,630,471.0,2025-08,2026-07
MYR,BOS,425,738.0,2025-08,2026-07
MYR,BWI,1025,399.0,2025-08,2026-07
MYR,CAK,88,518.0,2025-08,2026-07
MYR,CKB,24,394.0,2025-08,2026-07
MYR,CLE,83,557.0,2025-08,2026-07
MYR,CLT,2216,157.0,2025-08,2026-07
MYR,CMH,18,488.0,2025-08,2026-07
MYR,CVG,129,489.0,2025-08,2026-07
MYR,DAL,47,1038.0,2025-08,2026-07
MYR,DAY,20,520.0,2025-08,2026-07
MYR,DCA,717,372.0,2025-08,2026-07
MYR,DEN,92,1484.0,2025-08,2026-07
MYR,DFW,495,1048.0,2025-08,2026-07
MYR,DTW,388,636.0,2025-08,2026-07
MYR,ELM,21,595.0,2025-08,2026-07
MYR,EWR,907,550.0,2025-08,2026-07
MYR,FLL,235,529.0,2025-08,2026-07
MYR,FWA,28,610.0,2025-08,2026-07
MYR,GRR,22,728.0,2025-08,2026-07
MYR,HGR,66,421.0,2025-08,2026-07
MYR,HOU,7,1001.0,2025-08,2026-07
MYR,HTS,54,382.0,2025-08,2026-07
MYR,IAD,6,373.0,2025-08,2026-07
MYR,IAG,40,650.0,2025-08,2026-07
MYR,IND,10,583.0,2025-08,2026-07
MYR,ISP,120,586.0,2025-08,2026-07
MYR,LBE,78,455.0,2025-08,2026-07
MYR,LCK,117,478.0,2025-08,2026-07
MYR,LEX,20,438.0,2025-08,2026-07
MYR,LGA,641,563.0,2025-08,2026-07
MYR,MCI,17,959.0,2025-08,2026-07
MYR,MCO,184,388.0,2025-08,2026-07
MYR,MDT,71,465.0,2025-08,2026-07
MYR,MDW,326,738.0,2025-08,2026-07
MYR,MSP,126,1085.0,2025-08,2026-07
MYR,ORD,488,753.0,2025-08,2026-07
MYR,PBG,9,811.0,2025-08,2026-07
MYR,PHL,265,474.0,2025-08,2026-07
MYR,PIT,210,475.0,2025-08,2026-07
MYR,ROC,10,655.0,2025-08,2026-07
MYR,SDF,9,491.0,2025-08,2026-07
MYR,STL,87,728.0,2025-08,2026-07
MYR,SWF,161,601.0,2025-08,2026-07
MYR,SYR,80,668.0,2025-08,2026-07
MYR,TTN,24,509.0,2025-08,2026-07
OAJ,ATL,601,399.0,2025-08,2026-07
OAJ,CLT,135,191.0,2025-08,2026-07
OAK,ABQ,353,889.0,2025-08,2026-07
OAK,AUS,359,1497.0,2025-08,2026-07
OAK,BLI,101,764.0,2025-08,2026-07
OAK,BOI,555,512.0,2025-08,2026-07
OAK,BUR,2709,325.0,2025-08,2026-07
OAK,DAL,413,1468.0,2025-08,2026-07
OAK,DEN,1597,957.0,2025-08,2026-07
OAK,EUG,217,445.0,2025-08,2026-07
OAK,FCA,3,834.0,2025-08,2026-07
OAK,GEG,381,723.0,2025-08,2026-07
OAK,HNL,723,2409.0,2025-08,2026-07
OAK,HOU,374,1642.0,2025-08,2026-07
OAK,IDA,10,667.0,2025-08,2026-07
OAK,LAS,3273,407.0,2025-08,2026-07
OAK,LAX,2067,337.0,2025-08,2026-07
OAK,LGB,1593,353.0,2025-08,2026-07
OAK,LIH,654,2456.0,2025-08,2026-07
OAK,MCI,159,1489.0,2025-08,2026-07
OAK,MDW,504,1844.0,2025-08,2026-07
OAK,MSO,4,758.0,2025-08,2026-07
OAK,MSY,1,1904.0,2025-08,2026-07
OAK,OGG,717,2348.0,2025-08,2026-07
OAK,ONT,1465,362.0,2025-08,2026-07
OAK,PDX,1300,543.0,2025-08,2026-07
OAK,PHX,1896,646.0,2025-08,2026-07
OAK,PSP,468,418.0,2025-08,2026-07
OAK,RNO,4,181.0,2025-08,2026-07
OAK,SAN,3186,446.0,2025-08,2026-07
OAK,SBA,298,263.0,2025-08,2026-07
OAK,SEA,1864,672.0,2025-08,2026-07
OAK,SLC,1641,588.0,2025-08,2026-07
OAK,SNA,2337,371.0,2025-08,2026-07
OGG,ANC,28,2797.0,2025-08,2026-07
OGG,ATL,123,4431.0,2025-08,2026-07
OGG,DEN,379,3302.0,2025-08,2026-07
OGG,DFW,491,3710.0,2025-08,2026-07
OGG,EWR,3,4903.0,2025-08,2026-07
OGG,HNL,9970,101.0,2025-08,2026-07
OGG,ITO,316,121.0,2025-08,2026-07
OGG,KOA,1458,84.0,2025-08,2026-07
OGG,LAS,731,2695.0,2025-08,2026-07
OGG,LAX,2131,2485.0,2025-08,2026-07
OGG,LGB,369,2498.0,2025-08,2026-07
OGG,LIH,1460,202.0,2025-08,2026-07
OGG,OAK,719,2348.0,2025-08,2026-07
OGG,ORD,136,4184.0,2025-08,2026-07
OGG,PDX,725,2561.0,2025-08,2026-07
OGG,PHX,854,2844.0,2025-08,2026-07
OGG,SAN,864,2540.0,2025-08,2026-07
OGG,SEA,1784,2639.0,2025-08,2026-07
OGG,SFO,1689,2338.0,2025-08,2026-07
OGG,SJC,469,2355.0,2025-08,2026-07
OGG,SLC,285,2935.0,2025-08,2026-07
OGG,SMF,478,2403.0,2025-08,2026-07
OKC,ATL,1771,761.0,2025-08,2026-07
OKC,AUS,317,358.0,2025-08,2026-07
OKC,BHM,7,632.0,2025-08,2026-07
OKC,BNA,524,616.0,2025-08,2026-07
OKC,BWI,8,1180.0,2025-08,2026-07
OKC,CLT,796,940.0,2025-08,2026-07
OKC,DAL,298,181.0,2025-08,2026-07
OKC,DCA,661,1158.0,2025-08,2026-07
OKC,DEN,3115,495.0,2025-08,2026-07
OKC,DFW,3075,175.0,2025-08,2026-07
OKC,DTW,5,900.0,2025-08,2026-07
OKC,EUG,1,1483.0,2025-08,2026-07
OKC,GUF,30,675.0,2025-08,2026-07
OKC,HOU,1221,419.0,2025-08,2026-07
OKC,IAH,1272,395.0,2025-08,2026-07
OKC,LAS,1216,986.0,2025-08,2026-07
OKC,LAX,920,1187.0,2025-08,2026-07
OKC,LGA,739,1341.0,2025-08,2026-07
OKC,MCO,325,1069.0,2025-08,2026-07
OKC,MDW,552,691.0,2025-08,2026-07
OKC,MIA,209,1222.0,2025-08,2026-07
OKC,MSP,369,694.0,2025-08,2026-07
OKC,MSY,1,567.0,2025-08,2026-07
OKC,ORD,2537,693.0,2025-08,2026-07
OKC,PHX,1818,833.0,2025-08,2026-07
OKC,SAT,89,407.0,2025-08,2026-07
OKC,SEA,423,1519.0,2025-08,2026-07
OKC,SFB,22,1061.0,2025-08,2026-07
OKC,SLC,716,866.0,2025-08,2026-07
OKC,STL,406,462.0,2025-08,2026-07
OKC,TYS,3,766.0,2025-08,2026-07
OKC,VPS,55,726.0,2025-08,2026-07
OMA,ATL,1759,821.0,2025-08,2026-07
OMA,AUS,26,772.0,2025-08,2026-07
OMA,AZA,108,1026.0,2025-08,2026-07
OMA,BNA,399,612.0,2025-08,2026-07
OMA,CLT,988,913.0,2025-08,2026-07
OMA,DAL,428,586.0,2025-08,2026-07
OMA,DCA,635,1012.0,2025-08,2026-07
OMA,DEN,3293,472.0,2025-08,2026-07
OMA,DFW,1518,583.0,2025-08,2026-07
OMA,DTW,1137,650.0,2025-08,2026-07
OMA,EWR,4,1134.0,2025-08,2026-07
OMA,FLL,13,1383.0,2025-08,2026-07
OMA,GUF,21,888.0,2025-08,2026-07
OMA,HOU,376,804.0,2025-08,2026-07
OMA,IAH,819,781.0,2025-08,2026-07
OMA,LAS,1121,1099.0,2025-08,2026-07
OMA,LAX,584,1330.0,2025-08,2026-07
OMA,LGA,189,1148.0,2025-08,2026-07
OMA,MCO,374,1211.0,2025-08,2026-07
OMA,MDW,1309,423.0,2025-08,2026-07
OMA,MIA,172,1393.0,2025-08,2026-07
OMA,MSP,1443,282.0,2025-08,2026-07
OMA,ORD,2970,416.0,2025-08,2026-07
OMA,PGD,90,1269.0,2025-08,2026-07
OMA,PHL,321,1089.0,2025-08,2026-07
OMA,PHX,1996,1037.0,2025-08,2026-07
OMA,PIE,115,1188.0,2025-08,2026-07
OMA,SAN,73,1313.0,2025-08,2026-07
OMA,SEA,509,1368.0,2025-08,2026-07
OMA,SFB,101,1195.0,2025-08,2026-07
OMA,SFO,366,1433.0,2025-08,2026-07
OMA,SLC,755,840.0,2025-08,2026-07
OMA,SRQ,66,1222.0,2025-08,2026-07
OMA,STL,822,342.0,2025-08,2026-07
OMA,TPA,13,1190.0,2025-08,2026-07
OMA,VPS,31,911.0,2025-08,2026-07
OME,ANC,357,539.0,2025-08,2026-07
ONT,ATL,920,1900.0,2025-08,2026-07
ONT,AUS,336,1196.0,2025-08,2026-07
ONT,BNA,334,1751.0,2025-08,2026-07
ONT,BOI,2,660.0,2025-08,2026-07
ONT,BWI,280,2283.0,2025-08,2026-07
ONT,CLT,323,2078.0,2025-08,2026-07
ONT,DAL,393,1200.0,2025-08,2026-07
ONT,DEN,2634,819.0,2025-08,2026-07
ONT,DFW,2235,1188.0,2025-08,2026-07
ONT,HNL,422,2603.0,2025-08,2026-07
ONT,HOU,362,1345.0,2025-08,2026-07
ONT,IAH,555,1334.0,2025-08,2026-07
ONT,JFK,162,2429.0,2025-08,2026-07
ONT,LAS,2453,197.0,2025-08,2026-07
ONT,MDW,359,1706.0,2025-08,2026-07
ONT,OAK,1465,362.0,2025-08,2026-07
ONT,ORD,287,1700.0,2025-08,2026-07
ONT,PDX,561,838.0,2025-08,2026-07
ONT,PHX,3008,325.0,2025-08,2026-07
ONT,SEA,2478,956.0,2025-08,2026-07
ONT,SFO,1298,363.0,2025-08,2026-07
ONT,SJC,1318,333.0,2025-08,2026-07
ONT,SLC,1228,558.0,2025-08,2026-07
ONT,SMF,2108,390.0,2025-08,2026-07
ONT,STS,108,423.0,2025-08,2026-07
ORD,ABE,437,654.0,2025-08,2026-07
ORD,ABQ,1132,1118.0,2025-08,2026-07
ORD,ACK,31,924.0,2025-08,2026-07
ORD,AGS,12,677.0,2025-08,2026-07
ORD,ALB,2261,723.0,2025-08,2026-07
ORD,ALO,629,234.0,2025-08,2026-07
ORD,ANC,779,2846.0,2025-08,2026-07
ORD,ASE,1100,1013.0,2025-08,2026-07
ORD,ATL,6292,606.0,2025-08,2026-07
ORD,ATW,2312,160.0,2025-08,2026-07
ORD,AUS,3110,977.0,2025-08,2026-07
ORD,AVL,1441,536.0,2025-08,2026-07
ORD,AVP,822,632.0,2025-08,2026-07
ORD,AZO,920,122.0,2025-08,2026-07
ORD,BDL,2307,783.0,2025-08,2026-07
ORD,BGR,685,978.0,2025-08,2026-07
ORD,BHM,1095,584.0,2025-08,2026-07
ORD,BIL,315,1060.0,2025-08,2026-07
ORD,BIS,274,715.0,2025-08,2026-07
ORD,BMI,847,116.0,2025-08,2026-07
ORD,BNA,4898,409.0,2025-08,2026-07
ORD,BOI,1091,1437.0,2025-08,2026-07
ORD,BOS,7521,867.0,2025-08,2026-07
ORD,BTV,1223,763.0,2025-08,2026-07
ORD,BUF,2130,474.0,2025-08,2026-07
ORD,BWI,2621,622.0,2025-08,2026-07
ORD,BZN,1258,1185.0,2025-08,2026-07
ORD,CAE,497,666.0,2025-08,2026-07
ORD,CAK,1915,344.0,2025-08,2026-07
ORD,CHA,908,501.0,2025-08,2026-07
ORD,CHO,1164,566.0,2025-08,2026-07
ORD,CHS,2063,760.0,2025-08,2026-07
ORD,CID,2654,196.0,2025-08,2026-07
ORD,CIU,108,341.0,2025-08,2026-07
ORD,CKB,106,444.0,2025-08,2026-07
ORD,CLE,4716,316.0,2025-08,2026-07
ORD,CLT,4288,599.0,2025-08,2026-07
ORD,CMH,4796,296.0,2025-08,2026-07
ORD,CMI,1027,135.0,2025-08,2026-07
ORD,CMX,740,360.0,2025-08,2026-07
ORD,COD,11,1077.0,2025-08,2026-07
ORD,COS,978,911.0,2025-08,2026-07
ORD,COU,1902,315.0,2025-08,2026-07
ORD,CRW,916,416.0,2025-08,2026-07
ORD,CVG,4521,264.0,2025-08,2026-07
ORD,CWA,963,213.0,2025-08,2026-07
ORD,DAL,444,798.0,2025-08,2026-07
ORD,DAY,1696,240.0,2025-08,2026-07
ORD,DCA,6829,612.0,2025-08,2026-07
ORD,DEC,600,156.0,2025-08,2026-07
ORD,DEN,6062,888.0,2025-08,2026-07
ORD,DFW,6796,802.0,2025-08,2026-07
ORD,DLH,1169,397.0,2025-08,2026-07
ORD,DSM,3285,299.0,2025-08,2026-07
ORD,DTW,5760,235.0,2025-08,2026-07
ORD,EAR,93,583.0,2025-08,2026-07
ORD,EAU,593,269.0,2025-08,2026-07
ORD,ECP,611,810.0,2025-08,2026-07
ORD,EGE,398,1007.0,2025-08,2026-07
ORD,ELP,708,1236.0,2025-08,2026-07
ORD,ERI,56,398.0,2025-08,2026-07
ORD,EUG,93,1780.0,2025-08,2026-07
ORD,EVV,669,272.0,2025-08,2026-07
ORD,EWR,5857,719.0,2025-08,2026-07
ORD,EYW,764,1251.0,2025-08,2026-07
ORD,FAI,146,2785.0,2025-08,2026-07
ORD,FAR,1986,557.0,2025-08,2026-07
ORD,FAT,192,1730.0,2025-08,2026-07
ORD,FCA,524,1352.0,2025-08,2026-07
ORD,FLL,3390,1182.0,2025-08,2026-07
ORD,FNT,1835,223.0,2025-08,2026-07
ORD,FOD,545,324.0,2025-08,2026-07
ORD,FSD,1736,462.0,2025-08,2026-07
ORD,FWA,2639,157.0,2025-08,2026-07
ORD,GEG,703,1498.0,2025-08,2026-07
ORD,GRB,2578,173.0,2025-08,2026-07
ORD,GRR,3905,137.0,2025-08,2026-07
ORD,GSO,1517,589.0,2025-08,2026-07
ORD,GSP,1743,577.0,2025-08,2026-07
ORD,GTF,23,1210.0,2025-08,2026-07
ORD,GUC,21,1031.0,2025-08,2026-07
ORD,HDN,178,1009.0,2025-08,2026-07
ORD,HHH,212,781.0,2025-08,2026-07
ORD,HNL,539,4243.0,2025-08,2026-07
ORD,HPN,1471,738.0,2025-08,2026-07
ORD,HSV,1060,510.0,2025-08,2026-07
ORD,HYA,11,909.0,2025-08,2026-07
ORD,IAD,2066,588.0,2025-08,2026-07
ORD,IAH,6023,925.0,2025-08,2026-07
ORD,ICT,2131,588.0,2025-08,2026-07
ORD,IDA,169,1229.0,2025-08,2026-07
ORD,ILM,534,760.0,2025-08,2026-07
ORD,IND,5058,177.0,2025-08,2026-07
ORD,JAC,809,1162.0,2025-08,2026-07
ORD,JAX,2087,864.0,2025-08,2026-07
ORD,JFK,1977,740.0,2025-08,2026-07
ORD,JLN,355,484.0,2025-08,2026-07
ORD,JST,341,487.0,2025-08,2026-07
ORD,KOA,16,4213.0,2025-08,2026-07
ORD,LAF,544,119.0,2025-08,2026-07
ORD,LAN,726,179.0,2025-08,2026-07
ORD,LAS,5168,1514.0,2025-08,2026-07
ORD,LAX,6922,1744.0,2025-08,2026-07
ORD,LEX,1654,323.0,2025-08,2026-07
ORD,LGA,11023,733.0,2025-08,2026-07
ORD,LIT,1419,552.0,2025-08,2026-07
ORD,LNK,1532,466.0,2025-08,2026-07
ORD,LNS,95,620.0,2025-08,2026-07
ORD,LSE,1003,215.0,2025-08,2026-07
ORD,LWB,133,489.0,2025-08,2026-07
ORD,LYH,127,564.0,2025-08,2026-07
ORD,MBS,972,222.0,2025-08,2026-07
ORD,MCI,4088,403.0,2025-08,2026-07
ORD,MCO,6170,1005.0,2025-08,2026-07
ORD,MCW,588,288.0,2025-08,2026-07
ORD,MDT,2061,594.0,2025-08,2026-07
ORD,MEM,2420,491.0,2025-08,2026-07
ORD,MGW,310,449.0,2025-08,2026-07
ORD,MHK,549,501.0,2025-08,2026-07
ORD,MHT,590,843.0,2025-08,2026-07
ORD,MIA,4365,1197.0,2025-08,2026-07
ORD,MKE,5012,67.0,2025-08,2026-07
ORD,MLI,2148,139.0,2025-08,2026-07
ORD,MQT,707,303.0,2025-08,2026-07
ORD,MRY,10,1844.0,2025-08,2026-07
ORD,MSN,3948,108.0,2025-08,2026-07
ORD,MSO,497,1332.0,2025-08,2026-07
ORD,MSP,6181,334.0,2025-08,2026-07
ORD,MSY,2348,837.0,2025-08,2026-07
ORD,MTJ,149,1081.0,2025-08,2026-07
ORD,MVY,11,894.0,2025-08,2026-07
ORD,MYR,492,753.0,2025-08,2026-07
ORD,OGG,137,4184.0,2025-08,2026-07
ORD,OKC,2534,693.0,2025-08,2026-07
ORD,OMA,2985,416.0,2025-08,2026-07
ORD,ONT,286,1700.0,2025-08,2026-07
ORD,ORF,1844,717.0,2025-08,2026-07
ORD,PAH,159,342.0,2025-08,2026-07
ORD,PBI,1309,1144.0,2025-08,2026-07
ORD,PDX,2782,1739.0,2025-08,2026-07
ORD,PHL,4849,678.0,2025-08,2026-07
ORD,PHX,5487,1440.0,2025-08,2026-07
ORD,PIA,2179,130.0,2025-08,2026-07
ORD,PIT,3910,413.0,2025-08,2026-07
ORD,PLN,207,293.0,2025-08,2026-07
ORD,PNS,714,794.0,2025-08,2026-07
ORD,PSP,769,1651.0,2025-08,2026-07
ORD,PVD,1628,849.0,2025-08,2026-07
ORD,PWM,1455,900.0,2025-08,2026-07
ORD,RAP,677,780.0,2025-08,2026-07
ORD,RDU,3566,646.0,2025-08,2026-07
ORD,RHI,145,264.0,2025-08,2026-07
ORD,RIC,2158,642.0,2025-08,2026-07
ORD,RNO,357,1671.0,2025-08,2026-07
ORD,ROA,847,530.0,2025-08,2026-07
ORD,ROC,2279,528.0,2025-08,2026-07
ORD,RST,1006,268.0,2025-08,2026-07
ORD,RSW,3186,1120.0,2025-08,2026-07
ORD,SAF,101,1072.0,2025-08,2026-07
ORD,SAN,3822,1723.0,2025-08,2026-07
ORD,SAT,1938,1041.0,2025-08,2026-07
ORD,SAV,1535,773.0,2025-08,2026-07
ORD,SBA,117,1803.0,2025-08,2026-07
ORD,SBN,2615,84.0,2025-08,2026-07
ORD,SCE,539,528.0,2025-08,2026-07
ORD,SDF,2693,286.0,2025-08,2026-07
ORD,SEA,5476,1721.0,2025-08,2026-07
ORD,SFO,5543,1846.0,2025-08,2026-07
ORD,SGF,1424,438.0,2025-08,2026-07
ORD,SGU,10,1404.0,2025-08,2026-07
ORD,SHD,169,541.0,2025-08,2026-07
ORD,SJC,296,1829.0,2025-08,2026-07
ORD,SJU,1366,2072.0,2025-08,2026-07
ORD,SLC,3159,1250.0,2025-08,2026-07
ORD,SLN,349,559.0,2025-08,2026-07
ORD,SMF,1321,1781.0,2025-08,2026-07
ORD,SNA,2165,1726.0,2025-08,2026-07
ORD,SPI,685,174.0,2025-08,2026-07
ORD,SRQ,986,1050.0,2025-08,2026-07
ORD,STL,2999,258.0,2025-08,2026-07
ORD,STT,252,2116.0,2025-08,2026-07
ORD,STX,18,2158.0,2025-08,2026-07
ORD,SUN,277,1341.0,2025-08,2026-07
ORD,SUX,347,436.0,2025-08,2026-07
ORD,SYR,2137,607.0,2025-08,2026-07
ORD,TPA,3155,1012.0,2025-08,2026-07
ORD,TRI,69,481.0,2025-08,2026-07
ORD,TUL,2075,585.0,2025-08,2026-07
ORD,TUS,1025,1437.0,2025-08,2026-07
ORD,TVC,2637,224.0,2025-08,2026-07
ORD,TYS,2106,475.0,2025-08,2026-07
ORD,VPS,316,796.0,2025-08,2026-07
ORD,XNA,1799,522.0,2025-08,2026-07
ORF,ATL,2895,516.0,2025-08,2026-07
ORF,BNA,421,585.0,2025-08,2026-07
ORF,BOS,468,468.0,2025-08,2026-07
ORF,BWI,1523,159.0,2025-08,2026-07
ORF,CLT,2425,290.0,2025-08,2026-07
ORF,CVG,4,485.0,2025-08,2026-07
ORF,DAL,77,1203.0,2025-08,2026-07
ORF,DCA,1006,142.0,2025-08,2026-07
ORF,DEN,631,1553.0,2025-08,2026-07
ORF,DFW,951,1212.0,2025-08,2026-07
ORF,DTW,685,529.0,2025-08,2026-07
ORF,EWR,779,284.0,2025-08,2026-07
ORF,FLL,398,781.0,2025-08,2026-07
ORF,IAD,674,158.0,2025-08,2026-07
ORF,IAH,91,1201.0,2025-08,2026-07
ORF,JAX,3,543.0,2025-08,2026-07
ORF,JFK,682,290.0,2025-08,2026-07
ORF,LGA,1215,296.0,2025-08,2026-07
ORF,MCI,7,1021.0,2025-08,2026-07
ORF,MCO,780,655.0,2025-08,2026-07
ORF,MDW,567,704.0,2025-08,2026-07
ORF,MIA,631,802.0,2025-08,2026-07
ORF,MSP,3,1045.0,2025-08,2026-07
ORF,ORD,1851,717.0,2025-08,2026-07
ORF,PHL,809,212.0,2025-08,2026-07
ORF,PIE,3,726.0,2025-08,2026-07
ORF,SFB,4,631.0,2025-08,2026-07
ORF,SJU,72,1414.0,2025-08,2026-07
ORF,STL,17,785.0,2025-08,2026-07
ORF,TPA,4,717.0,2025-08,2026-07
ORH,FLL,313,1211.0,2025-08,2026-07
ORH,MCO,357,1091.0,2025-08,2026-07
ORH,RSW,109,1220.0,2025-08,2026-07
OTH,DEN,158,1040.0,2025-08,2026-07
OTH,SFO,314,412.0,2025-08,2026-07
OTZ,ANC,347,549.0,2025-08,2026-07
PAE,DEN,41,1036.0,2025-08,2026-07
PAE,HNL,124,2694.0,2025-08,2026-07
PAE,LAS,446,894.0,2025-08,2026-07
PAE,LAX,70,984.0,2025-08,2026-07
PAE,PHX,573,1133.0,2025-08,2026-07
PAH,IAH,144,617.0,2025-08,2026-07
PAH,ORD,157,342.0,2025-08,2026-07
PBG,FLL,136,1334.0,2025-08,2026-07
PBG,MYR,9,811.0,2025-08,2026-07
PBG,PGD,23,1311.0,2025-08,2026-07
PBG,PIE,92,1262.0,2025-08,2026-07
PBG,SFB,140,1175.0,2025-08,2026-07
PBI,ACY,309,936.0,2025-08,2026-07
PBI,ATL,3731,545.0,2025-08,2026-07
PBI,AVL,161,620.0,2025-08,2026-07
PBI,BDL,504,1133.0,2025-08,2026-07
PBI,BNA,364,757.0,2025-08,2026-07
PBI,BOS,2074,1197.0,2025-08,2026-07
PBI,BUF,3,1123.0,2025-08,2026-07
PBI,BWI,1216,883.0,2025-08,2026-07
PBI,CLE,19,1020.0,2025-08,2026-07
PBI,CLT,1803,590.0,2025-08,2026-07
PBI,CVG,84,892.0,2025-08,2026-07
PBI,DAL,5,1091.0,2025-08,2026-07
PBI,DCA,1770,857.0,2025-08,2026-07
PBI,DEN,270,1679.0,2025-08,2026-07
PBI,DFW,1111,1102.0,2025-08,2026-07
PBI,DTW,469,1086.0,2025-08,2026-07
PBI,EWR,3503,1024.0,2025-08,2026-07
PBI,GRR,61,1158.0,2025-08,2026-07
PBI,HPN,1613,1056.0,2025-08,2026-07
PBI,IAD,329,859.0,2025-08,2026-07
PBI,IAH,485,956.0,2025-08,2026-07
PBI,ISP,1202,1052.0,2025-08,2026-07
PBI,JFK,2114,1028.0,2025-08,2026-07
PBI,LAX,182,2330.0,2025-08,2026-07
PBI,LGA,3065,1035.0,2025-08,2026-07
PBI,MCO,603,141.0,2025-08,2026-07
PBI,MSP,125,1451.0,2025-08,2026-07
PBI,ORD,1305,1144.0,2025-08,2026-07
PBI,PHL,1519,951.0,2025-08,2026-07
PBI,PIT,143,952.0,2025-08,2026-07
PBI,PVD,415,1148.0,2025-08,2026-07
PBI,SDF,1,857.0,2025-08,2026-07
PBI,STL,38,1023.0,2025-08,2026-07
PBI,TTN,12,985.0,2025-08,2026-07
PDX,ABQ,7,1111.0,2025-08,2026-07
PDX,ANC,1209,1542.0,2025-08,2026-07
PDX,ATL,1536,2172.0,2025-08,2026-07
PDX,ATW,47,1662.0,2025-08,2026-07
PDX,AUS,604,1715.0,2025-08,2026-07
PDX,AZA,52,1028.0,2025-08,2026-07
PDX,BLI,135,221.0,2025-08,2026-07
PDX,BNA,318,1973.0,2025-08,2026-07
PDX,BOI,901,344.0,2025-08,2026-07
PDX,BOS,662,2537.0,2025-08,2026-07
PDX,BUR,986,817.0,2025-08,2026-07
PDX,BWI,200,2358.0,2025-08,2026-07
PDX,BZN,84,554.0,2025-08,2026-07
PDX,CID,1,1557.0,2025-08,2026-07
PDX,CLT,434,2282.0,2025-08,2026-07
PDX,CVG,45,1975.0,2025-08,2026-07
PDX,DAL,230,1626.0,2025-08,2026-07
PDX,DCA,362,2350.0,2025-08,2026-07
PDX,DEN,4270,991.0,2025-08,2026-07
PDX,DFW,2320,1616.0,2025-08,2026-07
PDX,DSM,56,1471.0,2025-08,2026-07
PDX,DTW,375,1953.0,2025-08,2026-07
PDX,EUG,575,105.0,2025-08,2026-07
PDX,EWR,882,2434.0,2025-08,2026-07
PDX,FAI,52,1640.0,2025-08,2026-07
PDX,FAT,586,626.0,2025-08,2026-07
PDX,FCA,30,437.0,2025-08,2026-07
PDX,FLL,10,2694.0,2025-08,2026-07
PDX,FNT,21,1917.0,2025-08,2026-07
PDX,GEG,1021,279.0,2025-08,2026-07
PDX,GRR,28,1833.0,2025-08,2026-07
PDX,HNL,895,2603.0,2025-08,2026-07
PDX,IAD,289,2327.0,2025-08,2026-07
PDX,IAH,1221,1825.0,2025-08,2026-07
PDX,IDA,119,539.0,2025-08,2026-07
PDX,IND,26,1877.0,2025-08,2026-07
PDX,JAC,15,600.0,2025-08,2026-07
PDX,JFK,896,2454.0,2025-08,2026-07
PDX,KOA,365,2607.0,2025-08,2026-07
PDX,LAS,2941,763.0,2025-08,2026-07
PDX,LAX,4315,833.0,2025-08,2026-07
PDX,LIH,253,2630.0,2025-08,2026-07
PDX,MCI,346,1482.0,2025-08,2026-07
PDX,MCO,390,2535.0,2025-08,2026-07
PDX,MDW,679,1751.0,2025-08,2026-07
PDX,MFR,265,222.0,2025-08,2026-07
PDX,MIA,339,2700.0,2025-08,2026-07
PDX,MSO,108,418.0,2025-08,2026-07
PDX,MSP,1534,1426.0,2025-08,2026-07
PDX,MSY,113,2051.0,2025-08,2026-07
PDX,OAK,1278,543.0,2025-08,2026-07
PDX,OGG,727,2561.0,2025-08,2026-07
PDX,ONT,563,838.0,2025-08,2026-07
PDX,ORD,2780,1739.0,2025-08,2026-07
PDX,PHL,257,2406.0,2025-08,2026-07
PDX,PHX,3734,1010.0,2025-08,2026-07
PDX,PSC,51,174.0,2025-08,2026-07
PDX,PSP,729,873.0,2025-08,2026-07
PDX,PVU,78,664.0,2025-08,2026-07
PDX,RDM,265,116.0,2025-08,2026-07
PDX,RNO,310,444.0,2025-08,2026-07
PDX,SAN,1757,933.0,2025-08,2026-07
PDX,SBA,28,784.0,2025-08,2026-07
PDX,SBP,83,722.0,2025-08,2026-07
PDX,SEA,4908,129.0,2025-08,2026-07
PDX,SFO,3480,550.0,2025-08,2026-07
PDX,SJC,1668,569.0,2025-08,2026-07
PDX,SLC,2348,630.0,2025-08,2026-07
PDX,SMF,1961,479.0,2025-08,2026-07
PDX,SNA,1533,859.0,2025-08,2026-07
PDX,STL,113,1708.0,2025-08,2026-07
PDX,STS,637,489.0,2025-08,2026-07
PDX,TPA,10,2497.0,2025-08,2026-07
PDX,TUS,365,1119.0,2025-08,2026-07
PGD,ABE,243,1018.0,2025-08,2026-07
PGD,ACY,26,964.0,2025-08,2026-07
PGD,ALB,184,1185.0,2025-08,2026-07
PGD,ATW,238,1250.0,2025-08,2026-07
PGD,AVL,222,588.0,2025-08,2026-07
PGD,BGR,70,1433.0,2025-08,2026-07
PGD,BLV,223,921.0,2025-08,2026-07
PGD,BNA,116,692.0,2025-08,2026-07
PGD,CAK,151,965.0,2025-08,2026-07
PGD,CHA,60,591.0,2025-08,2026-07
PGD,CID,169,1170.0,2025-08,2026-07
PGD,CVG,348,850.0,2025-08,2026-07
PGD,DAY,94,904.0,2025-08,2026-07
PGD,DSM,184,1206.0,2025-08,2026-07
PGD,ELM,59,1089.0,2025-08,2026-07
PGD,FNT,335,1111.0,2025-08,2026-07
PGD,FSD,46,1415.0,2025-08,2026-07
PGD,FWA,225,986.0,2025-08,2026-07
PGD,GRR,349,1118.0,2025-08,2026-07
PGD,HTS,3,790.0,2025-08,2026-07
PGD,IAD,86,870.0,2025-08,2026-07
PGD,IAG,202,1129.0,2025-08,2026-07
PGD,IND,256,916.0,2025-08,2026-07
PGD,LCK,186,890.0,2025-08,2026-07
PGD,LEX,163,781.0,2025-08,2026-07
PGD,MCI,98,1125.0,2025-08,2026-07
PGD,MDT,151,963.0,2025-08,2026-07
PGD,MDW,99,1076.0,2025-08,2026-07
PGD,MLI,100,1113.0,2025-08,2026-07
PGD,MSY,47,545.0,2025-08,2026-07
PGD,OMA,90,1269.0,2025-08,2026-07
PGD,PBG,24,1311.0,2025-08,2026-07
PGD,PIA,218,1044.0,2025-08,2026-07
PGD,PIT,176,941.0,2025-08,2026-07
PGD,PSM,236,1279.0,2025-08,2026-07
PGD,PVD,141,1184.0,2025-08,2026-07
PGD,RFD,219,1127.0,2025-08,2026-07
PGD,ROC,70,1143.0,2025-08,2026-07
PGD,SBN,235,1049.0,2025-08,2026-07
PGD,SDF,153,806.0,2025-08,2026-07
PGD,SGF,103,975.0,2025-08,2026-07
PGD,SPI,112,995.0,2025-08,2026-07
PGD,STC,45,1447.0,2025-08,2026-07
PGD,SWF,114,1101.0,2025-08,2026-07
PGD,SYR,70,1164.0,2025-08,2026-07
PGD,TOL,133,1017.0,2025-08,2026-07
PGD,TTN,46,1008.0,2025-08,2026-07
PGD,TVC,72,1245.0,2025-08,2026-07
PGD,TYS,218,624.0,2025-08,2026-07
PGD,USA,119,588.0,2025-08,2026-07
PHF,CLT,3,282.0,2025-08,2026-07
PHL,ABQ,6,1747.0,2025-08,2026-07
PHL,ACK,120,288.0,2025-08,2026-07
PHL,ACY,1,45.0,2025-08,2026-07
PHL,AGS,13,584.0,2025-08,2026-07
PHL,ATL,5577,666.0,2025-08,2026-07
PHL,AUS,1145,1431.0,2025-08,2026-07
PHL,AVL,49,504.0,2025-08,2026-07
PHL,BDL,559,195.0,2025-08,2026-07
PHL,BGR,480,473.0,2025-08,2026-07
PHL,BHM,543,772.0,2025-08,2026-07
PHL,BNA,2774,675.0,2025-08,2026-07
PHL,BOS,4827,280.0,2025-08,2026-07
PHL,BTV,1074,335.0,2025-08,2026-07
PHL,BUF,248,279.0,2025-08,2026-07
PHL,CHS,1065,550.0,2025-08,2026-07
PHL,CID,1,873.0,2025-08,2026-07
PHL,CLE,955,363.0,2025-08,2026-07
PHL,CLT,3428,449.0,2025-08,2026-07
PHL,CMH,1391,407.0,2025-08,2026-07
PHL,CVG,1215,507.0,2025-08,2026-07
PHL,DAL,318,1295.0,2025-08,2026-07
PHL,DAY,339,477.0,2025-08,2026-07
PHL,DCA,755,120.0,2025-08,2026-07
PHL,DEN,2995,1558.0,2025-08,2026-07
PHL,DFW,3356,1303.0,2025-08,2026-07
PHL,DSM,336,973.0,2025-08,2026-07
PHL,DTW,2855,453.0,2025-08,2026-07
PHL,ECP,99,886.0,2025-08,2026-07
PHL,EYW,479,1122.0,2025-08,2026-07
PHL,FLL,3401,993.0,2025-08,2026-07
PHL,GRB,1,733.0,2025-08,2026-07
PHL,GRR,342,573.0,2025-08,2026-07
PHL,GSO,130,365.0,2025-08,2026-07
PHL,GSP,428,515.0,2025-08,2026-07
PHL,HHH,45,609.0,2025-08,2026-07
PHL,HYA,76,288.0,2025-08,2026-07
PHL,IAD,202,135.0,2025-08,2026-07
PHL,IAH,1812,1325.0,2025-08,2026-07
PHL,ILM,73,414.0,2025-08,2026-07
PHL,IND,1499,588.0,2025-08,2026-07
PHL,ISP,1,129.0,2025-08,2026-07
PHL,JAX,1527,742.0,2025-08,2026-07
PHL,LAS,1461,2177.0,2025-08,2026-07
PHL,LAX,2373,2402.0,2025-08,2026-07
PHL,LEX,386,520.0,2025-08,2026-07
PHL,MCI,875,1038.0,2025-08,2026-07
PHL,MCO,5202,862.0,2025-08,2026-07
PHL,MDT,1,84.0,2025-08,2026-07
PHL,MDW,1498,668.0,2025-08,2026-07
PHL,MEM,737,875.0,2025-08,2026-07
PHL,MIA,3169,1013.0,2025-08,2026-07
PHL,MKE,473,690.0,2025-08,2026-07
PHL,MSN,431,764.0,2025-08,2026-07
PHL,MSP,1968,981.0,2025-08,2026-07
PHL,MSY,1107,1089.0,2025-08,2026-07
PHL,MVY,77,265.0,2025-08,2026-07
PHL,MYR,269,474.0,2025-08,2026-07
PHL,OMA,323,1089.0,2025-08,2026-07
PHL,ORD,4832,678.0,2025-08,2026-07
PHL,ORF,806,212.0,2025-08,2026-07
PHL,PBI,1516,951.0,2025-08,2026-07
PHL,PDX,256,2406.0,2025-08,2026-07
PHL,PHX,2282,2076.0,2025-08,2026-07
PHL,PIT,1181,268.0,2025-08,2026-07
PHL,PNS,261,935.0,2025-08,2026-07
PHL,PVD,672,237.0,2025-08,2026-07
PHL,PWM,653,364.0,2025-08,2026-07
PHL,RDU,2532,337.0,2025-08,2026-07
PHL,RIC,135,198.0,2025-08,2026-07
PHL,ROC,1,257.0,2025-08,2026-07
PHL,RSW,1294,993.0,2025-08,2026-07
PHL,SAN,1031,2370.0,2025-08,2026-07
PHL,SAT,260,1496.0,2025-08,2026-07
PHL,SAV,956,630.0,2025-08,2026-07
PHL,SCE,10,153.0,2025-08,2026-07
PHL,SDF,591,577.0,2025-08,2026-07
PHL,SEA,1363,2379.0,2025-08,2026-07
PHL,SFO,2020,2522.0,2025-08,2026-07
PHL,SJC,4,2504.0,2025-08,2026-07
PHL,SJU,1869,1576.0,2025-08,2026-07
PHL,SLC,801,1927.0,2025-08,2026-07
PHL,SRQ,447,957.0,2025-08,2026-07
PHL,STL,1580,814.0,2025-08,2026-07
PHL,STT,183,1605.0,2025-08,2026-07
PHL,SYR,122,228.0,2025-08,2026-07
PHL,TPA,2601,920.0,2025-08,2026-07
PHL,TVC,110,627.0,2025-08,2026-07
PHL,TYS,329,555.0,2025-08,2026-07
PHL,VPS,15,908.0,2025-08,2026-07
PHL,XNA,459,1067.0,2025-08,2026-07
PHX,ABI,58,720.0,2025-08,2026-07
PHX,ABQ,3285,328.0,2025-08,2026-07
PHX,AGS,3,1731.0,2025-08,2026-07
PHX,ANC,435,2552.0,2025-08,2026-07
PHX,ASE,105,491.0,2025-08,2026-07
PHX,ATL,3703,1587.0,2025-08,2026-07
PHX,ATW,7,1463.0,2025-08,2026-07
PHX,AUS,3327,872.0,2025-08,2026-07
PHX,AVL,18,1683.0,2025-08,2026-07
PHX,BFL,1282,425.0,2025-08,2026-07
PHX,BHM,185,1455.0,2025-08,2026-07
PHX,BIL,110,873.0,2025-08,2026-07
PHX,BNA,2353,1449.0,2025-08,2026-07
PHX,BOI,2008,735.0,2025-08,2026-07
PHX,BOS,1979,2300.0,2025-08,2026-07
PHX,BUF,197,1912.0,2025-08,2026-07
PHX,BUR,3125,369.0,2025-08,2026-07
PHX,BWI,1225,1999.0,2025-08,2026-07
PHX,BZN,58,853.0,2025-08,2026-07
PHX,CID,763,1252.0,2025-08,2026-07
PHX,CLD,857,306.0,2025-08,2026-07
PHX,CLE,982,1737.0,2025-08,2026-07
PHX,CLT,2850,1773.0,2025-08,2026-07
PHX,CMH,1136,1670.0,2025-08,2026-07
PHX,COS,1000,551.0,2025-08,2026-07
PHX,CVG,603,1569.0,2025-08,2026-07
PHX,DAL,2845,879.0,2025-08,2026-07
PHX,DCA,1070,1979.0,2025-08,2026-07
PHX,DEN,8886,602.0,2025-08,2026-07
PHX,DFW,5094,868.0,2025-08,2026-07
PHX,DRO,987,352.0,2025-08,2026-07
PHX,DSM,1051,1149.0,2025-08,2026-07
PHX,DTW,2378,1671.0,2025-08,2026-07
PHX,EGE,164,513.0,2025-08,2026-07
PHX,ELP,2472,347.0,2025-08,2026-07
PHX,EUG,625,952.0,2025-08,2026-07
PHX,EWR,2429,2133.0,2025-08,2026-07
PHX,FAR,102,1225.0,2025-08,2026-07
PHX,FAT,1468,493.0,2025-08,2026-07
PHX,FCA,13,1033.0,2025-08,2026-07
PHX,FLG,1168,119.0,2025-08,2026-07
PHX,FLL,567,1972.0,2025-08,2026-07
PHX,FSD,651,1081.0,2025-08,2026-07
PHX,GEG,1254,1020.0,2025-08,2026-07
PHX,GJT,979,438.0,2025-08,2026-07
PHX,GRB,3,1487.0,2025-08,2026-07
PHX,GRR,152,1574.0,2025-08,2026-07
PHX,HNL,1315,2917.0,2025-08,2026-07
PHX,HOU,2109,1020.0,2025-08,2026-07
PHX,IAD,1030,1956.0,2025-08,2026-07
PHX,IAH,2933,1009.0,2025-08,2026-07
PHX,ICT,762,870.0,2025-08,2026-07
PHX,IDA,199,696.0,2025-08,2026-07
PHX,IND,1521,1489.0,2025-08,2026-07
PHX,JAX,321,1785.0,2025-08,2026-07
PHX,JFK,2939,2153.0,2025-08,2026-07
PHX,KOA,383,2860.0,2025-08,2026-07
PHX,LAS,5952,255.0,2025-08,2026-07
PHX,LAX,7558,370.0,2025-08,2026-07
PHX,LBB,365,588.0,2025-08,2026-07
PHX,LGB,1512,355.0,2025-08,2026-07
PHX,LIH,384,2979.0,2025-08,2026-07
PHX,LIT,304,1136.0,2025-08,2026-07
PHX,MAF,362,581.0,2025-08,2026-07
PHX,MCI,2457,1044.0,2025-08,2026-07
PHX,MCO,1839,1849.0,2025-08,2026-07
PHX,MDW,2726,1444.0,2025-08,2026-07
PHX,MEM,480,1264.0,2025-08,2026-07
PHX,MFE,58,965.0,2025-08,2026-07
PHX,MFR,750,855.0,2025-08,2026-07
PHX,MIA,1816,1972.0,2025-08,2026-07
PHX,MKE,1439,1460.0,2025-08,2026-07
PHX,MRY,1360,598.0,2025-08,2026-07
PHX,MSN,587,1396.0,2025-08,2026-07
PHX,MSP,2994,1276.0,2025-08,2026-07
PHX,MSY,927,1301.0,2025-08,2026-07
PHX,OAK,1917,646.0,2025-08,2026-07
PHX,OGG,854,2844.0,2025-08,2026-07
PHX,OKC,1820,833.0,2025-08,2026-07
PHX,OMA,1996,1037.0,2025-08,2026-07
PHX,ONT,3012,325.0,2025-08,2026-07
PHX,ORD,5495,1440.0,2025-08,2026-07
PHX,PAE,577,1133.0,2025-08,2026-07
PHX,PDX,3733,1010.0,2025-08,2026-07
PHX,PHL,2288,2076.0,2025-08,2026-07
PHX,PIT,804,1814.0,2025-08,2026-07
PHX,PSC,692,962.0,2025-08,2026-07
PHX,PSP,1430,261.0,2025-08,2026-07
PHX,PVU,279,468.0,2025-08,2026-07
PHX,RAP,58,876.0,2025-08,2026-07
PHX,RDM,837,893.0,2025-08,2026-07
PHX,RDU,825,1891.0,2025-08,2026-07
PHX,RNO,2430,601.0,2025-08,2026-07
PHX,RSW,71,1868.0,2025-08,2026-07
PHX,SAF,511,370.0,2025-08,2026-07
PHX,SAN,5924,304.0,2025-08,2026-07
PHX,SAT,2512,843.0,2025-08,2026-07
PHX,SBA,1417,455.0,2025-08,2026-07
PHX,SBP,1249,509.0,2025-08,2026-07
PHX,SCK,119,603.0,2025-08,2026-07
PHX,SDF,370,1506.0,2025-08,2026-07
PHX,SEA,7179,1107.0,2025-08,2026-07
PHX,SFO,4665,651.0,2025-08,2026-07
PHX,SGF,9,1082.0,2025-08,2026-07
PHX,SGU,889,262.0,2025-08,2026-07
PHX,SJC,2972,621.0,2025-08,2026-07
PHX,SLC,5744,507.0,2025-08,2026-07
PHX,SMF,3607,647.0,2025-08,2026-07
PHX,SMX,400,494.0,2025-08,2026-07
PHX,SNA,4616,338.0,2025-08,2026-07
PHX,STL,2308,1262.0,2025-08,2026-07
PHX,STS,691,699.0,2025-08,2026-07
PHX,SUN,93,705.0,2025-08,2026-07
PHX,TPA,1212,1788.0,2025-08,2026-07
PHX,TUL,1251,935.0,2025-08,2026-07
PHX,TUS,3443,109.0,2025-08,2026-07
PHX,TYS,122,1599.0,2025-08,2026-07
PHX,XNA,822,1023.0,2025-08,2026-07
PHX,YUM,1311,160.0,2025-08,2026-07
PIA,AZA,213,1312.0,2025-08,2026-07
PIA,BNA,47,353.0,2025-08,2026-07
PIA,CLT,690,607.0,2025-08,2026-07
PIA,DEN,425,793.0,2025-08,2026-07
PIA,DFW,1016,672.0,2025-08,2026-07
PIA,LAS,116,1413.0,2025-08,2026-07
PIA,ORD,2177,130.0,2025-08,2026-07
PIA,PGD,218,1044.0,2025-08,2026-07
PIA,PIE,158,965.0,2025-08,2026-07
PIA,SFB,141,949.0,2025-08,2026-07
PIA,SRQ,97,1001.0,2025-08,2026-07
PIA,VPS,41,724.0,2025-08,2026-07
PIB,IAH,621,372.0,2025-08,2026-07
PIE,ABE,278,970.0,2025-08,2026-07
PIE,ACY,48,922.0,2025-08,2026-07
PIE,ALB,135,1138.0,2025-08,2026-07
PIE,ATW,180,1173.0,2025-08,2026-07
PIE,AVL,505,519.0,2025-08,2026-07
PIE,BGR,219,1394.0,2025-08,2026-07
PIE,BLV,171,841.0,2025-08,2026-07
PIE,BMI,111,936.0,2025-08,2026-07
PIE,BNA,86,612.0,2025-08,2026-07
PIE,CAK,133,899.0,2025-08,2026-07
PIE,CHA,117,513.0,2025-08,2026-07
PIE,CID,155,1090.0,2025-08,2026-07
PIE,CKB,52,798.0,2025-08,2026-07
PIE,COS,105,1472.0,2025-08,2026-07
PIE,CVG,349,776.0,2025-08,2026-07
PIE,DAY,105,831.0,2025-08,2026-07
PIE,DSM,183,1126.0,2025-08,2026-07
PIE,ELM,122,1035.0,2025-08,2026-07
PIE,EVV,94,752.0,2025-08,2026-07
PIE,EYW,311,238.0,2025-08,2026-07
PIE,FAR,57,1519.0,2025-08,2026-07
PIE,FLL,1,201.0,2025-08,2026-07
PIE,FNT,275,1040.0,2025-08,2026-07
PIE,FSD,109,1334.0,2025-08,2026-07
PIE,FWA,191,912.0,2025-08,2026-07
PIE,GRR,380,1044.0,2025-08,2026-07
PIE,GSO,105,587.0,2025-08,2026-07
PIE,GSP,131,482.0,2025-08,2026-07
PIE,HGR,100,861.0,2025-08,2026-07
PIE,HSV,43,523.0,2025-08,2026-07
PIE,HTS,177,721.0,2025-08,2026-07
PIE,IAG,118,1069.0,2025-08,2026-07
PIE,ICT,31,1087.0,2025-08,2026-07
PIE,IND,227,840.0,2025-08,2026-07
PIE,LCK,171,821.0,2025-08,2026-07
PIE,LEX,174,707.0,2025-08,2026-07
PIE,LIT,25,734.0,2025-08,2026-07
PIE,MCI,108,1045.0,2025-08,2026-07
PIE,MDT,163,912.0,2025-08,2026-07
PIE,MEM,95,653.0,2025-08,2026-07
PIE,MLI,85,1033.0,2025-08,2026-07
PIE,OMA,115,1188.0,2025-08,2026-07
PIE,ORF,3,726.0,2025-08,2026-07
PIE,PBG,92,1262.0,2025-08,2026-07
PIE,PIA,158,965.0,2025-08,2026-07
PIE,PIT,164,878.0,2025-08,2026-07
PIE,PSM,43,1239.0,2025-08,2026-07
PIE,RFD,131,1049.0,2025-08,2026-07
PIE,RIC,96,732.0,2025-08,2026-07
PIE,ROA,112,668.0,2025-08,2026-07
PIE,SBN,151,973.0,2025-08,2026-07
PIE,SDF,109,729.0,2025-08,2026-07
PIE,SGF,183,895.0,2025-08,2026-07
PIE,SWF,122,1055.0,2025-08,2026-07
PIE,SYR,163,1111.0,2025-08,2026-07
PIE,TOL,134,945.0,2025-08,2026-07
PIE,TRI,52,590.0,2025-08,2026-07
PIE,TTN,45,964.0,2025-08,2026-07
PIE,TUL,24,961.0,2025-08,2026-07
PIE,TVC,97,1172.0,2025-08,2026-07
PIE,TYS,519,550.0,2025-08,2026-07
PIE,USA,203,528.0,2025-08,2026-07
PIE,XNA,52,892.0,2025-08,2026-07
PIH,SLC,447,149.0,2025-08,2026-07
PIR,DEN,648,385.0,2025-08,2026-07
PIT,ATL,2694,526.0,2025-08,2026-07
PIT,AUS,320,1210.0,2025-08,2026-07
PIT,BNA,1091,462.0,2025-08,2026-07
PIT,BOS,2085,496.0,2025-08,2026-07
PIT,BWI,1060,210.0,2025-08,2026-07
PIT,CLT,1923,366.0,2025-08,2026-07
PIT,DAL,363,1060.0,2025-08,2026-07
PIT,DCA,1384,204.0,2025-08,2026-07
PIT,DEN,1647,1290.0,2025-08,2026-07
PIT,DFW,1480,1067.0,2025-08,2026-07
PIT,DTW,973,201.0,2025-08,2026-07
PIT,EWR,1733,319.0,2025-08,2026-07
PIT,EYW,96,1102.0,2025-08,2026-07
PIT,FLL,1073,994.0,2025-08,2026-07
PIT,HOU,315,1131.0,2025-08,2026-07
PIT,IAD,1209,182.0,2025-08,2026-07
PIT,IAH,773,1117.0,2025-08,2026-07
PIT,JAX,139,694.0,2025-08,2026-07
PIT,JFK,1692,340.0,2025-08,2026-07
PIT,LAS,718,1910.0,2025-08,2026-07
PIT,LAX,423,2136.0,2025-08,2026-07
PIT,LGA,2867,335.0,2025-08,2026-07
PIT,MCO,2196,834.0,2025-08,2026-07
PIT,MDW,1106,402.0,2025-08,2026-07
PIT,MIA,703,1013.0,2025-08,2026-07
PIT,MLB,97,854.0,2025-08,2026-07
PIT,MSP,637,726.0,2025-08,2026-07
PIT,MYR,212,475.0,2025-08,2026-07
PIT,ORD,3915,413.0,2025-08,2026-07
PIT,PBI,143,952.0,2025-08,2026-07
PIT,PGD,176,941.0,2025-08,2026-07
PIT,PHL,1186,268.0,2025-08,2026-07
PIT,PHX,803,1814.0,2025-08,2026-07
PIT,PIE,164,878.0,2025-08,2026-07
PIT,RDU,712,328.0,2025-08,2026-07
PIT,RSW,479,966.0,2025-08,2026-07
PIT,SAN,35,2106.0,2025-08,2026-07
PIT,SAV,107,579.0,2025-08,2026-07
PIT,SDF,2,335.0,2025-08,2026-07
PIT,SEA,465,2125.0,2025-08,2026-07
PIT,SFB,168,810.0,2025-08,2026-07
PIT,SFO,552,2254.0,2025-08,2026-07
PIT,SLC,359,1660.0,2025-08,2026-07
PIT,SRQ,336,912.0,2025-08,2026-07
PIT,STL,498,554.0,2025-08,2026-07
PIT,TPA,817,873.0,2025-08,2026-07
PIT,VPS,88,775.0,2025-08,2026-07
PLN,DTW,567,243.0,2025-08,2026-07
PLN,ORD,206,293.0,2025-08,2026-07
PNS,ATL,2757,272.0,2025-08,2026-07
PNS,AUS,124,626.0,2025-08,2026-07
PNS,BNA,954,391.0,2025-08,2026-07
PNS,BWI,8,846.0,2025-08,2026-07
PNS,CLT,1848,488.0,2025-08,2026-07
PNS,DAL,488,592.0,2025-08,2026-07
PNS,DCA,1024,816.0,2025-08,2026-07
PNS,DEN,627,1179.0,2025-08,2026-07
PNS,DFW,1663,604.0,2025-08,2026-07
PNS,DTW,58,837.0,2025-08,2026-07
PNS,FLL,230,525.0,2025-08,2026-07
PNS,HOU,346,488.0,2025-08,2026-07
PNS,IAH,558,489.0,2025-08,2026-07
PNS,LGA,9,1030.0,2025-08,2026-07
PNS,MCI,190,743.0,2025-08,2026-07
PNS,MCO,270,381.0,2025-08,2026-07
PNS,MDW,124,781.0,2025-08,2026-07
PNS,MIA,1196,530.0,2025-08,2026-07
PNS,ORD,708,794.0,2025-08,2026-07
PNS,PHL,261,935.0,2025-08,2026-07
PNS,STL,215,598.0,2025-08,2026-07
PPG,HNL,112,2599.0,2025-08,2026-07
PQI,BOS,355,332.0,2025-08,2026-07
PRC,DEN,604,558.0,2025-08,2026-07
PRC,LAX,363,346.0,2025-08,2026-07
PSC,AZA,133,977.0,2025-08,2026-07
PSC,BUR,183,833.0,2025-08,2026-07
PSC,DEN,724,853.0,2025-08,2026-07
PSC,LAS,124,732.0,2025-08,2026-07
PSC,LAX,356,851.0,2025-08,2026-07
PSC,MSP,364,1254.0,2025-08,2026-07
PSC,PDX,52,174.0,2025-08,2026-07
PSC,PHX,693,962.0,2025-08,2026-07
PSC,SEA,1712,172.0,2025-08,2026-07
PSC,SFO,595,620.0,2025-08,2026-07
PSC,SLC,1176,521.0,2025-08,2026-07
PSC,SNA,48,871.0,2025-08,2026-07
PSE,FLL,20,1032.0,2025-08,2026-07
PSE,JFK,50,1617.0,2025-08,2026-07
PSE,MCO,609,1178.0,2025-08,2026-07
PSG,JNU,345,123.0,2025-08,2026-07
PSG,WRG,347,31.0,2025-08,2026-07
PSM,PGD,235,1279.0,2025-08,2026-07
PSM,PIE,43,1239.0,2025-08,2026-07
PSM,SFB,135,1144.0,2025-08,2026-07
PSM,SRQ,14,1266.0,2025-08,2026-07
PSP,ATL,184,1840.0,2025-08,2026-07
PSP,AUS,105,1132.0,2025-08,2026-07
PSP,BLI,106,1078.0,2025-08,2026-07
PSP,CLT,15,2020.0,2025-08,2026-07
PSP,DAL,3,1137.0,2025-08,2026-07
PSP,DEN,2011,776.0,2025-08,2026-07
PSP,DFW,965,1126.0,2025-08,2026-07
PSP,EWR,111,2358.0,2025-08,2026-07
PSP,IAD,93,2188.0,2025-08,2026-07
PSP,IAH,28,1269.0,2025-08,2026-07
PSP,JFK,210,2378.0,2025-08,2026-07
PSP,LAS,738,173.0,2025-08,2026-07
PSP,LAX,481,110.0,2025-08,2026-07
PSP,MDW,26,1657.0,2025-08,2026-07
PSP,MSP,307,1454.0,2025-08,2026-07
PSP,OAK,466,418.0,2025-08,2026-07
PSP,ORD,767,1651.0,2025-08,2026-07
PSP,PDX,724,873.0,2025-08,2026-07
PSP,PHX,1431,261.0,2025-08,2026-07
PSP,SEA,1629,987.0,2025-08,2026-07
PSP,SFO,2544,421.0,2025-08,2026-07
PSP,SJC,198,390.0,2025-08,2026-07
PSP,SLC,1074,541.0,2025-08,2026-07
PSP,SMF,519,439.0,2025-08,2026-07
PSP,STS,140,478.0,2025-08,2026-07
PVD,ATL,1103,903.0,2025-08,2026-07
PVD,BNA,375,906.0,2025-08,2026-07
PVD,BWI,1832,327.0,2025-08,2026-07
PVD,CLT,1424,684.0,2025-08,2026-07
PVD,DAL,8,1521.0,2025-08,2026-07
PVD,DCA,2318,356.0,2025-08,2026-07
PVD,DEN,155,1737.0,2025-08,2026-07
PVD,DTW,800,615.0,2025-08,2026-07
PVD,FLL,529,1188.0,2025-08,2026-07
PVD,IAD,69,371.0,2025-08,2026-07
PVD,JFK,352,144.0,2025-08,2026-07
PVD,MCO,1563,1072.0,2025-08,2026-07
PVD,MDW,765,842.0,2025-08,2026-07
PVD,MSP,94,1117.0,2025-08,2026-07
PVD,ORD,1615,849.0,2025-08,2026-07
PVD,PBI,413,1148.0,2025-08,2026-07
PVD,PGD,141,1184.0,2025-08,2026-07
PVD,PHL,666,237.0,2025-08,2026-07
PVD,RSW,175,1200.0,2025-08,2026-07
PVD,SFO,2,2691.0,2025-08,2026-07
PVD,SJC,1,2675.0,2025-08,2026-07
PVD,SJU,295,1636.0,2025-08,2026-07
PVD,TPA,463,1136.0,2025-08,2026-07
PVU,AUS,107,1051.0,2025-08,2026-07
PVU,AZA,704,477.0,2025-08,2026-07
PVU,BNA,95,1388.0,2025-08,2026-07
PVU,BUR,59,553.0,2025-08,2026-07
PVU,DFW,714,958.0,2025-08,2026-07
PVU,HOU,122,1181.0,2025-08,2026-07
PVU,MDW,23,1254.0,2025-08,2026-07
PVU,PDX,78,664.0,2025-08,2026-07
PVU,PHX,279,468.0,2025-08,2026-07
PVU,SAN,10,599.0,2025-08,2026-07
PVU,SFB,15,1898.0,2025-08,2026-07
PVU,SNA,407,565.0,2025-08,2026-07
PWM,ATL,635,1027.0,2025-08,2026-07
PWM,BNA,158,1010.0,2025-08,2026-07
PWM,BWI,1330,452.0,2025-08,2026-07
PWM,CLT,700,813.0,2025-08,2026-07
PWM,DCA,1116,482.0,2025-08,2026-07
PWM,DEN,214,1782.0,2025-08,2026-07
PWM,DFW,145,1622.0,2025-08,2026-07
PWM,DTW,607,668.0,2025-08,2026-07
PWM,EWR,1042,284.0,2025-08,2026-07
PWM,FLL,10,1332.0,2025-08,2026-07
PWM,IAD,670,493.0,2025-08,2026-07
PWM,IAH,13,1667.0,2025-08,2026-07
PWM,JFK,379,273.0,2025-08,2026-07
PWM,LAX,5,2642.0,2025-08,2026-07
PWM,LGA,1130,269.0,2025-08,2026-07
PWM,MCO,92,1214.0,2025-08,2026-07
PWM,MDW,151,895.0,2025-08,2026-07
PWM,MSP,143,1136.0,2025-08,2026-07
PWM,ORD,1442,900.0,2025-08,2026-07
PWM,PHL,653,364.0,2025-08,2026-07
PWM,SFO,5,2723.0,2025-08,2026-07
RAP,ATL,23,1231.0,2025-08,2026-07
RAP,AZA,197,873.0,2025-08,2026-07
RAP,CLT,133,1322.0,2025-08,2026-07
RAP,DEN,2835,301.0,2025-08,2026-07
RAP,DFW,987,835.0,2025-08,2026-07
RAP,IAH,10,1058.0,2025-08,2026-07
RAP,LAS,111,843.0,2025-08,2026-07
RAP,MSP,534,490.0,2025-08,2026-07
RAP,ORD,680,780.0,2025-08,2026-07
RAP,PHX,58,876.0,2025-08,2026-07
RAP,SFB,30,1600.0,2025-08,2026-07
RDD,DEN,331,932.0,2025-08,2026-07
RDD,LAX,334,501.0,2025-08,2026-07
RDD,SEA,112,479.0,2025-08,2026-07
RDD,SFO,862,199.0,2025-08,2026-07
RDM,BUR,276,709.0,2025-08,2026-07
RDM,DEN,721,898.0,2025-08,2026-07
RDM,DFW,32,1514.0,2025-08,2026-07
RDM,LAX,451,726.0,2025-08,2026-07
RDM,PDX,263,116.0,2025-08,2026-07
RDM,PHX,835,893.0,2025-08,2026-07
RDM,SAN,138,823.0,2025-08,2026-07
RDM,SEA,1874,228.0,2025-08,2026-07
RDM,SFO,1292,462.0,2025-08,2026-07
RDM,SLC,723,525.0,2025-08,2026-07
RDU,ATL,4558,356.0,2025-08,2026-07
RDU,AUS,518,1162.0,2025-08,2026-07
RDU,BNA,2184,442.0,2025-08,2026-07
RDU,BOS,2748,612.0,2025-08,2026-07
RDU,BUF,105,487.0,2025-08,2026-07
RDU,BWI,1751,256.0,2025-08,2026-07
RDU,CLE,205,416.0,2025-08,2026-07
RDU,CLT,2995,130.0,2025-08,2026-07
RDU,DAL,417,1052.0,2025-08,2026-07
RDU,DCA,1904,227.0,2025-08,2026-07
RDU,DEN,1730,1436.0,2025-08,2026-07
RDU,DFW,2202,1061.0,2025-08,2026-07
RDU,DTW,1477,501.0,2025-08,2026-07
RDU,EWR,1924,416.0,2025-08,2026-07
RDU,FLL,1321,680.0,2025-08,2026-07
RDU,HOU,351,1050.0,2025-08,2026-07
RDU,IAD,1285,225.0,2025-08,2026-07
RDU,IAH,913,1042.0,2025-08,2026-07
RDU,IND,38,489.0,2025-08,2026-07
RDU,JFK,2232,427.0,2025-08,2026-07
RDU,LAS,608,2026.0,2025-08,2026-07
RDU,LAX,785,2239.0,2025-08,2026-07
RDU,LGA,2451,431.0,2025-08,2026-07
RDU,MCI,46,904.0,2025-08,2026-07
RDU,MCO,2657,534.0,2025-08,2026-07
RDU,MDW,942,632.0,2025-08,2026-07
RDU,MIA,2318,700.0,2025-08,2026-07
RDU,MSP,1212,980.0,2025-08,2026-07
RDU,MSY,51,779.0,2025-08,2026-07
RDU,ORD,3548,646.0,2025-08,2026-07
RDU,PHL,2516,337.0,2025-08,2026-07
RDU,PHX,825,1891.0,2025-08,2026-07
RDU,PIT,707,328.0,2025-08,2026-07
RDU,SAN,100,2193.0,2025-08,2026-07
RDU,SDF,1,416.0,2025-08,2026-07
RDU,SEA,904,2354.0,2025-08,2026-07
RDU,SFO,882,2400.0,2025-08,2026-07
RDU,SJU,458,1432.0,2025-08,2026-07
RDU,SLC,378,1824.0,2025-08,2026-07
RDU,STL,653,668.0,2025-08,2026-07
RDU,SYR,24,519.0,2025-08,2026-07
RDU,TPA,1262,587.0,2025-08,2026-07
RFD,AZA,184,1373.0,2025-08,2026-07
RFD,BNA,46,438.0,2025-08,2026-07
RFD,FLL,49,1222.0,2025-08,2026-07
RFD,LAS,104,1455.0,2025-08,2026-07
RFD,PGD,219,1127.0,2025-08,2026-07
RFD,PIE,131,1049.0,2025-08,2026-07
RFD,SFB,153,1025.0,2025-08,2026-07
RFD,SRQ,96,1085.0,2025-08,2026-07
RHI,MSP,706,190.0,2025-08,2026-07
RHI,ORD,146,264.0,2025-08,2026-07
RIC,ATL,2618,481.0,2025-08,2026-07
RIC,BNA,465,527.0,2025-08,2026-07
RIC,BOS,1639,473.0,2025-08,2026-07
RIC,BWI,717,120.0,2025-08,2026-07
RIC,CLT,2422,257.0,2025-08,2026-07
RIC,DEN,784,1481.0,2025-08,2026-07
RIC,DFW,1052,1158.0,2025-08,2026-07
RIC,DTW,644,455.0,2025-08,2026-07
RIC,EWR,524,277.0,2025-08,2026-07
RIC,FLL,777,806.0,2025-08,2026-07
RIC,IAD,98,100.0,2025-08,2026-07
RIC,IAH,76,1157.0,2025-08,2026-07
RIC,JFK,63,288.0,2025-08,2026-07
RIC,LGA,2148,291.0,2025-08,2026-07
RIC,MCO,1164,667.0,2025-08,2026-07
RIC,MDW,409,629.0,2025-08,2026-07
RIC,MIA,573,826.0,2025-08,2026-07
RIC,MSP,85,969.0,2025-08,2026-07
RIC,ORD,2130,642.0,2025-08,2026-07
RIC,PHL,133,198.0,2025-08,2026-07
RIC,PIE,96,732.0,2025-08,2026-07
RIC,SFB,14,643.0,2025-08,2026-07
RIC,SJU,54,1482.0,2025-08,2026-07
RIW,CPR,1,102.0,2025-08,2026-07
RIW,DEN,726,296.0,2025-08,2026-07
RKS,DEN,726,260.0,2025-08,2026-07
RNO,ATL,304,1993.0,2025-08,2026-07
RNO,AUS,192,1405.0,2025-08,2026-07
RNO,BUR,422,374.0,2025-08,2026-07
RNO,DAL,99,1356.0,2025-08,2026-07
RNO,DEN,2460,804.0,2025-08,2026-07
RNO,DFW,1224,1345.0,2025-08,2026-07
RNO,EWR,3,2390.0,2025-08,2026-07
RNO,FLL,3,2461.0,2025-08,2026-07
RNO,IAH,49,1530.0,2025-08,2026-07
RNO,JFK,138,2411.0,2025-08,2026-07
RNO,LAS,4067,345.0,2025-08,2026-07
RNO,LAX,2466,390.0,2025-08,2026-07
RNO,LGB,687,402.0,2025-08,2026-07
RNO,MDW,102,1680.0,2025-08,2026-07
RNO,MSP,93,1405.0,2025-08,2026-07
RNO,OAK,4,181.0,2025-08,2026-07
RNO,ORD,355,1671.0,2025-08,2026-07
RNO,PDX,307,444.0,2025-08,2026-07
RNO,PHX,2429,601.0,2025-08,2026-07
RNO,SAN,1193,488.0,2025-08,2026-07
RNO,SEA,894,564.0,2025-08,2026-07
RNO,SFO,1901,192.0,2025-08,2026-07
RNO,SJC,242,188.0,2025-08,2026-07
RNO,SLC,1196,422.0,2025-08,2026-07
ROA,ATL,423,357.0,2025-08,2026-07
ROA,CLT,41,155.0,2025-08,2026-07
ROA,DFW,55,1012.0,2025-08,2026-07
ROA,LGA,326,405.0,2025-08,2026-07
ROA,ORD,854,530.0,2025-08,2026-07
ROA,PIE,111,668.0,2025-08,2026-07
ROA,SFB,115,594.0,2025-08,2026-07
ROA,SRQ,75,701.0,2025-08,2026-07
ROC,ATL,1016,749.0,2025-08,2026-07
ROC,BOS,373,343.0,2025-08,2026-07
ROC,BWI,1092,277.0,2025-08,2026-07
ROC,CLT,978,573.0,2025-08,2026-07
ROC,DCA,975,296.0,2025-08,2026-07
ROC,DTW,470,296.0,2025-08,2026-07
ROC,EWR,567,246.0,2025-08,2026-07
ROC,FLL,55,1183.0,2025-08,2026-07
ROC,IAD,152,287.0,2025-08,2026-07
ROC,JFK,577,264.0,2025-08,2026-07
ROC,LAS,148,2040.0,2025-08,2026-07
ROC,LGA,117,254.0,2025-08,2026-07
ROC,MCO,498,1033.0,2025-08,2026-07
ROC,MDW,488,523.0,2025-08,2026-07
ROC,MIA,22,1203.0,2025-08,2026-07
ROC,MYR,8,655.0,2025-08,2026-07
ROC,ORD,2298,528.0,2025-08,2026-07
ROC,PGD,70,1143.0,2025-08,2026-07
ROC,PHL,1,257.0,2025-08,2026-07
ROC,RSW,3,1166.0,2025-08,2026-07
ROC,SRQ,40,1118.0,2025-08,2026-07
ROC,TPA,55,1079.0,2025-08,2026-07
ROW,DEN,327,452.0,2025-08,2026-07
ROW,DFW,807,435.0,2025-08,2026-07
RST,MSP,304,76.0,2025-08,2026-07
RST,ORD,1007,268.0,2025-08,2026-07
RSW,ABE,73,1038.0,2025-08,2026-07
RSW,ACY,279,982.0,2025-08,2026-07
RSW,ALB,11,1204.0,2025-08,2026-07
RSW,ATL,2768,515.0,2025-08,2026-07
RSW,ATW,51,1279.0,2025-08,2026-07
RSW,AUS,5,1001.0,2025-08,2026-07
RSW,BDL,278,1180.0,2025-08,2026-07
RSW,BNA,800,722.0,2025-08,2026-07
RSW,BOS,2132,1249.0,2025-08,2026-07
RSW,BUF,131,1144.0,2025-08,2026-07
RSW,BWI,1382,919.0,2025-08,2026-07
RSW,CLE,921,1025.0,2025-08,2026-07
RSW,CLT,1749,600.0,2025-08,2026-07
RSW,CMH,642,930.0,2025-08,2026-07
RSW,CVG,663,879.0,2025-08,2026-07
RSW,DAL,122,1005.0,2025-08,2026-07
RSW,DCA,811,892.0,2025-08,2026-07
RSW,DEN,1149,1607.0,2025-08,2026-07
RSW,DFW,1304,1017.0,2025-08,2026-07
RSW,DSM,52,1236.0,2025-08,2026-07
RSW,DTW,1765,1084.0,2025-08,2026-07
RSW,EWR,1947,1068.0,2025-08,2026-07
RSW,GRR,21,1147.0,2025-08,2026-07
RSW,HOU,14,852.0,2025-08,2026-07
RSW,HPN,590,1102.0,2025-08,2026-07
RSW,IAD,462,891.0,2025-08,2026-07
RSW,IAH,872,861.0,2025-08,2026-07
RSW,IND,803,945.0,2025-08,2026-07
RSW,ISP,106,1101.0,2025-08,2026-07
RSW,JFK,1222,1074.0,2025-08,2026-07
RSW,LAX,45,2238.0,2025-08,2026-07
RSW,LGA,855,1080.0,2025-08,2026-07
RSW,MCI,217,1155.0,2025-08,2026-07
RSW,MCO,601,133.0,2025-08,2026-07
RSW,MDW,1143,1105.0,2025-08,2026-07
RSW,MHT,81,1271.0,2025-08,2026-07
RSW,MKE,375,1183.0,2025-08,2026-07
RSW,MSP,1195,1416.0,2025-08,2026-07
RSW,ORD,3179,1120.0,2025-08,2026-07
RSW,ORH,110,1220.0,2025-08,2026-07
RSW,PHL,1289,993.0,2025-08,2026-07
RSW,PHX,71,1868.0,2025-08,2026-07
RSW,PIT,481,966.0,2025-08,2026-07
RSW,PVD,174,1200.0,2025-08,2026-07
RSW,ROC,3,1166.0,2025-08,2026-07
RSW,SDF,12,835.0,2025-08,2026-07
RSW,SEA,44,2623.0,2025-08,2026-07
RSW,SFO,51,2481.0,2025-08,2026-07
RSW,SLC,116,1985.0,2025-08,2026-07
RSW,STL,1000,979.0,2025-08,2026-07
RSW,TTN,7,1028.0,2025-08,2026-07
SAF,DEN,1635,303.0,2025-08,2026-07
SAF,DFW,1712,551.0,2025-08,2026-07
SAF,IAH,3,735.0,2025-08,2026-07
SAF,LAX,298,710.0,2025-08,2026-07
SAF,ORD,101,1072.0,2025-08,2026-07
SAF,PHX,513,370.0,2025-08,2026-07
SAN,ABQ,681,628.0,2025-08,2026-07
SAN,ANC,25,2452.0,2025-08,2026-07
SAN,ATL,2362,1892.0,2025-08,2026-07
SAN,AUS,2552,1164.0,2025-08,2026-07
SAN,BLI,4,1142.0,2025-08,2026-07
SAN,BNA,1082,1751.0,2025-08,2026-07
SAN,BOI,1027,749.0,2025-08,2026-07
SAN,BOS,1819,2588.0,2025-08,2026-07
SAN,BWI,1142,2295.0,2025-08,2026-07
SAN,BZN,106,956.0,2025-08,2026-07
SAN,CLT,1381,2077.0,2025-08,2026-07
SAN,CMH,192,1964.0,2025-08,2026-07
SAN,COS,169,816.0,2025-08,2026-07
SAN,DAL,1545,1182.0,2025-08,2026-07
SAN,DCA,360,2276.0,2025-08,2026-07
SAN,DEN,5977,853.0,2025-08,2026-07
SAN,DFW,3571,1171.0,2025-08,2026-07
SAN,DSM,6,1428.0,2025-08,2026-07
SAN,DTW,1277,1956.0,2025-08,2026-07
SAN,EGE,46,745.0,2025-08,2026-07
SAN,ELP,359,636.0,2025-08,2026-07
SAN,EUG,469,850.0,2025-08,2026-07
SAN,EWR,1526,2425.0,2025-08,2026-07
SAN,FAT,1737,314.0,2025-08,2026-07
SAN,FCA,11,1086.0,2025-08,2026-07
SAN,FLL,171,2269.0,2025-08,2026-07
SAN,GEG,416,1027.0,2025-08,2026-07
SAN,HDN,51,769.0,2025-08,2026-07
SAN,HNL,1746,2614.0,2025-08,2026-07
SAN,HOU,958,1313.0,2025-08,2026-07
SAN,IAD,1392,2253.0,2025-08,2026-07
SAN,IAH,1690,1303.0,2025-08,2026-07
SAN,IND,276,1782.0,2025-08,2026-07
SAN,JAC,90,828.0,2025-08,2026-07
SAN,JFK,2346,2446.0,2025-08,2026-07
SAN,KOA,363,2556.0,2025-08,2026-07
SAN,LAS,5536,258.0,2025-08,2026-07
SAN,LAX,2424,109.0,2025-08,2026-07
SAN,LIH,282,2676.0,2025-08,2026-07
SAN,MCI,382,1334.0,2025-08,2026-07
SAN,MCO,1086,2149.0,2025-08,2026-07
SAN,MDW,1082,1728.0,2025-08,2026-07
SAN,MFR,138,734.0,2025-08,2026-07
SAN,MIA,640,2267.0,2025-08,2026-07
SAN,MKE,193,1739.0,2025-08,2026-07
SAN,MRY,518,375.0,2025-08,2026-07
SAN,MSO,3,992.0,2025-08,2026-07
SAN,MSP,1293,1532.0,2025-08,2026-07
SAN,MSY,339,1600.0,2025-08,2026-07
SAN,OAK,3172,446.0,2025-08,2026-07
SAN,OGG,871,2540.0,2025-08,2026-07
SAN,OMA,73,1313.0,2025-08,2026-07
SAN,ORD,3818,1723.0,2025-08,2026-07
SAN,PDX,1758,933.0,2025-08,2026-07
SAN,PHL,1031,2370.0,2025-08,2026-07
SAN,PHX,5883,304.0,2025-08,2026-07
SAN,PIT,35,2106.0,2025-08,2026-07
SAN,PVU,10,599.0,2025-08,2026-07
SAN,RDM,137,823.0,2025-08,2026-07
SAN,RDU,101,2193.0,2025-08,2026-07
SAN,RNO,1188,488.0,2025-08,2026-07
SAN,SAT,606,1129.0,2025-08,2026-07
SAN,SBA,96,192.0,2025-08,2026-07
SAN,SBP,445,263.0,2025-08,2026-07
SAN,SEA,4524,1050.0,2025-08,2026-07
SAN,SFO,6574,447.0,2025-08,2026-07
SAN,SJC,4916,417.0,2025-08,2026-07
SAN,SLC,2990,626.0,2025-08,2026-07
SAN,SMF,5130,480.0,2025-08,2026-07
SAN,STL,472,1557.0,2025-08,2026-07
SAN,STS,979,508.0,2025-08,2026-07
SAN,TPA,639,2087.0,2025-08,2026-07
SAN,TUS,652,367.0,2025-08,2026-07
SAT,ABQ,9,609.0,2025-08,2026-07
SAT,ATL,2948,874.0,2025-08,2026-07
SAT,BNA,947,822.0,2025-08,2026-07
SAT,BOS,348,1764.0,2025-08,2026-07
SAT,BUR,4,1211.0,2025-08,2026-07
SAT,BWI,719,1407.0,2025-08,2026-07
SAT,CLT,1354,1095.0,2025-08,2026-07
SAT,CMH,1,1139.0,2025-08,2026-07
SAT,COS,19,732.0,2025-08,2026-07
SAT,DAL,2712,247.0,2025-08,2026-07
SAT,DCA,343,1380.0,2025-08,2026-07
SAT,DEN,3027,794.0,2025-08,2026-07
SAT,DFW,4236,247.0,2025-08,2026-07
SAT,DTW,937,1214.0,2025-08,2026-07
SAT,ELP,746,496.0,2025-08,2026-07
SAT,EWR,569,1569.0,2025-08,2026-07
SAT,FLL,214,1145.0,2025-08,2026-07
SAT,HOU,1343,192.0,2025-08,2026-07
SAT,IAD,637,1362.0,2025-08,2026-07
SAT,IAH,2391,191.0,2025-08,2026-07
SAT,JFK,346,1587.0,2025-08,2026-07
SAT,LAS,2030,1069.0,2025-08,2026-07
SAT,LAX,1838,1211.0,2025-08,2026-07
SAT,MCI,270,706.0,2025-08,2026-07
SAT,MCO,1037,1041.0,2025-08,2026-07
SAT,MDW,654,1036.0,2025-08,2026-07
SAT,MIA,479,1143.0,2025-08,2026-07
SAT,MSP,882,1097.0,2025-08,2026-07
SAT,MSY,345,495.0,2025-08,2026-07
SAT,OKC,89,407.0,2025-08,2026-07
SAT,ORD,1933,1041.0,2025-08,2026-07
SAT,PHL,260,1496.0,2025-08,2026-07
SAT,PHX,2498,843.0,2025-08,2026-07
SAT,SAN,608,1129.0,2025-08,2026-07
SAT,SEA,551,1774.0,2025-08,2026-07
SAT,SFO,432,1482.0,2025-08,2026-07
SAT,SJU,53,2181.0,2025-08,2026-07
SAT,SLC,1000,1087.0,2025-08,2026-07
SAT,STL,548,786.0,2025-08,2026-07
SAT,TPA,373,972.0,2025-08,2026-07
SAV,ATL,2985,215.0,2025-08,2026-07
SAV,ATW,31,926.0,2025-08,2026-07
SAV,BLV,13,658.0,2025-08,2026-07
SAV,BNA,897,417.0,2025-08,2026-07
SAV,BOS,1014,901.0,2025-08,2026-07
SAV,BWI,979,548.0,2025-08,2026-07
SAV,CAK,160,606.0,2025-08,2026-07
SAV,CLT,2014,213.0,2025-08,2026-07
SAV,CVG,191,515.0,2025-08,2026-07
SAV,DAL,327,915.0,2025-08,2026-07
SAV,DCA,1056,519.0,2025-08,2026-07
SAV,DEN,371,1414.0,2025-08,2026-07
SAV,DFW,999,925.0,2025-08,2026-07
SAV,DTW,587,705.0,2025-08,2026-07
SAV,EWR,1073,708.0,2025-08,2026-07
SAV,FLL,94,422.0,2025-08,2026-07
SAV,GRR,26,778.0,2025-08,2026-07
SAV,HOU,177,853.0,2025-08,2026-07
SAV,IAD,203,516.0,2025-08,2026-07
SAV,IND,35,596.0,2025-08,2026-07
SAV,JFK,602,717.0,2025-08,2026-07
SAV,LCK,139,539.0,2025-08,2026-07
SAV,LGA,552,722.0,2025-08,2026-07
SAV,MCI,7,905.0,2025-08,2026-07
SAV,MDW,387,758.0,2025-08,2026-07
SAV,MIA,777,440.0,2025-08,2026-07
SAV,MSP,326,1092.0,2025-08,2026-07
SAV,ORD,1539,773.0,2025-08,2026-07
SAV,PHL,957,630.0,2025-08,2026-07
SAV,PIE,1,304.0,2025-08,2026-07
SAV,PIT,107,579.0,2025-08,2026-07
SAV,SDF,21,489.0,2025-08,2026-07
SAV,STL,91,689.0,2025-08,2026-07
SBA,ATL,166,2022.0,2025-08,2026-07
SBA,DEN,1066,916.0,2025-08,2026-07
SBA,DFW,358,1316.0,2025-08,2026-07
SBA,LAS,880,289.0,2025-08,2026-07
SBA,LAX,680,89.0,2025-08,2026-07
SBA,OAK,299,263.0,2025-08,2026-07
SBA,ORD,117,1803.0,2025-08,2026-07
SBA,PDX,29,784.0,2025-08,2026-07
SBA,PHX,1415,455.0,2025-08,2026-07
SBA,SAN,95,192.0,2025-08,2026-07
SBA,SEA,360,908.0,2025-08,2026-07
SBA,SFO,1621,262.0,2025-08,2026-07
SBA,SLC,1050,615.0,2025-08,2026-07
SBA,SMF,363,310.0,2025-08,2026-07
SBN,ATL,1007,566.0,2025-08,2026-07
SBN,AZA,147,1501.0,2025-08,2026-07
SBN,BOI,3,1521.0,2025-08,2026-07
SBN,CLT,994,534.0,2025-08,2026-07
SBN,DCA,15,528.0,2025-08,2026-07
SBN,DFW,961,846.0,2025-08,2026-07
SBN,DTW,703,157.0,2025-08,2026-07
SBN,EWR,7,637.0,2025-08,2026-07
SBN,FLL,97,1134.0,2025-08,2026-07
SBN,HOU,1,971.0,2025-08,2026-07
SBN,IAD,94,504.0,2025-08,2026-07
SBN,IAH,2,953.0,2025-08,2026-07
SBN,LAS,104,1594.0,2025-08,2026-07
SBN,LAX,1,1823.0,2025-08,2026-07
SBN,LGA,14,651.0,2025-08,2026-07
SBN,MSP,360,411.0,2025-08,2026-07
SBN,ORD,2630,84.0,2025-08,2026-07
SBN,PGD,235,1049.0,2025-08,2026-07
SBN,PIE,151,973.0,2025-08,2026-07
SBN,SFB,247,936.0,2025-08,2026-07
SBN,SRQ,109,1009.0,2025-08,2026-07
SBN,SYR,1,531.0,2025-08,2026-07
SBN,TYS,10,426.0,2025-08,2026-07
SBP,DEN,720,931.0,2025-08,2026-07
SBP,DFW,355,1360.0,2025-08,2026-07
SBP,LAS,115,314.0,2025-08,2026-07
SBP,LAX,632,155.0,2025-08,2026-07
SBP,PDX,84,722.0,2025-08,2026-07
SBP,PHX,1246,509.0,2025-08,2026-07
SBP,SAN,449,263.0,2025-08,2026-07
SBP,SEA,217,847.0,2025-08,2026-07
SBP,SFO,1131,191.0,2025-08,2026-07
SCC,ANC,500,626.0,2025-08,2026-07
SCE,IAD,28,132.0,2025-08,2026-07
SCE,ORD,539,528.0,2025-08,2026-07
SCE,PHL,10,153.0,2025-08,2026-07
SCK,DEN,9,902.0,2025-08,2026-07
SCK,LAS,397,359.0,2025-08,2026-07
SCK,PHX,119,603.0,2025-08,2026-07
SDF,ATL,2674,321.0,2025-08,2026-07
SDF,AUS,5,876.0,2025-08,2026-07
SDF,BNA,500,151.0,2025-08,2026-07
SDF,BOS,693,829.0,2025-08,2026-07
SDF,BWI,874,495.0,2025-08,2026-07
SDF,CLT,1720,335.0,2025-08,2026-07
SDF,DAL,348,725.0,2025-08,2026-07
SDF,DCA,986,474.0,2025-08,2026-07
SDF,DEN,1086,1024.0,2025-08,2026-07
SDF,DFW,1932,733.0,2025-08,2026-07
SDF,DTW,1118,306.0,2025-08,2026-07
SDF,EWR,949,642.0,2025-08,2026-07
SDF,FLL,282,895.0,2025-08,2026-07
SDF,GUF,21,555.0,2025-08,2026-07
SDF,HOU,281,803.0,2025-08,2026-07
SDF,IAD,235,451.0,2025-08,2026-07
SDF,IAH,5,788.0,2025-08,2026-07
SDF,JAX,1,577.0,2025-08,2026-07
SDF,JFK,5,662.0,2025-08,2026-07
SDF,LAS,396,1624.0,2025-08,2026-07
SDF,LAX,52,1843.0,2025-08,2026-07
SDF,LGA,994,659.0,2025-08,2026-07
SDF,MCI,1,491.0,2025-08,2026-07
SDF,MCO,840,719.0,2025-08,2026-07
SDF,MDW,960,271.0,2025-08,2026-07
SDF,MIA,422,910.0,2025-08,2026-07
SDF,MSP,521,604.0,2025-08,2026-07
SDF,MSY,1,620.0,2025-08,2026-07
SDF,MYR,9,491.0,2025-08,2026-07
SDF,ORD,2716,286.0,2025-08,2026-07
SDF,PBI,1,857.0,2025-08,2026-07
SDF,PGD,153,806.0,2025-08,2026-07
SDF,PHL,596,577.0,2025-08,2026-07
SDF,PHX,368,1506.0,2025-08,2026-07
SDF,PIE,109,729.0,2025-08,2026-07
SDF,PIT,2,335.0,2025-08,2026-07
SDF,RDU,1,416.0,2025-08,2026-07
SDF,RSW,12,835.0,2025-08,2026-07
SDF,SAV,21,489.0,2025-08,2026-07
SDF,SFB,125,698.0,2025-08,2026-07
SDF,SFO,2,1990.0,2025-08,2026-07
SDF,SLC,2,1409.0,2025-08,2026-07
SDF,SNA,1,1819.0,2025-08,2026-07
SDF,SRQ,80,765.0,2025-08,2026-07
SDF,TPA,398,727.0,2025-08,2026-07
SDF,VPS,130,532.0,2025-08,2026-07
SEA,ABQ,545,1180.0,2025-08,2026-07
SEA,ACV,111,456.0,2025-08,2026-07
SEA,ANC,6604,1448.0,2025-08,2026-07
SEA,ATL,3258,2182.0,2025-08,2026-07
SEA,AUS,2050,1770.0,2025-08,2026-07
SEA,BLI,1188,93.0,2025-08,2026-07
SEA,BNA,1463,1978.0,2025-08,2026-07
SEA,BOI,3872,399.0,2025-08,2026-07
SEA,BOS,2469,2496.0,2025-08,2026-07
SEA,BUR,1586,937.0,2025-08,2026-07
SEA,BWI,716,2335.0,2025-08,2026-07
SEA,BZN,1567,543.0,2025-08,2026-07
SEA,CHS,346,2415.0,2025-08,2026-07
SEA,CLE,452,2021.0,2025-08,2026-07
SEA,CLT,1280,2279.0,2025-08,2026-07
SEA,CMH,462,2016.0,2025-08,2026-07
SEA,CVG,786,1965.0,2025-08,2026-07
SEA,DAL,219,1670.0,2025-08,2026-07
SEA,DCA,1076,2329.0,2025-08,2026-07
SEA,DEN,6278,1024.0,2025-08,2026-07
SEA,DFW,5130,1660.0,2025-08,2026-07
SEA,DTW,2044,1927.0,2025-08,2026-07
SEA,EGE,37,940.0,2025-08,2026-07
SEA,EUG,1905,234.0,2025-08,2026-07
SEA,EWR,2220,2402.0,2025-08,2026-07
SEA,FAI,2273,1533.0,2025-08,2026-07
SEA,FAT,917,748.0,2025-08,2026-07
SEA,FCA,48,379.0,2025-08,2026-07
SEA,FLL,820,2717.0,2025-08,2026-07
SEA,GEG,5013,224.0,2025-08,2026-07
SEA,GTF,105,512.0,2025-08,2026-07
SEA,HDN,43,891.0,2025-08,2026-07
SEA,HLN,10,491.0,2025-08,2026-07
SEA,HNL,2906,2677.0,2025-08,2026-07
SEA,HOU,120,1894.0,2025-08,2026-07
SEA,IAD,1841,2305.0,2025-08,2026-07
SEA,IAH,2081,1874.0,2025-08,2026-07
SEA,IDA,366,566.0,2025-08,2026-07
SEA,IND,558,1866.0,2025-08,2026-07
SEA,JAC,203,621.0,2025-08,2026-07
SEA,JAX,1,2442.0,2025-08,2026-07
SEA,JFK,2821,2422.0,2025-08,2026-07
SEA,JNU,1570,909.0,2025-08,2026-07
SEA,KOA,1404,2688.0,2025-08,2026-07
SEA,KTN,1301,680.0,2025-08,2026-07
SEA,LAS,5574,867.0,2025-08,2026-07
SEA,LAX,7391,954.0,2025-08,2026-07
SEA,LIH,1086,2700.0,2025-08,2026-07
SEA,LWS,363,262.0,2025-08,2026-07
SEA,MCI,1121,1490.0,2025-08,2026-07
SEA,MCO,1807,2554.0,2025-08,2026-07
SEA,MDW,675,1733.0,2025-08,2026-07
SEA,MFR,1261,352.0,2025-08,2026-07
SEA,MIA,1199,2724.0,2025-08,2026-07
SEA,MKE,508,1694.0,2025-08,2026-07
SEA,MRY,41,750.0,2025-08,2026-07
SEA,MSO,621,389.0,2025-08,2026-07
SEA,MSP,2662,1399.0,2025-08,2026-07
SEA,MSY,625,2086.0,2025-08,2026-07
SEA,OAK,1882,672.0,2025-08,2026-07
SEA,OGG,1801,2639.0,2025-08,2026-07
SEA,OKC,424,1519.0,2025-08,2026-07
SEA,OMA,510,1368.0,2025-08,2026-07
SEA,ONT,2478,956.0,2025-08,2026-07
SEA,ORD,5479,1721.0,2025-08,2026-07
SEA,PDX,4780,129.0,2025-08,2026-07
SEA,PHL,1367,2379.0,2025-08,2026-07
SEA,PHX,7174,1107.0,2025-08,2026-07
SEA,PIT,467,2125.0,2025-08,2026-07
SEA,PSC,1708,172.0,2025-08,2026-07
SEA,PSP,1637,987.0,2025-08,2026-07
SEA,RDD,113,479.0,2025-08,2026-07
SEA,RDM,1875,228.0,2025-08,2026-07
SEA,RDU,909,2354.0,2025-08,2026-07
SEA,RNO,893,564.0,2025-08,2026-07
SEA,RSW,44,2623.0,2025-08,2026-07
SEA,SAN,4549,1050.0,2025-08,2026-07
SEA,SAT,553,1774.0,2025-08,2026-07
SEA,SBA,360,908.0,2025-08,2026-07
SEA,SBP,218,847.0,2025-08,2026-07
SEA,SFO,6716,679.0,2025-08,2026-07
SEA,SIT,243,861.0,2025-08,2026-07
SEA,SJC,4359,696.0,2025-08,2026-07
SEA,SLC,4089,689.0,2025-08,2026-07
SEA,SMF,4365,605.0,2025-08,2026-07
SEA,SNA,3926,978.0,2025-08,2026-07
SEA,STL,880,1709.0,2025-08,2026-07
SEA,STS,419,618.0,2025-08,2026-07
SEA,SUN,38,475.0,2025-08,2026-07
SEA,TPA,970,2520.0,2025-08,2026-07
SEA,TUS,1060,1215.0,2025-08,2026-07
SEA,WRG,1,756.0,2025-08,2026-07
SFB,ABE,640,882.0,2025-08,2026-07
SFB,ACY,64,829.0,2025-08,2026-07
SFB,ALB,104,1049.0,2025-08,2026-07
SFB,ATW,251,1141.0,2025-08,2026-07
SFB,AUS,24,994.0,2025-08,2026-07
SFB,AVL,512,465.0,2025-08,2026-07
SFB,BGR,282,1299.0,2025-08,2026-07
SFB,BIS,15,1628.0,2025-08,2026-07
SFB,BLV,165,835.0,2025-08,2026-07
SFB,BMI,126,917.0,2025-08,2026-07
SFB,BNA,124,598.0,2025-08,2026-07
SFB,CAE,72,356.0,2025-08,2026-07
SFB,CAK,121,837.0,2025-08,2026-07
SFB,CHA,120,490.0,2025-08,2026-07
SFB,CID,165,1078.0,2025-08,2026-07
SFB,CKB,106,727.0,2025-08,2026-07
SFB,COU,17,936.0,2025-08,2026-07
SFB,CVG,350,735.0,2025-08,2026-07
SFB,DAY,80,785.0,2025-08,2026-07
SFB,DSM,203,1124.0,2025-08,2026-07
SFB,ELM,160,954.0,2025-08,2026-07
SFB,EVV,127,734.0,2025-08,2026-07
SFB,EYW,116,292.0,2025-08,2026-07
SFB,FAR,75,1508.0,2025-08,2026-07
SFB,FNT,321,988.0,2025-08,2026-07
SFB,FSD,110,1334.0,2025-08,2026-07
SFB,FWA,184,870.0,2025-08,2026-07
SFB,GRR,397,1001.0,2025-08,2026-07
SFB,GSP,132,426.0,2025-08,2026-07
SFB,HGR,121,780.0,2025-08,2026-07
SFB,HSV,49,519.0,2025-08,2026-07
SFB,HTS,143,665.0,2025-08,2026-07
SFB,IAG,42,996.0,2025-08,2026-07
SFB,ICT,75,1117.0,2025-08,2026-07
SFB,IND,224,807.0,2025-08,2026-07
SFB,LAS,21,2034.0,2025-08,2026-07
SFB,LCK,162,767.0,2025-08,2026-07
SFB,LEX,216,667.0,2025-08,2026-07
SFB,LIT,53,765.0,2025-08,2026-07
SFB,LSE,21,1180.0,2025-08,2026-07
SFB,MDT,277,827.0,2025-08,2026-07
SFB,MEM,91,671.0,2025-08,2026-07
SFB,MFE,110,1059.0,2025-08,2026-07
SFB,MLI,95,1018.0,2025-08,2026-07
SFB,OKC,22,1061.0,2025-08,2026-07
SFB,OMA,101,1195.0,2025-08,2026-07
SFB,ORF,4,631.0,2025-08,2026-07
SFB,PBG,140,1175.0,2025-08,2026-07
SFB,PIA,141,949.0,2025-08,2026-07
SFB,PIT,168,810.0,2025-08,2026-07
SFB,PSM,135,1144.0,2025-08,2026-07
SFB,PVU,15,1898.0,2025-08,2026-07
SFB,RAP,30,1600.0,2025-08,2026-07
SFB,RFD,153,1025.0,2025-08,2026-07
SFB,RIC,14,643.0,2025-08,2026-07
SFB,ROA,115,594.0,2025-08,2026-07
SFB,SBN,247,936.0,2025-08,2026-07
SFB,SDF,125,698.0,2025-08,2026-07
SFB,SGF,157,914.0,2025-08,2026-07
SFB,SHV,22,791.0,2025-08,2026-07
SFB,SWF,87,965.0,2025-08,2026-07
SFB,SYR,100,1029.0,2025-08,2026-07
SFB,TOL,112,895.0,2025-08,2026-07
SFB,TRI,134,535.0,2025-08,2026-07
SFB,TUL,109,995.0,2025-08,2026-07
SFB,TVC,93,1127.0,2025-08,2026-07
SFB,TYS,635,511.0,2025-08,2026-07
SFB,USA,193,457.0,2025-08,2026-07
SFB,XNA,134,920.0,2025-08,2026-07
SFO,ABQ,711,896.0,2025-08,2026-07
SFO,ACV,1259,250.0,2025-08,2026-07
SFO,ANC,295,2018.0,2025-08,2026-07
SFO,ASE,369,848.0,2025-08,2026-07
SFO,ATL,3320,2139.0,2025-08,2026-07
SFO,AUS,2787,1504.0,2025-08,2026-07
SFO,BFL,577,238.0,2025-08,2026-07
SFO,BIH,224,221.0,2025-08,2026-07
SFO,BNA,1153,1969.0,2025-08,2026-07
SFO,BOI,1708,522.0,2025-08,2026-07
SFO,BOS,4654,2704.0,2025-08,2026-07
SFO,BUR,3029,326.0,2025-08,2026-07
SFO,BWI,1047,2457.0,2025-08,2026-07
SFO,BZN,378,807.0,2025-08,2026-07
SFO,CLD,248,422.0,2025-08,2026-07
SFO,CLE,578,2161.0,2025-08,2026-07
SFO,CLT,1481,2296.0,2025-08,2026-07
SFO,CMH,320,2120.0,2025-08,2026-07
SFO,DAL,148,1476.0,2025-08,2026-07
SFO,DCA,1083,2442.0,2025-08,2026-07
SFO,DEN,5439,967.0,2025-08,2026-07
SFO,DFW,4081,1464.0,2025-08,2026-07
SFO,DTW,1782,2079.0,2025-08,2026-07
SFO,EGE,110,847.0,2025-08,2026-07
SFO,EUG,989,451.0,2025-08,2026-07
SFO,EWR,4282,2565.0,2025-08,2026-07
SFO,FAT,1231,158.0,2025-08,2026-07
SFO,FCA,249,844.0,2025-08,2026-07
SFO,FLL,1248,2584.0,2025-08,2026-07
SFO,GEG,885,733.0,2025-08,2026-07
SFO,HDN,34,838.0,2025-08,2026-07
SFO,HNL,2446,2398.0,2025-08,2026-07
SFO,IAD,2711,2418.0,2025-08,2026-07
SFO,IAH,3588,1635.0,2025-08,2026-07
SFO,IND,523,1943.0,2025-08,2026-07
SFO,JAC,334,737.0,2025-08,2026-07
SFO,JFK,6619,2586.0,2025-08,2026-07
SFO,KOA,1148,2368.0,2025-08,2026-07
SFO,LAS,6078,414.0,2025-08,2026-07
SFO,LAX,11139,337.0,2025-08,2026-07
SFO,LIH,897,2446.0,2025-08,2026-07
SFO,MCI,364,1499.0,2025-08,2026-07
SFO,MCO,1402,2446.0,2025-08,2026-07
SFO,MDW,479,1855.0,2025-08,2026-07
SFO,MFR,1018,329.0,2025-08,2026-07
SFO,MIA,1737,2585.0,2025-08,2026-07
SFO,MRY,729,77.0,2025-08,2026-07
SFO,MSN,1,1772.0,2025-08,2026-07
SFO,MSO,131,769.0,2025-08,2026-07
SFO,MSP,1900,1589.0,2025-08,2026-07
SFO,MSY,523,1911.0,2025-08,2026-07
SFO,MTJ,44,791.0,2025-08,2026-07
SFO,OGG,1696,2338.0,2025-08,2026-07
SFO,OMA,366,1433.0,2025-08,2026-07
SFO,ONT,1298,363.0,2025-08,2026-07
SFO,ORD,5550,1846.0,2025-08,2026-07
SFO,OTH,314,412.0,2025-08,2026-07
SFO,PDX,3481,550.0,2025-08,2026-07
SFO,PHL,2016,2522.0,2025-08,2026-07
SFO,PHX,4654,651.0,2025-08,2026-07
SFO,PIT,554,2254.0,2025-08,2026-07
SFO,PSC,593,620.0,2025-08,2026-07
SFO,PSP,2521,421.0,2025-08,2026-07
SFO,PVD,2,2691.0,2025-08,2026-07
SFO,PWM,5,2723.0,2025-08,2026-07
SFO,RDD,860,199.0,2025-08,2026-07
SFO,RDM,1291,462.0,2025-08,2026-07
SFO,RDU,883,2400.0,2025-08,2026-07
SFO,RNO,1907,192.0,2025-08,2026-07
SFO,RSW,50,2481.0,2025-08,2026-07
SFO,SAN,6540,447.0,2025-08,2026-07
SFO,SAT,433,1482.0,2025-08,2026-07
SFO,SBA,1619,262.0,2025-08,2026-07
SFO,SBP,1131,191.0,2025-08,2026-07
SFO,SDF,2,1990.0,2025-08,2026-07
SFO,SEA,6725,679.0,2025-08,2026-07
SFO,SLC,3418,599.0,2025-08,2026-07
SFO,SMF,1333,86.0,2025-08,2026-07
SFO,SNA,4655,372.0,2025-08,2026-07
SFO,STL,753,1735.0,2025-08,2026-07
SFO,SUN,292,587.0,2025-08,2026-07
SFO,TPA,699,2393.0,2025-08,2026-07
SFO,TUS,942,751.0,2025-08,2026-07
SFO,XNA,2,1550.0,2025-08,2026-07
SGF,ATL,584,563.0,2025-08,2026-07
SGF,AZA,186,1066.0,2025-08,2026-07
SGF,CLT,1168,708.0,2025-08,2026-07
SGF,DEN,1293,637.0,2025-08,2026-07
SGF,DFW,3017,364.0,2025-08,2026-07
SGF,GUF,21,581.0,2025-08,2026-07
SGF,IAH,39,513.0,2025-08,2026-07
SGF,LAS,123,1209.0,2025-08,2026-07
SGF,LAX,10,1423.0,2025-08,2026-07
SGF,MIA,33,1102.0,2025-08,2026-07
SGF,ORD,1422,438.0,2025-08,2026-07
SGF,PGD,102,975.0,2025-08,2026-07
SGF,PHX,9,1082.0,2025-08,2026-07
SGF,PIE,183,895.0,2025-08,2026-07
SGF,SFB,157,914.0,2025-08,2026-07
SGF,VPS,59,610.0,2025-08,2026-07
SGU,DEN,1075,517.0,2025-08,2026-07
SGU,DFW,701,976.0,2025-08,2026-07
SGU,LAX,309,349.0,2025-08,2026-07
SGU,ORD,10,1404.0,2025-08,2026-07
SGU,PHX,890,262.0,2025-08,2026-07
SGU,SLC,1716,272.0,2025-08,2026-07
SHD,CLT,160,239.0,2025-08,2026-07
SHD,ORD,176,541.0,2025-08,2026-07
SHR,DEN,759,359.0,2025-08,2026-07
SHV,ATL,1476,552.0,2025-08,2026-07
SHV,BNA,26,481.0,2025-08,2026-07
SHV,CLT,732,764.0,2025-08,2026-07
SHV,DEN,432,792.0,2025-08,2026-07
SHV,DFW,2046,190.0,2025-08,2026-07
SHV,IAH,1189,192.0,2025-08,2026-07
SHV,LAS,106,1243.0,2025-08,2026-07
SHV,SFB,22,791.0,2025-08,2026-07
SHV,VPS,25,452.0,2025-08,2026-07
SIT,JNU,698,95.0,2025-08,2026-07
SIT,KTN,359,183.0,2025-08,2026-07
SIT,SEA,242,861.0,2025-08,2026-07
SJC,ATL,888,2116.0,2025-08,2026-07
SJC,AUS,1118,1476.0,2025-08,2026-07
SJC,BNA,246,1947.0,2025-08,2026-07
SJC,BOI,674,523.0,2025-08,2026-07
SJC,BOS,5,2689.0,2025-08,2026-07
SJC,BUR,2140,296.0,2025-08,2026-07
SJC,BWI,241,2439.0,2025-08,2026-07
SJC,CLT,6,2274.0,2025-08,2026-07
SJC,DAL,423,1450.0,2025-08,2026-07
SJC,DEN,2554,948.0,2025-08,2026-07
SJC,DFW,1079,1438.0,2025-08,2026-07
SJC,DTW,38,2062.0,2025-08,2026-07
SJC,EUG,262,471.0,2025-08,2026-07
SJC,EWR,4,2548.0,2025-08,2026-07
SJC,GEG,244,742.0,2025-08,2026-07
SJC,HNL,808,2417.0,2025-08,2026-07
SJC,HOU,364,1621.0,2025-08,2026-07
SJC,IAD,1,2400.0,2025-08,2026-07
SJC,IAH,215,1608.0,2025-08,2026-07
SJC,JAC,5,729.0,2025-08,2026-07
SJC,JFK,5,2569.0,2025-08,2026-07
SJC,KOA,154,2384.0,2025-08,2026-07
SJC,LAS,3733,386.0,2025-08,2026-07
SJC,LAX,4438,308.0,2025-08,2026-07
SJC,LGB,1237,324.0,2025-08,2026-07
SJC,LIH,161,2465.0,2025-08,2026-07
SJC,MDW,518,1838.0,2025-08,2026-07
SJC,MIA,3,2559.0,2025-08,2026-07
SJC,MSP,504,1575.0,2025-08,2026-07
SJC,OGG,470,2355.0,2025-08,2026-07
SJC,ONT,1315,333.0,2025-08,2026-07
SJC,ORD,296,1829.0,2025-08,2026-07
SJC,PDX,1653,569.0,2025-08,2026-07
SJC,PHL,4,2504.0,2025-08,2026-07
SJC,PHX,2996,621.0,2025-08,2026-07
SJC,PSP,211,390.0,2025-08,2026-07
SJC,PVD,1,2675.0,2025-08,2026-07
SJC,RDM,2,477.0,2025-08,2026-07
SJC,RNO,243,188.0,2025-08,2026-07
SJC,SAN,4936,417.0,2025-08,2026-07
SJC,SEA,4354,696.0,2025-08,2026-07
SJC,SLC,1793,584.0,2025-08,2026-07
SJC,SNA,2708,342.0,2025-08,2026-07
SJC,STL,1,1715.0,2025-08,2026-07
SJT,DFW,1033,229.0,2025-08,2026-07
SJU,ATL,2066,1547.0,2025-08,2026-07
SJU,AUS,33,2146.0,2025-08,2026-07
SJU,BDL,944,1666.0,2025-08,2026-07
SJU,BNA,50,1753.0,2025-08,2026-07
SJU,BOS,1900,1674.0,2025-08,2026-07
SJU,BUF,72,1845.0,2025-08,2026-07
SJU,BWI,1133,1565.0,2025-08,2026-07
SJU,CLE,35,1839.0,2025-08,2026-07
SJU,CLT,1063,1475.0,2025-08,2026-07
SJU,DCA,357,1554.0,2025-08,2026-07
SJU,DEN,332,2733.0,2025-08,2026-07
SJU,DFW,959,2165.0,2025-08,2026-07
SJU,DTW,351,1930.0,2025-08,2026-07
SJU,EWR,2019,1608.0,2025-08,2026-07
SJU,FLL,2302,1046.0,2025-08,2026-07
SJU,HOU,91,1997.0,2025-08,2026-07
SJU,HPN,344,1624.0,2025-08,2026-07
SJU,IAD,701,1572.0,2025-08,2026-07
SJU,IAH,925,2007.0,2025-08,2026-07
SJU,IND,7,1902.0,2025-08,2026-07
SJU,JAX,255,1288.0,2025-08,2026-07
SJU,JFK,3482,1598.0,2025-08,2026-07
SJU,LGA,6,1608.0,2025-08,2026-07
SJU,MCO,6004,1188.0,2025-08,2026-07
SJU,MDW,52,2057.0,2025-08,2026-07
SJU,MIA,2617,1045.0,2025-08,2026-07
SJU,MSP,147,2404.0,2025-08,2026-07
SJU,ORD,1361,2072.0,2025-08,2026-07
SJU,ORF,72,1414.0,2025-08,2026-07
SJU,PHL,1868,1576.0,2025-08,2026-07
SJU,PVD,294,1636.0,2025-08,2026-07
SJU,RDU,459,1432.0,2025-08,2026-07
SJU,RIC,54,1482.0,2025-08,2026-07
SJU,SAT,51,2181.0,2025-08,2026-07
SJU,STL,30,2024.0,2025-08,2026-07
SJU,STT,355,68.0,2025-08,2026-07
SJU,STX,314,94.0,2025-08,2026-07
SJU,TPA,1493,1237.0,2025-08,2026-07
SLC,ABQ,1154,493.0,2025-08,2026-07
SLC,ANC,128,2125.0,2025-08,2026-07
SLC,ATL,2955,1590.0,2025-08,2026-07
SLC,AUS,1772,1086.0,2025-08,2026-07
SLC,BIL,1069,387.0,2025-08,2026-07
SLC,BNA,1199,1404.0,2025-08,2026-07
SLC,BOI,1727,290.0,2025-08,2026-07
SLC,BOS,1231,2105.0,2025-08,2026-07
SLC,BTM,359,357.0,2025-08,2026-07
SLC,BUR,1467,574.0,2025-08,2026-07
SLC,BWI,759,1865.0,2025-08,2026-07
SLC,BZN,1156,347.0,2025-08,2026-07
SLC,CDC,626,221.0,2025-08,2026-07
SLC,CLE,362,1565.0,2025-08,2026-07
SLC,CLT,912,1727.0,2025-08,2026-07
SLC,CMH,361,1528.0,2025-08,2026-07
SLC,COS,720,411.0,2025-08,2026-07
SLC,CVG,818,1450.0,2025-08,2026-07
SLC,DAL,666,999.0,2025-08,2026-07
SLC,DCA,361,1851.0,2025-08,2026-07
SLC,DEN,7690,391.0,2025-08,2026-07
SLC,DFW,3772,989.0,2025-08,2026-07
SLC,DTW,1550,1481.0,2025-08,2026-07
SLC,EKO,574,200.0,2025-08,2026-07
SLC,EUG,769,618.0,2025-08,2026-07
SLC,EWR,1305,1969.0,2025-08,2026-07
SLC,FAI,38,2183.0,2025-08,2026-07
SLC,FAT,1359,501.0,2025-08,2026-07
SLC,FCA,1103,532.0,2025-08,2026-07
SLC,FLL,373,2084.0,2025-08,2026-07
SLC,GEG,1663,546.0,2025-08,2026-07
SLC,GJT,583,217.0,2025-08,2026-07
SLC,GTF,1063,463.0,2025-08,2026-07
SLC,HLN,723,402.0,2025-08,2026-07
SLC,HNL,842,2994.0,2025-08,2026-07
SLC,HOU,407,1214.0,2025-08,2026-07
SLC,IAD,701,1827.0,2025-08,2026-07
SLC,IAH,1934,1195.0,2025-08,2026-07
SLC,IDA,1188,189.0,2025-08,2026-07
SLC,IND,360,1355.0,2025-08,2026-07
SLC,JAC,1209,205.0,2025-08,2026-07
SLC,JFK,1887,1990.0,2025-08,2026-07
SLC,KOA,94,2966.0,2025-08,2026-07
SLC,LAS,3718,368.0,2025-08,2026-07
SLC,LAX,4172,590.0,2025-08,2026-07
SLC,LBB,1,744.0,2025-08,2026-07
SLC,LGA,18,1983.0,2025-08,2026-07
SLC,LGB,1561,588.0,2025-08,2026-07
SLC,LIT,269,1156.0,2025-08,2026-07
SLC,LWS,365,461.0,2025-08,2026-07
SLC,MCI,999,920.0,2025-08,2026-07
SLC,MCO,1495,1931.0,2025-08,2026-07
SLC,MDW,615,1259.0,2025-08,2026-07
SLC,MEM,362,1262.0,2025-08,2026-07
SLC,MFR,728,575.0,2025-08,2026-07
SLC,MIA,791,2088.0,2025-08,2026-07
SLC,MKE,360,1247.0,2025-08,2026-07
SLC,MSO,1049,436.0,2025-08,2026-07
SLC,MSP,1584,991.0,2025-08,2026-07
SLC,MSY,453,1429.0,2025-08,2026-07
SLC,OAK,1640,588.0,2025-08,2026-07
SLC,OGG,292,2935.0,2025-08,2026-07
SLC,OKC,716,866.0,2025-08,2026-07
SLC,OMA,754,840.0,2025-08,2026-07
SLC,ONT,1227,558.0,2025-08,2026-07
SLC,ORD,3157,1250.0,2025-08,2026-07
SLC,PDX,2348,630.0,2025-08,2026-07
SLC,PHL,801,1927.0,2025-08,2026-07
SLC,PHX,5744,507.0,2025-08,2026-07
SLC,PIH,447,149.0,2025-08,2026-07
SLC,PIT,359,1660.0,2025-08,2026-07
SLC,PSC,1176,521.0,2025-08,2026-07
SLC,PSP,1074,541.0,2025-08,2026-07
SLC,RDM,726,525.0,2025-08,2026-07
SLC,RDU,378,1824.0,2025-08,2026-07
SLC,RNO,1196,422.0,2025-08,2026-07
SLC,RSW,116,1985.0,2025-08,2026-07
SLC,SAN,2983,626.0,2025-08,2026-07
SLC,SAT,1000,1087.0,2025-08,2026-07
SLC,SBA,1052,615.0,2025-08,2026-07
SLC,SDF,2,1409.0,2025-08,2026-07
SLC,SEA,4088,689.0,2025-08,2026-07
SLC,SFO,3419,599.0,2025-08,2026-07
SLC,SGU,1714,272.0,2025-08,2026-07
SLC,SJC,1796,584.0,2025-08,2026-07
SLC,SMF,2141,532.0,2025-08,2026-07
SLC,SNA,1842,588.0,2025-08,2026-07
SLC,STL,984,1156.0,2025-08,2026-07
SLC,SUN,1070,222.0,2025-08,2026-07
SLC,TPA,367,1888.0,2025-08,2026-07
SLC,TUL,400,926.0,2025-08,2026-07
SLC,TUS,1110,600.0,2025-08,2026-07
SLC,TWF,827,175.0,2025-08,2026-07
SLC,WYS,147,273.0,2025-08,2026-07
SLC,XNA,360,1004.0,2025-08,2026-07
SLN,DEN,365,383.0,2025-08,2026-07
SLN,IAH,324,621.0,2025-08,2026-07
SLN,ORD,350,559.0,2025-08,2026-07
SMF,ANC,18,1973.0,2025-08,2026-07
SMF,ATL,996,2092.0,2025-08,2026-07
SMF,AUS,384,1481.0,2025-08,2026-07
SMF,BNA,344,1917.0,2025-08,2026-07
SMF,BOI,860,437.0,2025-08,2026-07
SMF,BOS,33,2636.0,2025-08,2026-07
SMF,BUR,2559,358.0,2025-08,2026-07
SMF,BWI,361,2395.0,2025-08,2026-07
SMF,CLT,421,2244.0,2025-08,2026-07
SMF,DAL,656,1442.0,2025-08,2026-07
SMF,DEN,3832,909.0,2025-08,2026-07
SMF,DFW,1589,1431.0,2025-08,2026-07
SMF,DTW,200,2013.0,2025-08,2026-07
SMF,EUG,365,384.0,2025-08,2026-07
SMF,EWR,277,2500.0,2025-08,2026-07
SMF,GEG,607,649.0,2025-08,2026-07
SMF,HNL,729,2462.0,2025-08,2026-07
SMF,HOU,362,1624.0,2025-08,2026-07
SMF,IAD,359,2357.0,2025-08,2026-07
SMF,IAH,676,1609.0,2025-08,2026-07
SMF,JFK,158,2521.0,2025-08,2026-07
SMF,KOA,520,2435.0,2025-08,2026-07
SMF,LAS,4091,397.0,2025-08,2026-07
SMF,LAX,5618,373.0,2025-08,2026-07
SMF,LGB,1863,387.0,2025-08,2026-07
SMF,LIH,208,2508.0,2025-08,2026-07
SMF,MCI,207,1442.0,2025-08,2026-07
SMF,MCO,323,2408.0,2025-08,2026-07
SMF,MDW,675,1790.0,2025-08,2026-07
SMF,MIA,25,2552.0,2025-08,2026-07
SMF,MSP,587,1517.0,2025-08,2026-07
SMF,OGG,475,2403.0,2025-08,2026-07
SMF,ONT,2107,390.0,2025-08,2026-07
SMF,ORD,1323,1781.0,2025-08,2026-07
SMF,PDX,1947,479.0,2025-08,2026-07
SMF,PHX,3610,647.0,2025-08,2026-07
SMF,PSP,522,439.0,2025-08,2026-07
SMF,SAN,5129,480.0,2025-08,2026-07
SMF,SBA,363,310.0,2025-08,2026-07
SMF,SEA,4376,605.0,2025-08,2026-07
SMF,SFO,1333,86.0,2025-08,2026-07
SMF,SLC,2142,532.0,2025-08,2026-07
SMF,SNA,2302,404.0,2025-08,2026-07
SMF,STL,331,1679.0,2025-08,2026-07
SMF,TUS,46,751.0,2025-08,2026-07
SMX,LAS,104,310.0,2025-08,2026-07
SMX,PHX,400,494.0,2025-08,2026-07
SNA,ATL,1022,1919.0,2025-08,2026-07
SNA,ATW,21,1729.0,2025-08,2026-07
SNA,AUS,352,1209.0,2025-08,2026-07
SNA,AZA,48,360.0,2025-08,2026-07
SNA,BNA,150,1772.0,2025-08,2026-07
SNA,BOI,355,688.0,2025-08,2026-07
SNA,CLT,359,2099.0,2025-08,2026-07
SNA,COS,93,815.0,2025-08,2026-07
SNA,CVG,21,1877.0,2025-08,2026-07
SNA,DAL,362,1216.0,2025-08,2026-07
SNA,DEN,3671,846.0,2025-08,2026-07
SNA,DFW,2844,1205.0,2025-08,2026-07
SNA,DSM,107,1428.0,2025-08,2026-07
SNA,DTW,343,1960.0,2025-08,2026-07
SNA,EUG,77,776.0,2025-08,2026-07
SNA,EWR,1069,2433.0,2025-08,2026-07
SNA,GEG,25,962.0,2025-08,2026-07
SNA,GRR,21,1856.0,2025-08,2026-07
SNA,IAH,1092,1346.0,2025-08,2026-07
SNA,IDA,105,748.0,2025-08,2026-07
SNA,JFK,449,2454.0,2025-08,2026-07
SNA,LAS,4121,226.0,2025-08,2026-07
SNA,MFR,92,659.0,2025-08,2026-07
SNA,MSO,27,935.0,2025-08,2026-07
SNA,MSP,566,1522.0,2025-08,2026-07
SNA,OAK,2337,371.0,2025-08,2026-07
SNA,ORD,2162,1726.0,2025-08,2026-07
SNA,PDX,1532,859.0,2025-08,2026-07
SNA,PHX,4604,338.0,2025-08,2026-07
SNA,PSC,48,871.0,2025-08,2026-07
SNA,PVU,406,565.0,2025-08,2026-07
SNA,SDF,1,1819.0,2025-08,2026-07
SNA,SEA,3915,978.0,2025-08,2026-07
SNA,SFO,4701,372.0,2025-08,2026-07
SNA,SJC,2656,342.0,2025-08,2026-07
SNA,SLC,1844,588.0,2025-08,2026-07
SNA,SMF,2289,404.0,2025-08,2026-07
SNA,STS,740,433.0,2025-08,2026-07
SNA,TUS,121,416.0,2025-08,2026-07
SPI,ORD,683,174.0,2025-08,2026-07
SPI,PGD,112,995.0,2025-08,2026-07
SPN,GUM,355,129.0,2025-08,2026-07
SPS,DFW,706,113.0,2025-08,2026-07
SRQ,ABE,106,1000.0,2025-08,2026-07
SRQ,ALB,93,1167.0,2025-08,2026-07
SRQ,ATL,2251,444.0,2025-08,2026-07
SRQ,ATW,69,1209.0,2025-08,2026-07
SRQ,AUS,35,936.0,2025-08,2026-07
SRQ,AVL,112,554.0,2025-08,2026-07
SRQ,BLV,108,876.0,2025-08,2026-07
SRQ,BNA,683,648.0,2025-08,2026-07
SRQ,BOS,666,1220.0,2025-08,2026-07
SRQ,BUF,39,1093.0,2025-08,2026-07
SRQ,BWI,1230,880.0,2025-08,2026-07
SRQ,CAK,166,934.0,2025-08,2026-07
SRQ,CID,27,1125.0,2025-08,2026-07
SRQ,CLE,114,967.0,2025-08,2026-07
SRQ,CLT,1375,547.0,2025-08,2026-07
SRQ,CMH,230,869.0,2025-08,2026-07
SRQ,CVG,309,812.0,2025-08,2026-07
SRQ,DAL,116,934.0,2025-08,2026-07
SRQ,DCA,456,851.0,2025-08,2026-07
SRQ,DEN,313,1531.0,2025-08,2026-07
SRQ,DFW,363,945.0,2025-08,2026-07
SRQ,DSM,70,1160.0,2025-08,2026-07
SRQ,DTW,127,1022.0,2025-08,2026-07
SRQ,EWR,902,1034.0,2025-08,2026-07
SRQ,FNT,177,1075.0,2025-08,2026-07
SRQ,FWA,104,948.0,2025-08,2026-07
SRQ,GRR,165,1081.0,2025-08,2026-07
SRQ,GSP,103,517.0,2025-08,2026-07
SRQ,HOU,139,789.0,2025-08,2026-07
SRQ,IAD,97,849.0,2025-08,2026-07
SRQ,IAH,15,796.0,2025-08,2026-07
SRQ,IND,349,876.0,2025-08,2026-07
SRQ,JFK,512,1041.0,2025-08,2026-07
SRQ,LCK,124,856.0,2025-08,2026-07
SRQ,LEX,88,743.0,2025-08,2026-07
SRQ,LGA,515,1047.0,2025-08,2026-07
SRQ,MCI,21,1078.0,2025-08,2026-07
SRQ,MCO,602,104.0,2025-08,2026-07
SRQ,MDT,111,942.0,2025-08,2026-07
SRQ,MDW,512,1035.0,2025-08,2026-07
SRQ,MIA,332,178.0,2025-08,2026-07
SRQ,MKE,13,1113.0,2025-08,2026-07
SRQ,MLI,15,1069.0,2025-08,2026-07
SRQ,MSP,233,1342.0,2025-08,2026-07
SRQ,OMA,66,1222.0,2025-08,2026-07
SRQ,ORD,982,1050.0,2025-08,2026-07
SRQ,PHL,445,957.0,2025-08,2026-07
SRQ,PIA,97,1001.0,2025-08,2026-07
SRQ,PIT,335,912.0,2025-08,2026-07
SRQ,PSM,14,1266.0,2025-08,2026-07
SRQ,RFD,96,1085.0,2025-08,2026-07
SRQ,ROA,75,701.0,2025-08,2026-07
SRQ,ROC,40,1118.0,2025-08,2026-07
SRQ,SBN,109,1009.0,2025-08,2026-07
SRQ,SDF,80,765.0,2025-08,2026-07
SRQ,STL,348,903.0,2025-08,2026-07
SRQ,SYR,98,1142.0,2025-08,2026-07
SRQ,TOL,52,981.0,2025-08,2026-07
SRQ,TYS,105,586.0,2025-08,2026-07
STC,AZA,112,1259.0,2025-08,2026-07
STC,PGD,45,1447.0,2025-08,2026-07
STL,ATL,3620,484.0,2025-08,2026-07
STL,AUS,968,721.0,2025-08,2026-07
STL,BNA,1279,272.0,2025-08,2026-07
STL,BOS,1584,1047.0,2025-08,2026-07
STL,BUR,192,1583.0,2025-08,2026-07
STL,BWI,1262,738.0,2025-08,2026-07
STL,CHS,160,706.0,2025-08,2026-07
STL,CLE,696,487.0,2025-08,2026-07
STL,CLT,1809,575.0,2025-08,2026-07
STL,CMH,673,409.0,2025-08,2026-07
STL,DAL,1923,546.0,2025-08,2026-07
STL,DCA,2353,719.0,2025-08,2026-07
STL,DEN,3666,770.0,2025-08,2026-07
STL,DFW,2303,550.0,2025-08,2026-07
STL,DSM,401,259.0,2025-08,2026-07
STL,DTW,1872,440.0,2025-08,2026-07
STL,ECP,314,634.0,2025-08,2026-07
STL,EWR,1025,872.0,2025-08,2026-07
STL,FLL,824,1057.0,2025-08,2026-07
STL,HOU,1534,687.0,2025-08,2026-07
STL,IAD,1,696.0,2025-08,2026-07
STL,IAH,418,667.0,2025-08,2026-07
STL,ICT,399,392.0,2025-08,2026-07
STL,IND,4,229.0,2025-08,2026-07
STL,JAX,506,753.0,2025-08,2026-07
STL,LAS,2081,1371.0,2025-08,2026-07
STL,LAX,1024,1592.0,2025-08,2026-07
STL,LGA,2530,888.0,2025-08,2026-07
STL,LGB,84,1581.0,2025-08,2026-07
STL,LIT,398,296.0,2025-08,2026-07
STL,MCI,1017,237.0,2025-08,2026-07
STL,MCO,2497,882.0,2025-08,2026-07
STL,MDW,1683,251.0,2025-08,2026-07
STL,MGM,1,498.0,2025-08,2026-07
STL,MIA,1162,1068.0,2025-08,2026-07
STL,MKE,680,317.0,2025-08,2026-07
STL,MSP,1918,448.0,2025-08,2026-07
STL,MSY,732,604.0,2025-08,2026-07
STL,MYR,87,728.0,2025-08,2026-07
STL,OKC,407,462.0,2025-08,2026-07
STL,OMA,824,342.0,2025-08,2026-07
STL,ORD,2980,258.0,2025-08,2026-07
STL,ORF,17,785.0,2025-08,2026-07
STL,PBI,38,1023.0,2025-08,2026-07
STL,PDX,111,1708.0,2025-08,2026-07
STL,PHL,1579,814.0,2025-08,2026-07
STL,PHX,2303,1262.0,2025-08,2026-07
STL,PIT,500,554.0,2025-08,2026-07
STL,PNS,216,598.0,2025-08,2026-07
STL,RDU,654,668.0,2025-08,2026-07
STL,RSW,1002,979.0,2025-08,2026-07
STL,SAN,472,1557.0,2025-08,2026-07
STL,SAT,547,786.0,2025-08,2026-07
STL,SAV,91,689.0,2025-08,2026-07
STL,SEA,876,1709.0,2025-08,2026-07
STL,SFO,755,1735.0,2025-08,2026-07
STL,SJC,1,1715.0,2025-08,2026-07
STL,SJU,30,2024.0,2025-08,2026-07
STL,SLC,981,1156.0,2025-08,2026-07
STL,SMF,331,1679.0,2025-08,2026-07
STL,SRQ,347,903.0,2025-08,2026-07
STL,TPA,1221,869.0,2025-08,2026-07
STL,TUL,399,351.0,2025-08,2026-07
STL,VPS,138,610.0,2025-08,2026-07
STS,BUR,654,387.0,2025-08,2026-07
STS,DEN,16,977.0,2025-08,2026-07
STS,DFW,186,1495.0,2025-08,2026-07
STS,LAS,344,454.0,2025-08,2026-07
STS,LAX,706,399.0,2025-08,2026-07
STS,ONT,108,423.0,2025-08,2026-07
STS,PDX,599,489.0,2025-08,2026-07
STS,PHX,690,699.0,2025-08,2026-07
STS,PSP,139,478.0,2025-08,2026-07
STS,SAN,979,508.0,2025-08,2026-07
STS,SEA,457,618.0,2025-08,2026-07
STS,SNA,739,433.0,2025-08,2026-07
STT,ATL,703,1599.0,2025-08,2026-07
STT,BOS,121,1693.0,2025-08,2026-07
STT,BWI,76,1598.0,2025-08,2026-07
STT,CLT,599,1520.0,2025-08,2026-07
STT,DFW,130,2225.0,2025-08,2026-07
STT,EWR,239,1634.0,2025-08,2026-07
STT,FLL,253,1107.0,2025-08,2026-07
STT,IAD,330,1606.0,2025-08,2026-07
STT,IAH,170,2070.0,2025-08,2026-07
STT,JFK,526,1623.0,2025-08,2026-07
STT,MCO,384,1246.0,2025-08,2026-07
STT,MIA,931,1107.0,2025-08,2026-07
STT,ORD,252,2116.0,2025-08,2026-07
STT,PHL,183,1605.0,2025-08,2026-07
STT,SJU,536,68.0,2025-08,2026-07
STX,ATL,123,1638.0,2025-08,2026-07
STX,CLT,115,1562.0,2025-08,2026-07
STX,FLL,122,1140.0,2025-08,2026-07
STX,MIA,675,1139.0,2025-08,2026-07
STX,ORD,18,2158.0,2025-08,2026-07
STX,SJU,314,94.0,2025-08,2026-07
SUN,DEN,630,557.0,2025-08,2026-07
SUN,LAX,327,696.0,2025-08,2026-07
SUN,ORD,268,1341.0,2025-08,2026-07
SUN,PHX,89,705.0,2025-08,2026-07
SUN,SEA,37,475.0,2025-08,2026-07
SUN,SFO,293,587.0,2025-08,2026-07
SUN,SLC,1070,222.0,2025-08,2026-07
SUX,DEN,505,466.0,2025-08,2026-07
SUX,ORD,359,436.0,2025-08,2026-07
SWF,FLL,85,1118.0,2025-08,2026-07
SWF,MYR,160,601.0,2025-08,2026-07
SWF,PGD,114,1101.0,2025-08,2026-07
SWF,PIE,122,1055.0,2025-08,2026-07
SWF,SFB,87,965.0,2025-08,2026-07
SWO,DFW,703,225.0,2025-08,2026-07
SYR,ATL,1083,794.0,2025-08,2026-07
SYR,BNA,106,741.0,2025-08,2026-07
SYR,BOS,463,265.0,2025-08,2026-07
SYR,CLT,1077,603.0,2025-08,2026-07
SYR,DCA,977,298.0,2025-08,2026-07
SYR,DEN,471,1492.0,2025-08,2026-07
SYR,DFW,316,1336.0,2025-08,2026-07
SYR,DTW,683,374.0,2025-08,2026-07
SYR,EWR,265,194.0,2025-08,2026-07
SYR,FLL,292,1197.0,2025-08,2026-07
SYR,IAD,74,295.0,2025-08,2026-07
SYR,JFK,482,209.0,2025-08,2026-07
SYR,LGA,195,198.0,2025-08,2026-07
SYR,MCO,691,1053.0,2025-08,2026-07
SYR,MIA,39,1217.0,2025-08,2026-07
SYR,MSP,73,860.0,2025-08,2026-07
SYR,MYR,80,668.0,2025-08,2026-07
SYR,ORD,2124,607.0,2025-08,2026-07
SYR,PGD,70,1164.0,2025-08,2026-07
SYR,PHL,123,228.0,2025-08,2026-07
SYR,PIE,163,1111.0,2025-08,2026-07
SYR,RDU,24,519.0,2025-08,2026-07
SYR,SBN,1,531.0,2025-08,2026-07
SYR,SFB,100,1029.0,2025-08,2026-07
SYR,SRQ,98,1142.0,2025-08,2026-07
TLH,ATL,1969,223.0,2025-08,2026-07
TLH,BHM,1,260.0,2025-08,2026-07
TLH,CLT,4,386.0,2025-08,2026-07
TLH,DCA,349,716.0,2025-08,2026-07
TLH,DFW,1034,767.0,2025-08,2026-07
TLH,GSP,1,334.0,2025-08,2026-07
TLH,MIA,1186,402.0,2025-08,2026-07
TOL,PGD,133,1017.0,2025-08,2026-07
TOL,PIE,134,945.0,2025-08,2026-07
TOL,SFB,112,895.0,2025-08,2026-07
TOL,SRQ,52,981.0,2025-08,2026-07
TPA,ACY,294,914.0,2025-08,2026-07
TPA,ALB,257,1130.0,2025-08,2026-07
TPA,ATL,6053,406.0,2025-08,2026-07
TPA,AUS,1534,928.0,2025-08,2026-07
TPA,BDL,671,1111.0,2025-08,2026-07
TPA,BHM,424,459.0,2025-08,2026-07
TPA,BNA,2452,612.0,2025-08,2026-07
TPA,BOS,2715,1185.0,2025-08,2026-07
TPA,BUF,722,1053.0,2025-08,2026-07
TPA,BWI,2607,842.0,2025-08,2026-07
TPA,CLE,1018,927.0,2025-08,2026-07
TPA,CLT,3057,507.0,2025-08,2026-07
TPA,CMH,891,829.0,2025-08,2026-07
TPA,CVG,726,773.0,2025-08,2026-07
TPA,DAL,1277,917.0,2025-08,2026-07
TPA,DCA,2192,814.0,2025-08,2026-07
TPA,DEN,3074,1506.0,2025-08,2026-07
TPA,DFW,2812,929.0,2025-08,2026-07
TPA,DTW,2286,983.0,2025-08,2026-07
TPA,EWR,2529,997.0,2025-08,2026-07
TPA,FLL,1379,197.0,2025-08,2026-07
TPA,GRR,17,1041.0,2025-08,2026-07
TPA,HOU,1027,781.0,2025-08,2026-07
TPA,HPN,358,1032.0,2025-08,2026-07
TPA,IAD,1291,811.0,2025-08,2026-07
TPA,IAH,1574,787.0,2025-08,2026-07
TPA,IND,939,837.0,2025-08,2026-07
TPA,ISP,430,1034.0,2025-08,2026-07
TPA,JFK,2216,1005.0,2025-08,2026-07
TPA,LAS,1031,1984.0,2025-08,2026-07
TPA,LAX,1182,2158.0,2025-08,2026-07
TPA,LGA,2709,1010.0,2025-08,2026-07
TPA,MCI,657,1048.0,2025-08,2026-07
TPA,MDW,1536,997.0,2025-08,2026-07
TPA,MEM,29,655.0,2025-08,2026-07
TPA,MHT,62,1204.0,2025-08,2026-07
TPA,MIA,2903,204.0,2025-08,2026-07
TPA,MKE,465,1075.0,2025-08,2026-07
TPA,MSP,1166,1306.0,2025-08,2026-07
TPA,MSY,1054,487.0,2025-08,2026-07
TPA,OMA,13,1190.0,2025-08,2026-07
TPA,ORD,3150,1012.0,2025-08,2026-07
TPA,ORF,4,717.0,2025-08,2026-07
TPA,PDX,10,2497.0,2025-08,2026-07
TPA,PHL,2595,920.0,2025-08,2026-07
TPA,PHX,1213,1788.0,2025-08,2026-07
TPA,PIT,812,873.0,2025-08,2026-07
TPA,PVD,463,1136.0,2025-08,2026-07
TPA,RDU,1266,587.0,2025-08,2026-07
TPA,ROC,55,1079.0,2025-08,2026-07
TPA,SAN,639,2087.0,2025-08,2026-07
TPA,SAT,373,972.0,2025-08,2026-07
TPA,SDF,403,727.0,2025-08,2026-07
TPA,SEA,966,2520.0,2025-08,2026-07
TPA,SFO,697,2393.0,2025-08,2026-07
TPA,SJU,1494,1237.0,2025-08,2026-07
TPA,SLC,367,1888.0,2025-08,2026-07
TPA,STL,1222,869.0,2025-08,2026-07
TPA,TTN,230,955.0,2025-08,2026-07
TPA,TYS,7,547.0,2025-08,2026-07
TRI,ATL,514,227.0,2025-08,2026-07
TRI,DFW,684,868.0,2025-08,2026-07
TRI,ORD,69,481.0,2025-08,2026-07
TRI,PIE,52,590.0,2025-08,2026-07
TRI,SFB,133,535.0,2025-08,2026-07
TTN,ATL,38,701.0,2025-08,2026-07
TTN,FLL,58,1026.0,2025-08,2026-07
TTN,MCO,520,896.0,2025-08,2026-07
TTN,MYR,24,509.0,2025-08,2026-07
TTN,PBI,13,985.0,2025-08,2026-07
TTN,PGD,46,1008.0,2025-08,2026-07
TTN,PIE,45,964.0,2025-08,2026-07
TTN,RSW,7,1028.0,2025-08,2026-07
TTN,TPA,228,955.0,2025-08,2026-07
TUL,ATL,1538,674.0,2025-08,2026-07
TUL,AUS,309,426.0,2025-08,2026-07
TUL,BNA,512,515.0,2025-08,2026-07
TUL,CLT,680,842.0,2025-08,2026-07
TUL,DAL,1034,237.0,2025-08,2026-07
TUL,DCA,375,1050.0,2025-08,2026-07
TUL,DEN,2427,541.0,2025-08,2026-07
TUL,DFW,2690,237.0,2025-08,2026-07
TUL,HOU,597,453.0,2025-08,2026-07
TUL,IAH,1082,429.0,2025-08,2026-07
TUL,LAS,738,1076.0,2025-08,2026-07
TUL,LAX,375,1283.0,2025-08,2026-07
TUL,LGA,590,1231.0,2025-08,2026-07
TUL,MCO,174,1006.0,2025-08,2026-07
TUL,MDW,447,583.0,2025-08,2026-07
TUL,MIA,119,1168.0,2025-08,2026-07
TUL,ORD,2076,585.0,2025-08,2026-07
TUL,PHX,1248,935.0,2025-08,2026-07
TUL,PIE,24,961.0,2025-08,2026-07
TUL,SFB,109,995.0,2025-08,2026-07
TUL,SLC,400,926.0,2025-08,2026-07
TUL,STL,398,351.0,2025-08,2026-07
TUL,VPS,42,669.0,2025-08,2026-07
TUS,ATL,793,1541.0,2025-08,2026-07
TUS,DAL,219,824.0,2025-08,2026-07
TUS,DEN,2725,639.0,2025-08,2026-07
TUS,DFW,2112,813.0,2025-08,2026-07
TUS,HOU,171,946.0,2025-08,2026-07
TUS,IAH,202,937.0,2025-08,2026-07
TUS,LAS,1333,364.0,2025-08,2026-07
TUS,LAX,2578,451.0,2025-08,2026-07
TUS,MDW,283,1440.0,2025-08,2026-07
TUS,MSP,167,1298.0,2025-08,2026-07
TUS,ORD,1025,1437.0,2025-08,2026-07
TUS,PDX,365,1119.0,2025-08,2026-07
TUS,PHX,3447,109.0,2025-08,2026-07
TUS,SAN,651,367.0,2025-08,2026-07
TUS,SEA,1058,1215.0,2025-08,2026-07
TUS,SFO,941,751.0,2025-08,2026-07
TUS,SLC,1109,600.0,2025-08,2026-07
TUS,SMF,46,751.0,2025-08,2026-07
TUS,SNA,121,416.0,2025-08,2026-07
TVC,ATL,36,769.0,2025-08,2026-07
TVC,AZA,33,1599.0,2025-08,2026-07
TVC,BOS,236,749.0,2025-08,2026-07
TVC,CLT,229,702.0,2025-08,2026-07
TVC,DCA,149,599.0,2025-08,2026-07
TVC,DEN,243,1032.0,2025-08,2026-07
TVC,DFW,161,1022.0,2025-08,2026-07
TVC,DTW,1034,207.0,2025-08,2026-07
TVC,EWR,34,644.0,2025-08,2026-07
TVC,FLL,31,1322.0,2025-08,2026-07
TVC,IAD,3,578.0,2025-08,2026-07
TVC,IAH,45,1149.0,2025-08,2026-07
TVC,LGA,67,655.0,2025-08,2026-07
TVC,MSP,87,376.0,2025-08,2026-07
TVC,ORD,2625,224.0,2025-08,2026-07
TVC,PGD,72,1245.0,2025-08,2026-07
TVC,PHL,112,627.0,2025-08,2026-07
TVC,PIE,97,1172.0,2025-08,2026-07
TVC,SFB,93,1127.0,2025-08,2026-07
TWF,SLC,827,175.0,2025-08,2026-07
TXK,DFW,701,181.0,2025-08,2026-07
TYR,DFW,1034,102.0,2025-08,2026-07
TYS,ATL,1687,152.0,2025-08,2026-07
TYS,AUS,73,882.0,2025-08,2026-07
TYS,BHM,1,221.0,2025-08,2026-07
TYS,BLV,5,373.0,2025-08,2026-07
TYS,BNA,297,152.0,2025-08,2026-07
TYS,BOS,147,830.0,2025-08,2026-07
TYS,BWI,148,464.0,2025-08,2026-07
TYS,CLT,872,176.0,2025-08,2026-07
TYS,DAL,149,762.0,2025-08,2026-07
TYS,DCA,979,437.0,2025-08,2026-07
TYS,DEN,996,1162.0,2025-08,2026-07
TYS,DFW,1672,772.0,2025-08,2026-07
TYS,DTW,1,443.0,2025-08,2026-07
TYS,EWR,144,631.0,2025-08,2026-07
TYS,EYW,87,787.0,2025-08,2026-07
TYS,FLL,477,709.0,2025-08,2026-07
TYS,GUF,26,436.0,2025-08,2026-07
TYS,HOU,55,782.0,2025-08,2026-07
TYS,IAD,94,420.0,2025-08,2026-07
TYS,JAX,105,390.0,2025-08,2026-07
TYS,LAS,118,1739.0,2025-08,2026-07
TYS,LGA,138,647.0,2025-08,2026-07
TYS,MCO,262,532.0,2025-08,2026-07
TYS,MDW,57,459.0,2025-08,2026-07
TYS,MEM,26,342.0,2025-08,2026-07
TYS,MIA,484,724.0,2025-08,2026-07
TYS,MSP,4,792.0,2025-08,2026-07
TYS,OKC,3,766.0,2025-08,2026-07
TYS,ORD,2099,475.0,2025-08,2026-07
TYS,PGD,217,624.0,2025-08,2026-07
TYS,PHL,333,555.0,2025-08,2026-07
TYS,PHX,122,1599.0,2025-08,2026-07
TYS,PIE,519,550.0,2025-08,2026-07
TYS,SBN,10,426.0,2025-08,2026-07
TYS,SFB,635,511.0,2025-08,2026-07
TYS,SRQ,106,586.0,2025-08,2026-07
TYS,TPA,7,547.0,2025-08,2026-07
TYS,VPS,121,395.0,2025-08,2026-07
USA,FLL,168,643.0,2025-08,2026-07
USA,PGD,119,588.0,2025-08,2026-07
USA,PIE,202,528.0,2025-08,2026-07
USA,SFB,192,457.0,2025-08,2026-07
VCT,IAH,582,123.0,2025-08,2026-07
VPS,ATL,2344,250.0,2025-08,2026-07
VPS,AVL,18,412.0,2025-08,2026-07
VPS,BLV,393,587.0,2025-08,2026-07
VPS,BNA,813,389.0,2025-08,2026-07
VPS,BOS,142,1187.0,2025-08,2026-07
VPS,BWI,240,819.0,2025-08,2026-07
VPS,CAK,71,774.0,2025-08,2026-07
VPS,CKB,11,705.0,2025-08,2026-07
VPS,CLT,1170,460.0,2025-08,2026-07
VPS,COU,17,659.0,2025-08,2026-07
VPS,CVG,414,600.0,2025-08,2026-07
VPS,DAL,443,630.0,2025-08,2026-07
VPS,DCA,356,789.0,2025-08,2026-07
VPS,DEN,29,1210.0,2025-08,2026-07
VPS,DFW,1301,641.0,2025-08,2026-07
VPS,DSM,25,860.0,2025-08,2026-07
VPS,DTW,6,828.0,2025-08,2026-07
VPS,EVV,31,524.0,2025-08,2026-07
VPS,EWR,115,988.0,2025-08,2026-07
VPS,FNT,83,874.0,2025-08,2026-07
VPS,GRR,50,857.0,2025-08,2026-07
VPS,HOU,250,527.0,2025-08,2026-07
VPS,HTS,29,589.0,2025-08,2026-07
VPS,IAD,29,778.0,2025-08,2026-07
VPS,ICT,65,796.0,2025-08,2026-07
VPS,IND,89,637.0,2025-08,2026-07
VPS,JFK,102,1001.0,2025-08,2026-07
VPS,LAS,25,1695.0,2025-08,2026-07
VPS,LCK,122,675.0,2025-08,2026-07
VPS,LEX,28,532.0,2025-08,2026-07
VPS,LIT,27,443.0,2025-08,2026-07
VPS,MCI,87,764.0,2025-08,2026-07
VPS,MDW,79,782.0,2025-08,2026-07
VPS,MEM,21,373.0,2025-08,2026-07
VPS,MIA,224,499.0,2025-08,2026-07
VPS,MSP,285,1058.0,2025-08,2026-07
VPS,OKC,55,726.0,2025-08,2026-07
VPS,OMA,31,911.0,2025-08,2026-07
VPS,ORD,317,796.0,2025-08,2026-07
VPS,PHL,14,908.0,2025-08,2026-07
VPS,PIA,40,724.0,2025-08,2026-07
VPS,PIT,88,775.0,2025-08,2026-07
VPS,SDF,130,532.0,2025-08,2026-07
VPS,SGF,59,610.0,2025-08,2026-07
VPS,SHV,25,452.0,2025-08,2026-07
VPS,STL,138,610.0,2025-08,2026-07
VPS,TUL,42,669.0,2025-08,2026-07
VPS,TYS,121,395.0,2025-08,2026-07
VPS,XNA,217,601.0,2025-08,2026-07
VRB,BOS,223,1144.0,2025-08,2026-07
VRB,CLT,168,522.0,2025-08,2026-07
VRB,JFK,212,972.0,2025-08,2026-07
WRG,KTN,350,82.0,2025-08,2026-07
WRG,PSG,348,31.0,2025-08,2026-07
WYS,DEN,206,469.0,2025-08,2026-07
WYS,SLC,146,273.0,2025-08,2026-07
XNA,ATL,1079,589.0,2025-08,2026-07
XNA,AUS,2,462.0,2025-08,2026-07
XNA,AZA,42,1006.0,2025-08,2026-07
XNA,BNA,79,426.0,2025-08,2026-07
XNA,CLT,1433,754.0,2025-08,2026-07
XNA,DCA,362,963.0,2025-08,2026-07
XNA,DEN,1303,616.0,2025-08,2026-07
XNA,DFW,3447,280.0,2025-08,2026-07
XNA,DTW,3,715.0,2025-08,2026-07
XNA,EWR,2,1131.0,2025-08,2026-07
XNA,FLL,82,1092.0,2025-08,2026-07
XNA,GUF,65,563.0,2025-08,2026-07
XNA,IAH,176,438.0,2025-08,2026-07
XNA,LAS,112,1163.0,2025-08,2026-07
XNA,LAX,440,1371.0,2025-08,2026-07
XNA,LGA,851,1147.0,2025-08,2026-07
XNA,MIA,291,1099.0,2025-08,2026-07
XNA,MSP,181,596.0,2025-08,2026-07
XNA,ORD,1804,522.0,2025-08,2026-07
XNA,PHL,460,1067.0,2025-08,2026-07
XNA,PHX,825,1023.0,2025-08,2026-07
XNA,PIE,52,892.0,2025-08,2026-07
XNA,SFB,134,920.0,2025-08,2026-07
XNA,SFO,2,1550.0,2025-08,2026-07
XNA,SLC,360,1004.0,2025-08,2026-07
XNA,VPS,217,601.0,2025-08,2026-07
XWA,DEN,1353,582.0,2025-08,2026-07
XWA,MOT,1,114.0,2025-08,2026-07
XWA,MSP,1021,553.0,2025-08,2026-07
YAK,CDV,347,213.0,2025-08,2026-07
YAK,JNU,351,199.0,2025-08,2026-07
YUM,DFW,360,1022.0,2025-08,2026-07
YUM,PHX,1311,160.0,2025-08,2026-07
